2026-07-26 18:44:14.489 [Loc] Missing key: Rvt Import
2026-07-26 18:44:14.534 [Loc] Missing key: Room & Lift
2026-07-26 18:44:14.620 [Loc] Missing key: Global Settings
2026-07-26 18:44:14.632 [Loc] Missing key: Family
Library
2026-07-26 18:45:20.208 WARNING: DWG SourceUnit missing from session. Fallback to Millimeter.
2026-07-26 18:46:06.113 [DwgImport] DWG Source Unit Detection | File=D:\EMSDRevitPlugs文档相关\20260610-meeting\final version&玻璃幕墙.dwg | LUNITS=Decimal | INSUNITS=Millimeters | DetectedUnit=Millimeter | SuggestedUnit=Millimeter | AskUserConfirm=False | UserConfirmed=False | HasConflict=False | Warning= | RevitImportUnit=Millimeter
2026-07-26 18:46:07.741 [DwgReset.After] Session set, DwgId=1588951, Layers=16, Context=dwg=1588951;level=30;unit=Millimeter
2026-07-26 18:46:07.742 [RoutePlannerSession] MarkDirty reason=DWG import changed model context.
2026-07-26 18:46:07.747 [DwgImport] Imported bounding box looks abnormally large. Please check source DWG units. InstanceId=1588951
2026-07-26 18:46:18.455 [SyncPlan] CurrentSelected=5, History=0, Create=5, Rebuild=0, Delete=0, Skip=0
2026-07-26 18:46:18.477 [Room3DVis] Clear done, Deleted=0.
2026-07-26 18:46:18.486 [WpfGenerationOrder][Create] 1=Walls:ADA2131P, 2=Walls:ADA213G, 3=Walls:ADA214_ _, 4=Columns:ADA280_P, 5=Doors:ADA315_H
2026-07-26 18:46:18.490 [WpfGenerationRun] Action=Create, Category=Walls, Layer=ADA2131P
2026-07-26 18:46:18.491 [RowAction] RowKey=ADA2131P|L30|D1588951, LayerName=ADA2131P, Action=Create, Reason=NewSelected
2026-07-26 18:46:18.542 [RoomText] PathResolver: resolved from DwgSessionManager -> D:\EMSDRevitPlugs文档相关\20260610-meeting\final version&玻璃幕墙.dwg
2026-07-26 18:46:18.547 [RoomText] TransformResolver: Origin=(0.000,0.000,0.000), ScaleApprox=(1.000000,1.000000,1.000000).
2026-07-26 18:46:18.549 [Analyze] DWG Session Source Unit: SourceUnit=Millimeter, Evidence=LUNITS=Decimal; INSUNITS=Millimeters; LUPREC=4; Suggested=Millimeter; AskUserConfirm=False; UserConfirmed=False; RevitImportUnit=Millimeter
2026-07-26 18:46:18.554 [CAD] Runtime detect => Status=Ready, InstallLocation=C:\Program Files\Autodesk\AutoCAD 2023\, Version=24.2.53.0.0, Message=Detected supported AutoCAD 2023 runtime.
2026-07-26 18:46:18.559 [RoomText] AutoCAD Runtime initialized for DWG database read.
2026-07-26 18:46:18.606 [RoomText] DwgTextReader: Path=D:\EMSDRevitPlugs文档相关\20260610-meeting\final version&玻璃幕墙.dwg, Layer=(ALL_TEXTS), Extracted=189.
2026-07-26 18:46:18.608 [RoomText] DwgTextReader full dump: D:\EMSDRevitPlugs\Solution\CadToRevit\CadToRevit\LOG\mvp1_room_texts_20260726_184618_607.csv
2026-07-26 18:46:18.609 [RoomText] DwgTextReader samples: A1  841 x 594 @ (257.73,1.66) | 1:100 @ (264.57,27.46) | ARCHITECTURAL @ (254.86,11.04) | PROPERTY  BRANCH @ (239.41,17.86) | DEPARTMENT @ (254.86,6.08)
2026-07-26 18:46:18.610 [RoomText] DwgTextReader transform samples: Sample: "A1  841 x 594" pCad=(78555.02,504.47,0.00) pFeet=(257.73,1.66,0.00) pRevit=(257.73,1.66,0.00) | Sample: "1:100" pCad=(80640.93,8371.13,0.00) pFeet=(264.57,27.46,0.00) pRevit=(264.57,27.46,0.00) | Sample: "ARCHITECTURAL" pCad=(77680.42,3366.42,0.00) pFeet=(254.86,11.04,0.00) pRevit=(254.86,11.04,0.00)
2026-07-26 18:46:18.614 [Analyze] DWG=location <Not Shared>, ImportId=1588951, Unit=Millimeter, Layers=16, ValidLayers=16, Segments=2680, Arc=89, Polyline=1873, TimeSec=0.09, Status=Success
2026-07-26 18:46:18.643 [RoomText] PathResolver: resolved from DwgSessionManager -> D:\EMSDRevitPlugs文档相关\20260610-meeting\final version&玻璃幕墙.dwg
2026-07-26 18:46:18.644 [RoomText] TransformResolver: Origin=(0.000,0.000,0.000), ScaleApprox=(1.000000,1.000000,1.000000).
2026-07-26 18:46:18.645 [Analyze] DWG Session Source Unit: SourceUnit=Millimeter, Evidence=LUNITS=Decimal; INSUNITS=Millimeters; LUPREC=4; Suggested=Millimeter; AskUserConfirm=False; UserConfirmed=False; RevitImportUnit=Millimeter
2026-07-26 18:46:18.645 [CAD] Runtime detect => Status=Ready, InstallLocation=C:\Program Files\Autodesk\AutoCAD 2023\, Version=24.2.53.0.0, Message=Detected supported AutoCAD 2023 runtime.
2026-07-26 18:46:18.645 [RoomText] DwgTextReader: cache hit, Layer=(ALL_TEXTS), Extracted=189.
2026-07-26 18:46:18.661 [Analyze] DWG=location <Not Shared>, ImportId=1588951, Unit=Millimeter, Layers=16, ValidLayers=16, Segments=2680, Arc=89, Polyline=1873, TimeSec=0.03, Status=Success
2026-07-26 18:46:18.853 [CreatePhase] RowLayer=ADA2131P, FilteredSegmentsLayerStats=ADA2131P:437, MinLengthMm=100.0
2026-07-26 18:46:18.870 [Config] Path=D:\EMSDRevitPlugs\Solution\CadToRevit\CadToRevit\bin\Debug\WallRecognitionConfig.json, DefaultSingleWallThicknessMm=127.00, WallThicknessTolMm=60.00, CurrentDirectory=C:\Program Files\Autodesk\Revit 2024
2026-07-26 18:46:18.875 [WallRecognize] SelectedLayers=ADA2131P, SegmentCount=437, RawLayerNameCounts=ADA2131P:437
2026-07-26 18:46:18.879 [Config] Path=D:\EMSDRevitPlugs\Solution\CadToRevit\CadToRevit\bin\Debug\WallRecognitionConfig.json, DefaultSingleWallThicknessMm=127.00, WallThicknessTolMm=60.00, CurrentDirectory=C:\Program Files\Autodesk\Revit 2024
2026-07-26 18:46:18.880 [Config] Path=D:\EMSDRevitPlugs\Solution\CadToRevit\CadToRevit\bin\Debug\WallRecognitionConfig.json, DefaultSingleWallThicknessMm=127.00, WallThicknessTolMm=60.00, CurrentDirectory=C:\Program Files\Autodesk\Revit 2024
2026-07-26 18:46:18.882 [Override] Override file not found.
2026-07-26 18:46:18.883 [Override] No override entries loaded.
2026-07-26 18:46:18.918 [PairTags] TaggedSegments=130, MinOverlapMm=300.0
2026-07-26 18:46:18.940 [WallRecognize] AutoThicknessPeaks=[70.0, 80.0, 100.0, 110.0, 120.0, 150.0, 200.0, 220.0, 250.0, 270.0, 300.0, 340.0, 350.0, 370.0, 400.0, 410.0, 420.0, 490.0]
2026-07-26 18:46:18.965 [WallRecognize] Peak=70.0mm, Centerlines=6
2026-07-26 18:46:18.974 [WallRecognize] Peak=80.0mm, Centerlines=17
2026-07-26 18:46:18.986 [WallRecognize] Peak=100.0mm, Centerlines=37
2026-07-26 18:46:18.996 [WallRecognize] Peak=110.0mm, Centerlines=38
2026-07-26 18:46:19.007 [WallRecognize] Peak=120.0mm, Centerlines=27
2026-07-26 18:46:19.018 [WallRecognize] Peak=150.0mm, Centerlines=36
2026-07-26 18:46:19.028 [WallRecognize] Peak=200.0mm, Centerlines=3
2026-07-26 18:46:19.039 [WallRecognize] Peak=220.0mm, Centerlines=2
2026-07-26 18:46:19.049 [WallRecognize] Peak=250.0mm, Centerlines=5
2026-07-26 18:46:19.060 [WallRecognize] Peak=270.0mm, Centerlines=7
2026-07-26 18:46:19.071 [WallRecognize] Peak=300.0mm, Centerlines=1
2026-07-26 18:46:19.082 [WallRecognize] Peak=340.0mm, Centerlines=2
2026-07-26 18:46:19.091 [WallRecognize] Peak=350.0mm, Centerlines=2
2026-07-26 18:46:19.102 [WallRecognize] Peak=370.0mm, Centerlines=2
2026-07-26 18:46:19.112 [WallRecognize] Peak=400.0mm, Centerlines=32
2026-07-26 18:46:19.123 [WallRecognize] Peak=410.0mm, Centerlines=33
2026-07-26 18:46:19.135 [WallRecognize] Peak=420.0mm, Centerlines=30
2026-07-26 18:46:19.145 [WallRecognize] Peak=490.0mm, Centerlines=1
2026-07-26 18:46:19.152 [UnionGuard] CandidateThicknessMm=75.0, DominantLenMm=3515.0, MateLenMm=495.0, SupportSegments=2, CoveredMm=495.0, RequiredCoveredMm=750.0, MaxGapMm=0.0, Accepted=False
2026-07-26 18:46:19.152 [UnionGuard] CandidateThicknessMm=99.0, DominantLenMm=7100.0, MateLenMm=3600.0, SupportSegments=3, CoveredMm=7100.0, RequiredCoveredMm=1278.0, MaxGapMm=0.0, Accepted=True
2026-07-26 18:46:19.153 [UnionGuard] CandidateThicknessMm=100.0, DominantLenMm=5135.0, MateLenMm=2820.0, SupportSegments=3, CoveredMm=5020.0, RequiredCoveredMm=924.3, MaxGapMm=115.0, Accepted=True
2026-07-26 18:46:19.153 [UnionGuard] CandidateThicknessMm=75.0, DominantLenMm=3515.0, MateLenMm=495.0, SupportSegments=2, CoveredMm=495.0, RequiredCoveredMm=750.0, MaxGapMm=0.0, Accepted=False
2026-07-26 18:46:19.154 [UnionGuard] CandidateThicknessMm=99.0, DominantLenMm=7100.0, MateLenMm=3600.0, SupportSegments=3, CoveredMm=7100.0, RequiredCoveredMm=1278.0, MaxGapMm=0.0, Accepted=True
2026-07-26 18:46:19.154 [UnionGuard] CandidateThicknessMm=115.0, DominantLenMm=8291.0, MateLenMm=3041.0, SupportSegments=4, CoveredMm=8061.0, RequiredCoveredMm=1492.4, MaxGapMm=115.0, Accepted=True
2026-07-26 18:46:19.154 [UnionGuard] CandidateThicknessMm=115.0, DominantLenMm=5375.0, MateLenMm=2860.0, SupportSegments=3, CoveredMm=5260.0, RequiredCoveredMm=967.5, MaxGapMm=115.0, Accepted=True
2026-07-26 18:46:19.155 [UnionGuard] CandidateThicknessMm=100.0, DominantLenMm=5135.0, MateLenMm=2820.0, SupportSegments=3, CoveredMm=5020.0, RequiredCoveredMm=924.3, MaxGapMm=115.0, Accepted=True
2026-07-26 18:46:19.155 [UnionGuard] CandidateThicknessMm=115.0, DominantLenMm=5885.0, MateLenMm=2300.0, SupportSegments=4, CoveredMm=5655.0, RequiredCoveredMm=1059.3, MaxGapMm=115.0, Accepted=True
2026-07-26 18:46:19.156 [UnionGuard] CandidateThicknessMm=99.0, DominantLenMm=7100.0, MateLenMm=3600.0, SupportSegments=3, CoveredMm=7100.0, RequiredCoveredMm=1278.0, MaxGapMm=0.0, Accepted=True
2026-07-26 18:46:19.156 [UnionGuard] CandidateThicknessMm=115.0, DominantLenMm=8291.0, MateLenMm=3041.0, SupportSegments=4, CoveredMm=8061.0, RequiredCoveredMm=1492.4, MaxGapMm=115.0, Accepted=True
2026-07-26 18:46:19.156 [UnionGuard] CandidateThicknessMm=115.0, DominantLenMm=5375.0, MateLenMm=2860.0, SupportSegments=3, CoveredMm=5260.0, RequiredCoveredMm=967.5, MaxGapMm=115.0, Accepted=True
2026-07-26 18:46:19.157 [UnionGuard] CandidateThicknessMm=100.0, DominantLenMm=5135.0, MateLenMm=2820.0, SupportSegments=3, CoveredMm=5020.0, RequiredCoveredMm=924.3, MaxGapMm=115.0, Accepted=True
2026-07-26 18:46:19.157 [UnionGuard] CandidateThicknessMm=115.0, DominantLenMm=5885.0, MateLenMm=2300.0, SupportSegments=4, CoveredMm=5655.0, RequiredCoveredMm=1059.3, MaxGapMm=115.0, Accepted=True
2026-07-26 18:46:19.158 [UnionGuard] CandidateThicknessMm=115.0, DominantLenMm=8291.0, MateLenMm=3041.0, SupportSegments=4, CoveredMm=8061.0, RequiredCoveredMm=1492.4, MaxGapMm=115.0, Accepted=True
2026-07-26 18:46:19.158 [UnionGuard] CandidateThicknessMm=115.0, DominantLenMm=5375.0, MateLenMm=2860.0, SupportSegments=3, CoveredMm=5260.0, RequiredCoveredMm=967.5, MaxGapMm=115.0, Accepted=True
2026-07-26 18:46:19.158 [UnionGuard] CandidateThicknessMm=115.0, DominantLenMm=5885.0, MateLenMm=2300.0, SupportSegments=4, CoveredMm=5655.0, RequiredCoveredMm=1059.3, MaxGapMm=115.0, Accepted=True
2026-07-26 18:46:19.159 [UnionGuard] CandidateThicknessMm=150.0, DominantLenMm=28800.0, MateLenMm=14700.0, SupportSegments=9, CoveredMm=27500.0, RequiredCoveredMm=5184.0, MaxGapMm=400.0, Accepted=True
2026-07-26 18:46:19.159 [UnionGuard] CandidateThicknessMm=150.0, DominantLenMm=6750.8, MateLenMm=3350.0, SupportSegments=3, CoveredMm=6449.7, RequiredCoveredMm=1215.1, MaxGapMm=299.9, Accepted=True
2026-07-26 18:46:19.160 [UnionGuard] CandidateThicknessMm=195.4, DominantLenMm=3650.0, MateLenMm=1625.0, SupportSegments=2, CoveredMm=1625.0, RequiredCoveredMm=750.0, MaxGapMm=0.0, Accepted=False
2026-07-26 18:46:19.160 [UnionGuard] CandidateThicknessMm=222.6, DominantLenMm=6286.8, MateLenMm=3200.0, SupportSegments=2, CoveredMm=3200.0, RequiredCoveredMm=1131.6, MaxGapMm=0.0, Accepted=False
2026-07-26 18:46:19.160 [UnionGuard] CandidateThicknessMm=267.8, DominantLenMm=6050.0, MateLenMm=1400.0, SupportSegments=2, CoveredMm=1400.0, RequiredCoveredMm=1089.0, MaxGapMm=0.0, Accepted=False
2026-07-26 18:46:19.162 [UnionGuard] CandidateThicknessMm=267.8, DominantLenMm=2450.0, MateLenMm=1300.0, SupportSegments=2, CoveredMm=1300.0, RequiredCoveredMm=750.0, MaxGapMm=0.0, Accepted=False
2026-07-26 18:46:19.163 [UnionGuard] CandidateThicknessMm=270.4, DominantLenMm=3650.0, MateLenMm=1700.0, SupportSegments=2, CoveredMm=1700.0, RequiredCoveredMm=750.0, MaxGapMm=0.0, Accepted=False
2026-07-26 18:46:19.163 [UnionGuard] CandidateThicknessMm=267.8, DominantLenMm=6050.0, MateLenMm=1400.0, SupportSegments=2, CoveredMm=1400.0, RequiredCoveredMm=1089.0, MaxGapMm=0.0, Accepted=False
2026-07-26 18:46:19.164 [UnionGuard] CandidateThicknessMm=267.8, DominantLenMm=2450.0, MateLenMm=1300.0, SupportSegments=2, CoveredMm=1300.0, RequiredCoveredMm=750.0, MaxGapMm=0.0, Accepted=False
2026-07-26 18:46:19.164 [UnionGuard] CandidateThicknessMm=336.4, DominantLenMm=13961.0, MateLenMm=4539.4, SupportSegments=2, CoveredMm=4539.4, RequiredCoveredMm=2513.0, MaxGapMm=0.0, Accepted=False
2026-07-26 18:46:19.166 [UnionGuard] CandidateThicknessMm=345.4, DominantLenMm=3650.0, MateLenMm=1625.0, SupportSegments=2, CoveredMm=1625.0, RequiredCoveredMm=750.0, MaxGapMm=0.0, Accepted=False
2026-07-26 18:46:19.167 [UnionGuard] CandidateThicknessMm=336.4, DominantLenMm=13961.0, MateLenMm=4539.4, SupportSegments=2, CoveredMm=4539.4, RequiredCoveredMm=2513.0, MaxGapMm=0.0, Accepted=False
2026-07-26 18:46:19.169 [UnionGuard] CandidateThicknessMm=345.4, DominantLenMm=3650.0, MateLenMm=1625.0, SupportSegments=2, CoveredMm=1625.0, RequiredCoveredMm=750.0, MaxGapMm=0.0, Accepted=False
2026-07-26 18:46:19.169 [UnionGuard] CandidateThicknessMm=372.6, DominantLenMm=5986.8, MateLenMm=3200.0, SupportSegments=2, CoveredMm=3200.0, RequiredCoveredMm=1077.6, MaxGapMm=0.0, Accepted=False
2026-07-26 18:46:19.169 [UnionGuard] CandidateThicknessMm=372.6, DominantLenMm=6286.8, MateLenMm=3200.0, SupportSegments=2, CoveredMm=3200.0, RequiredCoveredMm=1131.6, MaxGapMm=0.0, Accepted=False
2026-07-26 18:46:19.169 [UnionGuard] CandidateThicknessMm=417.8, DominantLenMm=6050.0, MateLenMm=1400.0, SupportSegments=2, CoveredMm=1400.0, RequiredCoveredMm=1089.0, MaxGapMm=0.0, Accepted=False
2026-07-26 18:46:19.169 [UnionGuard] CandidateThicknessMm=405.4, DominantLenMm=4785.8, MateLenMm=1400.0, SupportSegments=2, CoveredMm=1400.0, RequiredCoveredMm=861.4, MaxGapMm=0.0, Accepted=False
2026-07-26 18:46:19.170 [UnionGuard] CandidateThicknessMm=417.8, DominantLenMm=2449.1, MateLenMm=1300.0, SupportSegments=2, CoveredMm=1300.0, RequiredCoveredMm=750.0, MaxGapMm=0.0, Accepted=False
2026-07-26 18:46:19.170 [UnionGuard] CandidateThicknessMm=400.0, DominantLenMm=5303.3, MateLenMm=1156.7, SupportSegments=2, CoveredMm=1156.7, RequiredCoveredMm=954.6, MaxGapMm=0.0, Accepted=False
2026-07-26 18:46:19.171 [UnionGuard] CandidateThicknessMm=417.8, DominantLenMm=6050.0, MateLenMm=900.0, SupportSegments=2, CoveredMm=900.0, RequiredCoveredMm=1089.0, MaxGapMm=0.0, Accepted=False
2026-07-26 18:46:19.171 [UnionGuard] CandidateThicknessMm=417.8, DominantLenMm=2450.0, MateLenMm=800.0, SupportSegments=2, CoveredMm=800.0, RequiredCoveredMm=750.0, MaxGapMm=0.0, Accepted=False
2026-07-26 18:46:19.171 [UnionGuard] CandidateThicknessMm=405.2, DominantLenMm=2670.4, MateLenMm=1300.0, SupportSegments=2, CoveredMm=1300.0, RequiredCoveredMm=750.0, MaxGapMm=0.0, Accepted=False
2026-07-26 18:46:19.172 [UnionGuard] CandidateThicknessMm=420.4, DominantLenMm=3650.0, MateLenMm=1700.0, SupportSegments=2, CoveredMm=1700.0, RequiredCoveredMm=750.0, MaxGapMm=0.0, Accepted=False
2026-07-26 18:46:19.172 [UnionGuard] CandidateThicknessMm=417.8, DominantLenMm=6050.0, MateLenMm=1400.0, SupportSegments=2, CoveredMm=1400.0, RequiredCoveredMm=1089.0, MaxGapMm=0.0, Accepted=False
2026-07-26 18:46:19.172 [UnionGuard] CandidateThicknessMm=405.4, DominantLenMm=4785.8, MateLenMm=1400.0, SupportSegments=2, CoveredMm=1400.0, RequiredCoveredMm=861.4, MaxGapMm=0.0, Accepted=False
2026-07-26 18:46:19.173 [UnionGuard] CandidateThicknessMm=417.8, DominantLenMm=2449.1, MateLenMm=1300.0, SupportSegments=2, CoveredMm=1300.0, RequiredCoveredMm=750.0, MaxGapMm=0.0, Accepted=False
2026-07-26 18:46:19.173 [UnionGuard] CandidateThicknessMm=400.0, DominantLenMm=5303.3, MateLenMm=1156.7, SupportSegments=2, CoveredMm=1156.7, RequiredCoveredMm=954.6, MaxGapMm=0.0, Accepted=False
2026-07-26 18:46:19.174 [UnionGuard] CandidateThicknessMm=417.8, DominantLenMm=6050.0, MateLenMm=900.0, SupportSegments=2, CoveredMm=900.0, RequiredCoveredMm=1089.0, MaxGapMm=0.0, Accepted=False
2026-07-26 18:46:19.174 [UnionGuard] CandidateThicknessMm=417.8, DominantLenMm=2450.0, MateLenMm=800.0, SupportSegments=2, CoveredMm=800.0, RequiredCoveredMm=750.0, MaxGapMm=0.0, Accepted=False
2026-07-26 18:46:19.174 [UnionGuard] CandidateThicknessMm=405.2, DominantLenMm=2670.4, MateLenMm=1300.0, SupportSegments=2, CoveredMm=1300.0, RequiredCoveredMm=750.0, MaxGapMm=0.0, Accepted=False
2026-07-26 18:46:19.175 [UnionGuard] CandidateThicknessMm=420.4, DominantLenMm=3650.0, MateLenMm=1700.0, SupportSegments=2, CoveredMm=1700.0, RequiredCoveredMm=750.0, MaxGapMm=0.0, Accepted=False
2026-07-26 18:46:19.175 [UnionGuard] CandidateThicknessMm=417.8, DominantLenMm=6050.0, MateLenMm=1400.0, SupportSegments=2, CoveredMm=1400.0, RequiredCoveredMm=1089.0, MaxGapMm=0.0, Accepted=False
2026-07-26 18:46:19.176 [UnionGuard] CandidateThicknessMm=405.4, DominantLenMm=4785.8, MateLenMm=1400.0, SupportSegments=2, CoveredMm=1400.0, RequiredCoveredMm=861.4, MaxGapMm=0.0, Accepted=False
2026-07-26 18:46:19.176 [UnionGuard] CandidateThicknessMm=417.8, DominantLenMm=2449.1, MateLenMm=1300.0, SupportSegments=2, CoveredMm=1300.0, RequiredCoveredMm=750.0, MaxGapMm=0.0, Accepted=False
2026-07-26 18:46:19.177 [UnionGuard] CandidateThicknessMm=400.0, DominantLenMm=5303.3, MateLenMm=1156.7, SupportSegments=2, CoveredMm=1156.7, RequiredCoveredMm=954.6, MaxGapMm=0.0, Accepted=False
2026-07-26 18:46:19.177 [UnionGuard] CandidateThicknessMm=417.8, DominantLenMm=6050.0, MateLenMm=900.0, SupportSegments=2, CoveredMm=900.0, RequiredCoveredMm=1089.0, MaxGapMm=0.0, Accepted=False
2026-07-26 18:46:19.178 [UnionGuard] CandidateThicknessMm=417.8, DominantLenMm=2450.0, MateLenMm=800.0, SupportSegments=2, CoveredMm=800.0, RequiredCoveredMm=750.0, MaxGapMm=0.0, Accepted=False
2026-07-26 18:46:19.178 [UnionGuard] CandidateThicknessMm=405.2, DominantLenMm=2670.4, MateLenMm=1300.0, SupportSegments=2, CoveredMm=1300.0, RequiredCoveredMm=750.0, MaxGapMm=0.0, Accepted=False
2026-07-26 18:46:19.179 [UnionGuard] CandidateThicknessMm=486.4, DominantLenMm=13961.0, MateLenMm=4389.4, SupportSegments=2, CoveredMm=4389.4, RequiredCoveredMm=2513.0, MaxGapMm=0.0, Accepted=False
2026-07-26 18:46:19.231 [WallRecognize] Stage1DoubleLine=242, Stage2SingleLine=198, SuspiciousDoubleLineEdges=4, FilteredByMinLength=0, TargetThicknessMm=200.00, TolMm=60.00
2026-07-26 18:46:19.489 [WallStats] Merged=440, Refined=355, Clustered=6, ExtendedTotal=892, CollinearMerged=0, DuplicateRemoved=85
2026-07-26 18:46:20.740 [WallCreated] Id=1589144, Mid=(170.9482,149.9180,0.0000), SourceRawLayer=ADA2131P, ThicknessMm=75.00
2026-07-26 18:46:20.743 [WallCreated] Id=1589145, Mid=(174.3110,149.9180,0.0000), SourceRawLayer=ADA2131P, ThicknessMm=75.00
2026-07-26 18:46:20.746 [WallCreated] Id=1589146, Mid=(167.5853,149.9180,0.0000), SourceRawLayer=ADA2131P, ThicknessMm=75.00
2026-07-26 18:46:20.748 [WallCreated] Id=1589147, Mid=(172.4984,152.5755,0.0000), SourceRawLayer=ADA2131P, ThicknessMm=75.00
2026-07-26 18:46:20.749 [WallCreated] Id=1589148, Mid=(169.1355,152.5755,0.0000), SourceRawLayer=ADA2131P, ThicknessMm=75.00
2026-07-26 18:46:20.785 [WallCreated] Id=1589149, Mid=(199.3602,64.1732,0.0000), SourceRawLayer=ADA2131P, ThicknessMm=95.00
2026-07-26 18:46:20.801 [WallCreated] Id=1589150, Mid=(105.0689,78.6745,0.0000), SourceRawLayer=ADA2131P, ThicknessMm=99.05
2026-07-26 18:46:20.802 [WallCreated] Id=1589151, Mid=(67.6509,79.1503,0.0000), SourceRawLayer=ADA2131P, ThicknessMm=99.05
2026-07-26 18:46:20.802 [WallCreated] Id=1589152, Mid=(130.8399,115.6496,0.0000), SourceRawLayer=ADA2131P, ThicknessMm=99.05
2026-07-26 18:46:20.818 [WallCreated] Id=1589153, Mid=(201.2139,107.7592,0.0000), SourceRawLayer=ADA2131P, ThicknessMm=100.00
2026-07-26 18:46:20.819 [WallCreated] Id=1589154, Mid=(92.3556,71.5059,0.0000), SourceRawLayer=ADA2131P, ThicknessMm=100.00
2026-07-26 18:46:20.820 [WallCreated] Id=1589155, Mid=(54.9049,71.9652,0.0000), SourceRawLayer=ADA2131P, ThicknessMm=100.00
2026-07-26 18:46:20.820 [WallCreated] Id=1589156, Mid=(118.3727,108.4974,0.0000), SourceRawLayer=ADA2131P, ThicknessMm=100.00
2026-07-26 18:46:20.821 [WallCreated] Id=1589157, Mid=(89.2552,129.2487,0.0000), SourceRawLayer=ADA2131P, ThicknessMm=100.00
2026-07-26 18:46:20.822 [WallCreated] Id=1589158, Mid=(77.3622,129.2487,0.0000), SourceRawLayer=ADA2131P, ThicknessMm=100.00
2026-07-26 18:46:20.822 [WallCreated] Id=1589159, Mid=(172.6214,95.9482,0.0000), SourceRawLayer=ADA2131P, ThicknessMm=100.00
2026-07-26 18:46:20.823 [WallCreated] Id=1589160, Mid=(65.5512,129.2487,0.0000), SourceRawLayer=ADA2131P, ThicknessMm=100.00
2026-07-26 18:46:20.842 [WallCreated] Id=1589161, Mid=(184.9163,62.5328,0.0000), SourceRawLayer=ADA2131P, ThicknessMm=110.00
2026-07-26 18:46:20.843 [WallCreated] Id=1589162, Mid=(185.0640,61.2041,0.0000), SourceRawLayer=ADA2131P, ThicknessMm=110.00
2026-07-26 18:46:20.844 [WallCreated] Id=1589163, Mid=(185.0640,55.9219,0.0000), SourceRawLayer=ADA2131P, ThicknessMm=110.00
2026-07-26 18:46:20.858 [WallCreated] Id=1589164, Mid=(56.1188,129.2323,0.0000), SourceRawLayer=ADA2131P, ThicknessMm=111.85
2026-07-26 18:46:20.877 [FailureIntercept] Severity=Warning, Id=988a6cb2-7050-4a5c-a946-60d652df66c3, Text=Highlighted walls overlap. One of them may be ignored when Revit finds room boundaries. Use Cut Geometry to embed one wall within the other.
2026-07-26 18:46:20.884 [WallCreated] Id=1589166, Mid=(192.1588,85.8022,0.0000), SourceRawLayer=ADA2131P, ThicknessMm=115.00
2026-07-26 18:46:20.885 [WallCreated] Id=1589167, Mid=(181.2172,74.1306,0.0000), SourceRawLayer=ADA2131P, ThicknessMm=115.00
2026-07-26 18:46:20.885 [WallCreated] Id=1589168, Mid=(72.6542,143.6844,0.0000), SourceRawLayer=ADA2131P, ThicknessMm=115.00
2026-07-26 18:46:20.886 [WallCreated] Id=1589169, Mid=(181.2172,105.5282,0.0000), SourceRawLayer=ADA2131P, ThicknessMm=115.00
2026-07-26 18:46:20.887 [WallCreated] Id=1589170, Mid=(192.1588,137.4754,0.0000), SourceRawLayer=ADA2131P, ThicknessMm=115.00
2026-07-26 18:46:20.887 [WallCreated] Id=1589171, Mid=(170.7349,135.9416,0.0000), SourceRawLayer=ADA2131P, ThicknessMm=115.00
2026-07-26 18:46:20.888 [WallCreated] Id=1589172, Mid=(200.4101,121.7028,0.0000), SourceRawLayer=ADA2131P, ThicknessMm=115.00
2026-07-26 18:46:20.889 [WallCreated] Id=1589173, Mid=(177.7805,123.6713,0.0000), SourceRawLayer=ADA2131P, ThicknessMm=115.00
2026-07-26 18:46:20.889 [WallCreated] Id=1589174, Mid=(186.6388,115.7480,0.0000), SourceRawLayer=ADA2131P, ThicknessMm=115.00
2026-07-26 18:46:20.890 [WallCreated] Id=1589175, Mid=(201.2139,127.7395,0.0000), SourceRawLayer=ADA2131P, ThicknessMm=115.00
2026-07-26 18:46:20.890 [WallCreated] Id=1589176, Mid=(168.9879,104.1503,0.0000), SourceRawLayer=ADA2131P, ThicknessMm=115.00
2026-07-26 18:46:20.891 [WallCreated] Id=1589177, Mid=(168.6352,111.8602,0.0000), SourceRawLayer=ADA2131P, ThicknessMm=115.00
2026-07-26 18:46:20.891 [WallCreated] Id=1589178, Mid=(173.6220,117.7575,0.0000), SourceRawLayer=ADA2131P, ThicknessMm=115.00
2026-07-26 18:46:20.892 [WallCreated] Id=1589179, Mid=(173.6220,100.2133,0.0000), SourceRawLayer=ADA2131P, ThicknessMm=115.00
2026-07-26 18:46:20.893 [WallCreated] Id=1589180, Mid=(192.1588,117.9298,0.0000), SourceRawLayer=ADA2131P, ThicknessMm=115.00
2026-07-26 18:46:20.893 [WallCreated] Id=1589181, Mid=(181.2172,119.5620,0.0000), SourceRawLayer=ADA2131P, ThicknessMm=115.00
2026-07-26 18:46:20.894 [WallCreated] Id=1589182, Mid=(177.6001,115.7480,0.0000), SourceRawLayer=ADA2131P, ThicknessMm=115.00
2026-07-26 18:46:20.927 [WallCreated] Id=1589183, Mid=(95.5381,141.4124,0.0000), SourceRawLayer=ADA2131P, ThicknessMm=118.83
2026-07-26 18:46:20.928 [WallCreated] Id=1589184, Mid=(95.5545,151.8045,0.0000), SourceRawLayer=ADA2131P, ThicknessMm=119.40
2026-07-26 18:46:20.928 [WallCreated] Id=1589185, Mid=(95.5545,132.5295,0.0000), SourceRawLayer=ADA2131P, ThicknessMm=119.40
2026-07-26 18:46:20.929 [WallCreated] Id=1589186, Mid=(95.5545,156.8898,0.0000), SourceRawLayer=ADA2131P, ThicknessMm=119.40
2026-07-26 18:46:20.946 [WallCreated] Id=1589187, Mid=(163.9764,129.6096,0.0000), SourceRawLayer=ADA2131P, ThicknessMm=122.85
2026-07-26 18:46:20.957 [WallCreated] Id=1589188, Mid=(94.4226,158.2021,0.0000), SourceRawLayer=ADA2131P, ThicknessMm=150.00
2026-07-26 18:46:20.958 [WallCreated] Id=1589189, Mid=(142.7329,146.3911,0.0000), SourceRawLayer=ADA2131P, ThicknessMm=150.00
2026-07-26 18:46:20.959 [WallCreated] Id=1589190, Mid=(129.8556,100.9514,0.0000), SourceRawLayer=ADA2131P, ThicknessMm=150.12
2026-07-26 18:46:20.959 [WallCreated] Id=1589191, Mid=(66.3878,64.4521,0.0000), SourceRawLayer=ADA2131P, ThicknessMm=150.00
2026-07-26 18:46:20.960 [WallCreated] Id=1589192, Mid=(103.8386,63.9764,0.0000), SourceRawLayer=ADA2131P, ThicknessMm=150.00
2026-07-26 18:46:20.961 [WallCreated] Id=1589193, Mid=(47.4245,119.1601,0.0000), SourceRawLayer=ADA2131P, ThicknessMm=150.00
2026-07-26 18:46:20.961 [WallCreated] Id=1589194, Mid=(66.1007,102.1818,0.0000), SourceRawLayer=ADA2131P, ThicknessMm=150.00
2026-07-26 18:46:20.963 [WallCreated] Id=1589195, Mid=(47.4245,137.3688,0.0000), SourceRawLayer=ADA2131P, ThicknessMm=150.00
2026-07-26 18:46:20.964 [WallCreated] Id=1589196, Mid=(184.7277,157.7592,0.0000), SourceRawLayer=ADA2131P, ThicknessMm=150.00
2026-07-26 18:46:20.965 [WallCreated] Id=1589197, Mid=(56.0367,109.7851,0.0000), SourceRawLayer=ADA2131P, ThicknessMm=149.99
2026-07-26 18:46:20.966 [WallCreated] Id=1589198, Mid=(76.1647,109.7851,0.0000), SourceRawLayer=ADA2131P, ThicknessMm=150.49
2026-07-26 18:46:20.967 [WallCreated] Id=1589199, Mid=(47.4245,151.3205,0.0000), SourceRawLayer=ADA2131P, ThicknessMm=150.00
2026-07-26 18:46:20.968 [WallCreated] Id=1589200, Mid=(175.3281,153.1168,0.0000), SourceRawLayer=ADA2131P, ThicknessMm=150.00
2026-07-26 18:46:20.968 [WallCreated] Id=1589201, Mid=(142.7329,112.2703,0.0000), SourceRawLayer=ADA2131P, ThicknessMm=150.00
2026-07-26 18:46:20.969 [WallCreated] Id=1589202, Mid=(112.7953,100.9514,0.0000), SourceRawLayer=ADA2131P, ThicknessMm=150.00
2026-07-26 18:46:20.970 [WallCreated] Id=1589203, Mid=(100.9843,100.9514,0.0000), SourceRawLayer=ADA2131P, ThicknessMm=150.00
2026-07-26 18:46:20.971 [WallCreated] Id=1589204, Mid=(89.1732,100.9514,0.0000), SourceRawLayer=ADA2131P, ThicknessMm=150.00
2026-07-26 18:46:20.972 [WallCreated] Id=1589205, Mid=(77.3622,100.9514,0.0000), SourceRawLayer=ADA2131P, ThicknessMm=150.00
2026-07-26 18:46:20.973 [WallCreated] Id=1589206, Mid=(65.5512,100.9514,0.0000), SourceRawLayer=ADA2131P, ThicknessMm=150.00
2026-07-26 18:46:20.974 [WallCreated] Id=1589207, Mid=(53.7402,100.9514,0.0000), SourceRawLayer=ADA2131P, ThicknessMm=150.00
2026-07-26 18:46:20.974 [WallCreated] Id=1589208, Mid=(116.7159,69.2831,0.0000), SourceRawLayer=ADA2131P, ThicknessMm=149.99
2026-07-26 18:46:20.975 [WallCreated] Id=1589209, Mid=(79.2651,69.7425,0.0000), SourceRawLayer=ADA2131P, ThicknessMm=149.99
2026-07-26 18:46:20.976 [WallCreated] Id=1589210, Mid=(172.9167,146.8832,0.0000), SourceRawLayer=ADA2131P, ThicknessMm=150.00
2026-07-26 18:46:20.977 [WallCreated] Id=1589211, Mid=(177.5427,152.3212,0.0000), SourceRawLayer=ADA2131P, ThicknessMm=150.00
2026-07-26 18:46:20.977 [WallCreated] Id=1589212, Mid=(192.4377,152.8707,0.0000), SourceRawLayer=ADA2131P, ThicknessMm=150.00
2026-07-26 18:46:20.978 [WallCreated] Id=1589213, Mid=(47.4245,105.2165,0.0000), SourceRawLayer=ADA2131P, ThicknessMm=150.00
2026-07-26 18:46:20.980 [WallCreated] Id=1589214, Mid=(51.5092,115.5512,0.0000), SourceRawLayer=ADA2131P, ThicknessMm=150.00
2026-07-26 18:46:20.980 [WallCreated] Id=1589215, Mid=(51.5092,108.6614,0.0000), SourceRawLayer=ADA2131P, ThicknessMm=150.00
2026-07-26 18:46:20.982 [WallCreated] Id=1589216, Mid=(51.5092,104.8885,0.0000), SourceRawLayer=ADA2131P, ThicknessMm=150.00
2026-07-26 18:46:20.983 [WallCreated] Id=1589217, Mid=(51.5092,111.4501,0.0000), SourceRawLayer=ADA2131P, ThicknessMm=150.00
2026-07-26 18:46:20.983 [WallCreated] Id=1589218, Mid=(116.7159,77.1079,0.0000), SourceRawLayer=ADA2131P, ThicknessMm=150.00
2026-07-26 18:46:20.984 [WallCreated] Id=1589219, Mid=(79.2651,77.5837,0.0000), SourceRawLayer=ADA2131P, ThicknessMm=150.00
2026-07-26 18:46:20.984 [WallCreated] Id=1589220, Mid=(54.2159,113.5007,0.0000), SourceRawLayer=ADA2131P, ThicknessMm=150.00
2026-07-26 18:46:20.985 [WallCreated] Id=1589221, Mid=(48.8025,113.5007,0.0000), SourceRawLayer=ADA2131P, ThicknessMm=150.00
2026-07-26 18:46:20.986 [WallCreated] Id=1589222, Mid=(54.2159,106.7749,0.0000), SourceRawLayer=ADA2131P, ThicknessMm=150.00
2026-07-26 18:46:20.986 [WallCreated] Id=1589223, Mid=(48.8025,106.7749,0.0000), SourceRawLayer=ADA2131P, ThicknessMm=150.00
2026-07-26 18:46:21.034 [WallCreated] Id=1589224, Mid=(187.0817,52.4770,0.0000), SourceRawLayer=ADA2131P, ThicknessMm=200.00
2026-07-26 18:46:21.034 [WallCreated] Id=1589225, Mid=(187.0817,159.4324,0.0000), SourceRawLayer=ADA2131P, ThicknessMm=200.00
2026-07-26 18:46:21.036 [WallCreated] Id=1589226, Mid=(61.4993,116.9783,0.0000), SourceRawLayer=ADA2131P, ThicknessMm=200.00
2026-07-26 18:46:21.037 [WallCreated] Id=1589227, Mid=(70.7021,116.9783,0.0000), SourceRawLayer=ADA2131P, ThicknessMm=200.00
2026-07-26 18:46:21.037 [WallCreated] Id=1589228, Mid=(55.7907,110.8596,0.0000), SourceRawLayer=ADA2131P, ThicknessMm=200.00
2026-07-26 18:46:21.038 [WallCreated] Id=1589229, Mid=(205.4626,115.7972,0.0000), SourceRawLayer=ADA2131P, ThicknessMm=200.00
2026-07-26 18:46:21.039 [WallCreated] Id=1589230, Mid=(200.5823,116.1253,0.0000), SourceRawLayer=ADA2131P, ThicknessMm=200.00
2026-07-26 18:46:21.039 [WallCreated] Id=1589231, Mid=(192.2326,107.9232,0.0000), SourceRawLayer=ADA2131P, ThicknessMm=200.00
2026-07-26 18:46:21.040 [WallCreated] Id=1589232, Mid=(181.3976,115.4117,0.0000), SourceRawLayer=ADA2131P, ThicknessMm=200.00
2026-07-26 18:46:21.040 [WallCreated] Id=1589233, Mid=(181.3648,115.4117,0.0000), SourceRawLayer=ADA2131P, ThicknessMm=200.00
2026-07-26 18:46:21.041 [WallCreated] Id=1589234, Mid=(181.2336,112.2703,0.0000), SourceRawLayer=ADA2131P, ThicknessMm=200.00
2026-07-26 18:46:21.042 [WallCreated] Id=1589235, Mid=(163.8451,95.7841,0.0000), SourceRawLayer=ADA2131P, ThicknessMm=200.00
2026-07-26 18:46:21.043 [WallCreated] Id=1589236, Mid=(163.8451,96.1122,0.0000), SourceRawLayer=ADA2131P, ThicknessMm=200.00
2026-07-26 18:46:21.043 [WallCreated] Id=1589237, Mid=(181.2336,95.1280,0.0000), SourceRawLayer=ADA2131P, ThicknessMm=200.00
2026-07-26 18:46:21.044 [WallCreated] Id=1589238, Mid=(173.4498,104.0026,0.0000), SourceRawLayer=ADA2131P, ThicknessMm=200.00
2026-07-26 18:46:21.045 [WallCreated] Id=1589239, Mid=(173.4498,111.9915,0.0000), SourceRawLayer=ADA2131P, ThicknessMm=200.00
2026-07-26 18:46:21.045 [WallCreated] Id=1589240, Mid=(173.9665,115.5512,0.0000), SourceRawLayer=ADA2131P, ThicknessMm=200.00
2026-07-26 18:46:21.046 [WallCreated] Id=1589241, Mid=(191.7077,123.5236,0.0000), SourceRawLayer=ADA2131P, ThicknessMm=200.00
2026-07-26 18:46:21.047 [WallCreated] Id=1589242, Mid=(191.7077,123.8025,0.0000), SourceRawLayer=ADA2131P, ThicknessMm=200.00
2026-07-26 18:46:21.047 [WallCreated] Id=1589243, Mid=(191.6421,115.6004,0.0000), SourceRawLayer=ADA2131P, ThicknessMm=200.00
2026-07-26 18:46:21.048 [WallCreated] Id=1589244, Mid=(53.8058,108.2513,0.0000), SourceRawLayer=ADA2131P, ThicknessMm=200.00
2026-07-26 18:46:21.049 [WallCreated] Id=1589245, Mid=(49.2126,108.2513,0.0000), SourceRawLayer=ADA2131P, ThicknessMm=200.00
2026-07-26 18:46:21.050 [WallCreated] Id=1589246, Mid=(49.2126,105.2986,0.0000), SourceRawLayer=ADA2131P, ThicknessMm=200.00
2026-07-26 18:46:21.050 [WallCreated] Id=1589247, Mid=(53.8058,105.2986,0.0000), SourceRawLayer=ADA2131P, ThicknessMm=200.00
2026-07-26 18:46:21.051 [WallCreated] Id=1589248, Mid=(53.8058,115.1411,0.0000), SourceRawLayer=ADA2131P, ThicknessMm=200.00
2026-07-26 18:46:21.051 [WallCreated] Id=1589249, Mid=(53.7976,111.8438,0.0000), SourceRawLayer=ADA2131P, ThicknessMm=200.00
2026-07-26 18:46:21.052 [WallCreated] Id=1589250, Mid=(49.2290,111.8438,0.0000), SourceRawLayer=ADA2131P, ThicknessMm=200.00
2026-07-26 18:46:21.053 [WallCreated] Id=1589251, Mid=(49.2126,115.1411,0.0000), SourceRawLayer=ADA2131P, ThicknessMm=200.00
2026-07-26 18:46:21.053 [WallCreated] Id=1589252, Mid=(142.7329,135.1542,0.0000), SourceRawLayer=ADA2131P, ThicknessMm=200.00
2026-07-26 18:46:21.054 [WallCreated] Id=1589253, Mid=(95.5463,157.7920,0.0000), SourceRawLayer=ADA2131P, ThicknessMm=200.00
2026-07-26 18:46:21.054 [WallCreated] Id=1589254, Mid=(95.5463,155.8235,0.0000), SourceRawLayer=ADA2131P, ThicknessMm=200.00
2026-07-26 18:46:21.055 [WallCreated] Id=1589255, Mid=(192.2326,104.3143,0.0000), SourceRawLayer=ADA2131P, ThicknessMm=200.00
2026-07-26 18:46:21.056 [WallCreated] Id=1589256, Mid=(181.2336,92.5033,0.0000), SourceRawLayer=ADA2131P, ThicknessMm=200.00
2026-07-26 18:46:21.057 [WallCreated] Id=1589257, Mid=(192.2326,107.5951,0.0000), SourceRawLayer=ADA2131P, ThicknessMm=200.00
2026-07-26 18:46:21.058 [WallCreated] Id=1589258, Mid=(191.8799,64.1568,0.0000), SourceRawLayer=ADA2131P, ThicknessMm=200.00
2026-07-26 18:46:21.058 [WallCreated] Id=1589259, Mid=(192.3064,107.7592,0.0000), SourceRawLayer=ADA2131P, ThicknessMm=200.00
2026-07-26 18:46:21.059 [WallCreated] Id=1589260, Mid=(192.2326,111.2041,0.0000), SourceRawLayer=ADA2131P, ThicknessMm=200.00
2026-07-26 18:46:21.060 [WallCreated] Id=1589261, Mid=(210.3182,119.4062,0.0000), SourceRawLayer=ADA2131P, ThicknessMm=200.00
2026-07-26 18:46:21.060 [WallCreated] Id=1589262, Mid=(210.3182,119.7343,0.0000), SourceRawLayer=ADA2131P, ThicknessMm=200.00
2026-07-26 18:46:21.061 [WallCreated] Id=1589263, Mid=(210.3182,115.7972,0.0000), SourceRawLayer=ADA2131P, ThicknessMm=200.00
2026-07-26 18:46:21.061 [WallCreated] Id=1589264, Mid=(210.3182,116.1253,0.0000), SourceRawLayer=ADA2131P, ThicknessMm=200.00
2026-07-26 18:46:21.062 [WallCreated] Id=1589265, Mid=(210.3182,107.5951,0.0000), SourceRawLayer=ADA2131P, ThicknessMm=200.00
2026-07-26 18:46:21.063 [WallCreated] Id=1589266, Mid=(210.3182,107.9232,0.0000), SourceRawLayer=ADA2131P, ThicknessMm=200.00
2026-07-26 18:46:21.063 [WallCreated] Id=1589267, Mid=(210.3182,103.9862,0.0000), SourceRawLayer=ADA2131P, ThicknessMm=200.00
2026-07-26 18:46:21.064 [WallCreated] Id=1589268, Mid=(210.3182,104.3143,0.0000), SourceRawLayer=ADA2131P, ThicknessMm=200.00
2026-07-26 18:46:21.065 [WallCreated] Id=1589269, Mid=(192.2162,128.3136,0.0000), SourceRawLayer=ADA2131P, ThicknessMm=200.00
2026-07-26 18:46:21.066 [WallCreated] Id=1589270, Mid=(176.9685,135.9498,0.0000), SourceRawLayer=ADA2131P, ThicknessMm=200.00
2026-07-26 18:46:21.066 [WallCreated] Id=1589271, Mid=(210.3182,72.1621,0.0000), SourceRawLayer=ADA2131P, ThicknessMm=200.00
2026-07-26 18:46:21.067 [WallCreated] Id=1589272, Mid=(210.3182,72.4902,0.0000), SourceRawLayer=ADA2131P, ThicknessMm=200.00
2026-07-26 18:46:21.068 [WallCreated] Id=1589273, Mid=(210.3182,68.5531,0.0000), SourceRawLayer=ADA2131P, ThicknessMm=200.00
2026-07-26 18:46:21.068 [WallCreated] Id=1589274, Mid=(210.3182,68.8812,0.0000), SourceRawLayer=ADA2131P, ThicknessMm=200.00
2026-07-26 18:46:21.069 [WallCreated] Id=1589275, Mid=(181.0696,61.8684,0.0000), SourceRawLayer=ADA2131P, ThicknessMm=200.00
2026-07-26 18:46:21.069 [WallCreated] Id=1589276, Mid=(188.7303,61.8684,0.0000), SourceRawLayer=ADA2131P, ThicknessMm=200.00
2026-07-26 18:46:21.070 [WallCreated] Id=1589277, Mid=(188.4350,55.8481,0.0000), SourceRawLayer=ADA2131P, ThicknessMm=200.00
2026-07-26 18:46:21.071 [WallCreated] Id=1589278, Mid=(163.8451,72.4902,0.0000), SourceRawLayer=ADA2131P, ThicknessMm=200.00
2026-07-26 18:46:21.071 [WallCreated] Id=1589279, Mid=(163.8451,72.1621,0.0000), SourceRawLayer=ADA2131P, ThicknessMm=200.00
2026-07-26 18:46:21.072 [WallCreated] Id=1589280, Mid=(163.8451,68.5531,0.0000), SourceRawLayer=ADA2131P, ThicknessMm=200.00
2026-07-26 18:46:21.073 [WallCreated] Id=1589281, Mid=(163.8451,68.8812,0.0000), SourceRawLayer=ADA2131P, ThicknessMm=200.00
2026-07-26 18:46:21.073 [WallCreated] Id=1589282, Mid=(167.4541,146.8832,0.0000), SourceRawLayer=ADA2131P, ThicknessMm=200.00
2026-07-26 18:46:21.074 [WallCreated] Id=1589283, Mid=(210.3182,56.7421,0.0000), SourceRawLayer=ADA2131P, ThicknessMm=200.00
2026-07-26 18:46:21.075 [WallCreated] Id=1589284, Mid=(210.3182,57.0702,0.0000), SourceRawLayer=ADA2131P, ThicknessMm=200.00
2026-07-26 18:46:21.075 [WallCreated] Id=1589285, Mid=(210.3182,60.3510,0.0000), SourceRawLayer=ADA2131P, ThicknessMm=200.00
2026-07-26 18:46:21.076 [WallCreated] Id=1589286, Mid=(210.3182,60.6791,0.0000), SourceRawLayer=ADA2131P, ThicknessMm=200.00
2026-07-26 18:46:21.076 [WallCreated] Id=1589287, Mid=(210.3182,96.1122,0.0000), SourceRawLayer=ADA2131P, ThicknessMm=200.00
2026-07-26 18:46:21.077 [WallCreated] Id=1589288, Mid=(210.3182,95.7841,0.0000), SourceRawLayer=ADA2131P, ThicknessMm=200.00
2026-07-26 18:46:21.078 [WallCreated] Id=1589289, Mid=(210.3182,92.1752,0.0000), SourceRawLayer=ADA2131P, ThicknessMm=200.00
2026-07-26 18:46:21.078 [WallCreated] Id=1589290, Mid=(210.3182,92.5033,0.0000), SourceRawLayer=ADA2131P, ThicknessMm=200.00
2026-07-26 18:46:21.078 [WallCreated] Id=1589291, Mid=(210.3182,84.3012,0.0000), SourceRawLayer=ADA2131P, ThicknessMm=200.00
2026-07-26 18:46:21.079 [WallCreated] Id=1589292, Mid=(210.3182,83.9731,0.0000), SourceRawLayer=ADA2131P, ThicknessMm=200.00
2026-07-26 18:46:21.079 [WallCreated] Id=1589293, Mid=(210.3182,80.3642,0.0000), SourceRawLayer=ADA2131P, ThicknessMm=200.00
2026-07-26 18:46:21.080 [WallCreated] Id=1589294, Mid=(210.3182,80.6923,0.0000), SourceRawLayer=ADA2131P, ThicknessMm=200.00
2026-07-26 18:46:21.081 [WallCreated] Id=1589295, Mid=(163.8451,60.3510,0.0000), SourceRawLayer=ADA2131P, ThicknessMm=200.00
2026-07-26 18:46:21.082 [WallCreated] Id=1589296, Mid=(163.8451,60.6791,0.0000), SourceRawLayer=ADA2131P, ThicknessMm=200.00
2026-07-26 18:46:21.083 [WallCreated] Id=1589297, Mid=(163.8451,56.7421,0.0000), SourceRawLayer=ADA2131P, ThicknessMm=200.00
2026-07-26 18:46:21.083 [WallCreated] Id=1589298, Mid=(163.8451,57.0702,0.0000), SourceRawLayer=ADA2131P, ThicknessMm=200.00
2026-07-26 18:46:21.084 [WallCreated] Id=1589299, Mid=(163.8451,83.9731,0.0000), SourceRawLayer=ADA2131P, ThicknessMm=200.00
2026-07-26 18:46:21.085 [WallCreated] Id=1589300, Mid=(163.8451,84.3012,0.0000), SourceRawLayer=ADA2131P, ThicknessMm=200.00
2026-07-26 18:46:21.085 [WallCreated] Id=1589301, Mid=(163.8451,80.3642,0.0000), SourceRawLayer=ADA2131P, ThicknessMm=200.00
2026-07-26 18:46:21.086 [WallCreated] Id=1589302, Mid=(163.8451,80.6923,0.0000), SourceRawLayer=ADA2131P, ThicknessMm=200.00
2026-07-26 18:46:21.087 [WallCreated] Id=1589303, Mid=(163.8451,92.1752,0.0000), SourceRawLayer=ADA2131P, ThicknessMm=200.00
2026-07-26 18:46:21.088 [WallCreated] Id=1589304, Mid=(163.8451,92.5033,0.0000), SourceRawLayer=ADA2131P, ThicknessMm=200.00
2026-07-26 18:46:21.089 [WallCreated] Id=1589305, Mid=(163.8451,107.9232,0.0000), SourceRawLayer=ADA2131P, ThicknessMm=200.00
2026-07-26 18:46:21.090 [WallCreated] Id=1589306, Mid=(163.8451,107.5951,0.0000), SourceRawLayer=ADA2131P, ThicknessMm=200.00
2026-07-26 18:46:21.090 [WallCreated] Id=1589307, Mid=(163.8451,103.9862,0.0000), SourceRawLayer=ADA2131P, ThicknessMm=200.00
2026-07-26 18:46:21.092 [WallCreated] Id=1589308, Mid=(163.8451,104.3143,0.0000), SourceRawLayer=ADA2131P, ThicknessMm=200.00
2026-07-26 18:46:21.092 [WallCreated] Id=1589309, Mid=(163.8451,119.4062,0.0000), SourceRawLayer=ADA2131P, ThicknessMm=200.00
2026-07-26 18:46:21.093 [WallCreated] Id=1589310, Mid=(163.8451,119.7343,0.0000), SourceRawLayer=ADA2131P, ThicknessMm=200.00
2026-07-26 18:46:21.094 [WallCreated] Id=1589311, Mid=(163.8451,115.7972,0.0000), SourceRawLayer=ADA2131P, ThicknessMm=200.00
2026-07-26 18:46:21.094 [WallCreated] Id=1589312, Mid=(163.8451,116.1253,0.0000), SourceRawLayer=ADA2131P, ThicknessMm=200.00
2026-07-26 18:46:21.095 [WallCreated] Id=1589313, Mid=(210.3182,127.9364,0.0000), SourceRawLayer=ADA2131P, ThicknessMm=200.00
2026-07-26 18:46:21.096 [WallCreated] Id=1589314, Mid=(210.3182,127.6083,0.0000), SourceRawLayer=ADA2131P, ThicknessMm=200.00
2026-07-26 18:46:21.096 [WallCreated] Id=1589315, Mid=(192.0112,128.1250,0.0000), SourceRawLayer=ADA2131P, ThicknessMm=200.00
2026-07-26 18:46:21.097 [WallCreated] Id=1589316, Mid=(210.3182,131.2172,0.0000), SourceRawLayer=ADA2131P, ThicknessMm=200.00
2026-07-26 18:46:21.098 [WallCreated] Id=1589317, Mid=(210.3182,131.5453,0.0000), SourceRawLayer=ADA2131P, ThicknessMm=200.00
2026-07-26 18:46:21.099 [WallCreated] Id=1589318, Mid=(210.3182,139.5833,0.0000), SourceRawLayer=ADA2131P, ThicknessMm=200.00
2026-07-26 18:46:21.099 [WallCreated] Id=1589319, Mid=(210.3182,139.7474,0.0000), SourceRawLayer=ADA2131P, ThicknessMm=200.00
2026-07-26 18:46:21.100 [WallCreated] Id=1589320, Mid=(210.3182,139.4193,0.0000), SourceRawLayer=ADA2131P, ThicknessMm=200.00
2026-07-26 18:46:21.101 [WallCreated] Id=1589321, Mid=(210.3182,143.0282,0.0000), SourceRawLayer=ADA2131P, ThicknessMm=200.00
2026-07-26 18:46:21.101 [WallCreated] Id=1589322, Mid=(210.3182,143.1923,0.0000), SourceRawLayer=ADA2131P, ThicknessMm=200.00
2026-07-26 18:46:21.102 [WallCreated] Id=1589323, Mid=(210.3182,143.3563,0.0000), SourceRawLayer=ADA2131P, ThicknessMm=200.00
2026-07-26 18:46:21.238 [FailureIntercept] Severity=Warning, Id=988a6cb2-7050-4a5c-a946-60d652df66c3, Text=Highlighted walls overlap. One of them may be ignored when Revit finds room boundaries. Use Cut Geometry to embed one wall within the other.
2026-07-26 18:46:21.239 [FailureIntercept] Severity=Warning, Id=988a6cb2-7050-4a5c-a946-60d652df66c3, Text=Highlighted walls overlap. One of them may be ignored when Revit finds room boundaries. Use Cut Geometry to embed one wall within the other.
2026-07-26 18:46:21.239 [FailureIntercept] Severity=Warning, Id=988a6cb2-7050-4a5c-a946-60d652df66c3, Text=Highlighted walls overlap. One of them may be ignored when Revit finds room boundaries. Use Cut Geometry to embed one wall within the other.
2026-07-26 18:46:21.239 [FailureIntercept] Severity=Warning, Id=988a6cb2-7050-4a5c-a946-60d652df66c3, Text=Highlighted walls overlap. One of them may be ignored when Revit finds room boundaries. Use Cut Geometry to embed one wall within the other.
2026-07-26 18:46:21.239 [FailureIntercept] Severity=Warning, Id=988a6cb2-7050-4a5c-a946-60d652df66c3, Text=Highlighted walls overlap. One of them may be ignored when Revit finds room boundaries. Use Cut Geometry to embed one wall within the other.
2026-07-26 18:46:21.240 [FailureIntercept] Severity=Warning, Id=988a6cb2-7050-4a5c-a946-60d652df66c3, Text=Highlighted walls overlap. One of them may be ignored when Revit finds room boundaries. Use Cut Geometry to embed one wall within the other.
2026-07-26 18:46:21.240 [FailureIntercept] Severity=Warning, Id=988a6cb2-7050-4a5c-a946-60d652df66c3, Text=Highlighted walls overlap. One of them may be ignored when Revit finds room boundaries. Use Cut Geometry to embed one wall within the other.
2026-07-26 18:46:21.240 [FailureIntercept] Severity=Warning, Id=988a6cb2-7050-4a5c-a946-60d652df66c3, Text=Highlighted walls overlap. One of them may be ignored when Revit finds room boundaries. Use Cut Geometry to embed one wall within the other.
2026-07-26 18:46:21.241 [FailureIntercept] Severity=Warning, Id=988a6cb2-7050-4a5c-a946-60d652df66c3, Text=Highlighted walls overlap. One of them may be ignored when Revit finds room boundaries. Use Cut Geometry to embed one wall within the other.
2026-07-26 18:46:21.241 [FailureIntercept] Severity=Warning, Id=988a6cb2-7050-4a5c-a946-60d652df66c3, Text=Highlighted walls overlap. One of them may be ignored when Revit finds room boundaries. Use Cut Geometry to embed one wall within the other.
2026-07-26 18:46:21.241 [FailureIntercept] Severity=Warning, Id=988a6cb2-7050-4a5c-a946-60d652df66c3, Text=Highlighted walls overlap. One of them may be ignored when Revit finds room boundaries. Use Cut Geometry to embed one wall within the other.
2026-07-26 18:46:21.242 [FailureIntercept] Severity=Warning, Id=988a6cb2-7050-4a5c-a946-60d652df66c3, Text=Highlighted walls overlap. One of them may be ignored when Revit finds room boundaries. Use Cut Geometry to embed one wall within the other.
2026-07-26 18:46:21.242 [FailureIntercept] Severity=Warning, Id=988a6cb2-7050-4a5c-a946-60d652df66c3, Text=Highlighted walls overlap. One of them may be ignored when Revit finds room boundaries. Use Cut Geometry to embed one wall within the other.
2026-07-26 18:46:21.242 [FailureIntercept] Severity=Warning, Id=988a6cb2-7050-4a5c-a946-60d652df66c3, Text=Highlighted walls overlap. One of them may be ignored when Revit finds room boundaries. Use Cut Geometry to embed one wall within the other.
2026-07-26 18:46:21.242 [FailureIntercept] Severity=Warning, Id=988a6cb2-7050-4a5c-a946-60d652df66c3, Text=Highlighted walls overlap. One of them may be ignored when Revit finds room boundaries. Use Cut Geometry to embed one wall within the other.
2026-07-26 18:46:21.242 [FailureIntercept] Severity=Warning, Id=988a6cb2-7050-4a5c-a946-60d652df66c3, Text=Highlighted walls overlap. One of them may be ignored when Revit finds room boundaries. Use Cut Geometry to embed one wall within the other.
2026-07-26 18:46:21.243 [FailureIntercept] Severity=Warning, Id=988a6cb2-7050-4a5c-a946-60d652df66c3, Text=Highlighted walls overlap. One of them may be ignored when Revit finds room boundaries. Use Cut Geometry to embed one wall within the other.
2026-07-26 18:46:21.243 [FailureIntercept] Severity=Warning, Id=988a6cb2-7050-4a5c-a946-60d652df66c3, Text=Highlighted walls overlap. One of them may be ignored when Revit finds room boundaries. Use Cut Geometry to embed one wall within the other.
2026-07-26 18:46:21.243 [FailureIntercept] Severity=Warning, Id=988a6cb2-7050-4a5c-a946-60d652df66c3, Text=Highlighted walls overlap. One of them may be ignored when Revit finds room boundaries. Use Cut Geometry to embed one wall within the other.
2026-07-26 18:46:21.243 [FailureIntercept] Severity=Warning, Id=988a6cb2-7050-4a5c-a946-60d652df66c3, Text=Highlighted walls overlap. One of them may be ignored when Revit finds room boundaries. Use Cut Geometry to embed one wall within the other.
2026-07-26 18:46:21.244 [FailureIntercept] Severity=Warning, Id=988a6cb2-7050-4a5c-a946-60d652df66c3, Text=Highlighted walls overlap. One of them may be ignored when Revit finds room boundaries. Use Cut Geometry to embed one wall within the other.
2026-07-26 18:46:21.244 [FailureIntercept] Severity=Warning, Id=988a6cb2-7050-4a5c-a946-60d652df66c3, Text=Highlighted walls overlap. One of them may be ignored when Revit finds room boundaries. Use Cut Geometry to embed one wall within the other.
2026-07-26 18:46:21.244 [FailureIntercept] Severity=Warning, Id=988a6cb2-7050-4a5c-a946-60d652df66c3, Text=Highlighted walls overlap. One of them may be ignored when Revit finds room boundaries. Use Cut Geometry to embed one wall within the other.
2026-07-26 18:46:21.244 [FailureIntercept] Severity=Warning, Id=988a6cb2-7050-4a5c-a946-60d652df66c3, Text=Highlighted walls overlap. One of them may be ignored when Revit finds room boundaries. Use Cut Geometry to embed one wall within the other.
2026-07-26 18:46:21.245 [FailureIntercept] Severity=Warning, Id=988a6cb2-7050-4a5c-a946-60d652df66c3, Text=Highlighted walls overlap. One of them may be ignored when Revit finds room boundaries. Use Cut Geometry to embed one wall within the other.
2026-07-26 18:46:21.245 [FailureIntercept] Severity=Warning, Id=988a6cb2-7050-4a5c-a946-60d652df66c3, Text=Highlighted walls overlap. One of them may be ignored when Revit finds room boundaries. Use Cut Geometry to embed one wall within the other.
2026-07-26 18:46:21.246 [FailureIntercept] Severity=Warning, Id=988a6cb2-7050-4a5c-a946-60d652df66c3, Text=Highlighted walls overlap. One of them may be ignored when Revit finds room boundaries. Use Cut Geometry to embed one wall within the other.
2026-07-26 18:46:21.246 [FailureIntercept] Severity=Warning, Id=988a6cb2-7050-4a5c-a946-60d652df66c3, Text=Highlighted walls overlap. One of them may be ignored when Revit finds room boundaries. Use Cut Geometry to embed one wall within the other.
2026-07-26 18:46:21.246 [FailureIntercept] Severity=Warning, Id=988a6cb2-7050-4a5c-a946-60d652df66c3, Text=Highlighted walls overlap. One of them may be ignored when Revit finds room boundaries. Use Cut Geometry to embed one wall within the other.
2026-07-26 18:46:21.247 [FailureIntercept] Severity=Warning, Id=988a6cb2-7050-4a5c-a946-60d652df66c3, Text=Highlighted walls overlap. One of them may be ignored when Revit finds room boundaries. Use Cut Geometry to embed one wall within the other.
2026-07-26 18:46:21.247 [FailureIntercept] Severity=Warning, Id=988a6cb2-7050-4a5c-a946-60d652df66c3, Text=Highlighted walls overlap. One of them may be ignored when Revit finds room boundaries. Use Cut Geometry to embed one wall within the other.
2026-07-26 18:46:21.247 [FailureIntercept] Severity=Warning, Id=988a6cb2-7050-4a5c-a946-60d652df66c3, Text=Highlighted walls overlap. One of them may be ignored when Revit finds room boundaries. Use Cut Geometry to embed one wall within the other.
2026-07-26 18:46:21.248 [FailureIntercept] Severity=Warning, Id=988a6cb2-7050-4a5c-a946-60d652df66c3, Text=Highlighted walls overlap. One of them may be ignored when Revit finds room boundaries. Use Cut Geometry to embed one wall within the other.
2026-07-26 18:46:21.248 [FailureIntercept] Severity=Warning, Id=988a6cb2-7050-4a5c-a946-60d652df66c3, Text=Highlighted walls overlap. One of them may be ignored when Revit finds room boundaries. Use Cut Geometry to embed one wall within the other.
2026-07-26 18:46:21.248 [FailureIntercept] Severity=Warning, Id=988a6cb2-7050-4a5c-a946-60d652df66c3, Text=Highlighted walls overlap. One of them may be ignored when Revit finds room boundaries. Use Cut Geometry to embed one wall within the other.
2026-07-26 18:46:21.277 [WallCreated] Id=1589359, Mid=(163.8451,143.1923,0.0000), SourceRawLayer=ADA2131P, ThicknessMm=200.00
2026-07-26 18:46:21.278 [WallCreated] Id=1589360, Mid=(163.8451,143.3563,0.0000), SourceRawLayer=ADA2131P, ThicknessMm=200.00
2026-07-26 18:46:21.279 [WallCreated] Id=1589361, Mid=(163.8451,143.0282,0.0000), SourceRawLayer=ADA2131P, ThicknessMm=200.00
2026-07-26 18:46:21.279 [WallCreated] Id=1589362, Mid=(163.8451,139.4193,0.0000), SourceRawLayer=ADA2131P, ThicknessMm=200.00
2026-07-26 18:46:21.280 [WallCreated] Id=1589363, Mid=(163.8451,139.5833,0.0000), SourceRawLayer=ADA2131P, ThicknessMm=200.00
2026-07-26 18:46:21.281 [WallCreated] Id=1589364, Mid=(163.8451,139.7474,0.0000), SourceRawLayer=ADA2131P, ThicknessMm=200.00
2026-07-26 18:46:21.281 [WallCreated] Id=1589365, Mid=(210.3182,155.1673,0.0000), SourceRawLayer=ADA2131P, ThicknessMm=200.00
2026-07-26 18:46:21.282 [WallCreated] Id=1589366, Mid=(210.3182,154.8392,0.0000), SourceRawLayer=ADA2131P, ThicknessMm=200.00
2026-07-26 18:46:21.283 [WallCreated] Id=1589367, Mid=(210.3182,151.2303,0.0000), SourceRawLayer=ADA2131P, ThicknessMm=200.00
2026-07-26 18:46:21.284 [WallCreated] Id=1589368, Mid=(210.3182,151.5584,0.0000), SourceRawLayer=ADA2131P, ThicknessMm=200.00
2026-07-26 18:46:21.284 [WallCreated] Id=1589369, Mid=(163.8451,154.8392,0.0000), SourceRawLayer=ADA2131P, ThicknessMm=200.00
2026-07-26 18:46:21.285 [WallCreated] Id=1589370, Mid=(163.8451,155.1673,0.0000), SourceRawLayer=ADA2131P, ThicknessMm=200.00
2026-07-26 18:46:21.286 [WallCreated] Id=1589371, Mid=(163.8451,151.2303,0.0000), SourceRawLayer=ADA2131P, ThicknessMm=200.00
2026-07-26 18:46:21.286 [WallCreated] Id=1589372, Mid=(163.8451,151.5584,0.0000), SourceRawLayer=ADA2131P, ThicknessMm=200.00
2026-07-26 18:46:21.287 [WallCreated] Id=1589373, Mid=(189.2552,147.2933,0.0000), SourceRawLayer=ADA2131P, ThicknessMm=200.00
2026-07-26 18:46:21.287 [WallCreated] Id=1589374, Mid=(181.2500,147.2933,0.0000), SourceRawLayer=ADA2131P, ThicknessMm=200.00
2026-07-26 18:46:21.287 [WallCreated] Id=1589375, Mid=(210.3182,52.8051,0.0000), SourceRawLayer=ADA2131P, ThicknessMm=200.00
2026-07-26 18:46:21.289 [WallCreated] Id=1589376, Mid=(212.9429,52.8051,0.0000), SourceRawLayer=ADA2131P, ThicknessMm=200.00
2026-07-26 18:46:21.290 [WallCreated] Id=1589377, Mid=(161.2205,52.8051,0.0000), SourceRawLayer=ADA2131P, ThicknessMm=200.00
2026-07-26 18:46:21.290 [WallCreated] Id=1589378, Mid=(164.1732,52.8051,0.0000), SourceRawLayer=ADA2131P, ThicknessMm=200.00
2026-07-26 18:46:21.291 [WallCreated] Id=1589379, Mid=(210.3182,64.6243,0.0000), SourceRawLayer=ADA2131P, ThicknessMm=200.00
2026-07-26 18:46:21.292 [WallCreated] Id=1589380, Mid=(212.9429,64.6243,0.0000), SourceRawLayer=ADA2131P, ThicknessMm=200.00
2026-07-26 18:46:21.292 [WallCreated] Id=1589381, Mid=(161.2205,64.6243,0.0000), SourceRawLayer=ADA2131P, ThicknessMm=200.00
2026-07-26 18:46:21.293 [WallCreated] Id=1589382, Mid=(163.8451,64.6243,0.0000), SourceRawLayer=ADA2131P, ThicknessMm=200.00
2026-07-26 18:46:21.294 [WallCreated] Id=1589383, Mid=(210.3182,76.4272,0.0000), SourceRawLayer=ADA2131P, ThicknessMm=200.00
2026-07-26 18:46:21.295 [WallCreated] Id=1589384, Mid=(212.9429,76.4272,0.0000), SourceRawLayer=ADA2131P, ThicknessMm=200.00
2026-07-26 18:46:21.295 [WallCreated] Id=1589385, Mid=(161.2205,76.4272,0.0000), SourceRawLayer=ADA2131P, ThicknessMm=200.00
2026-07-26 18:46:21.296 [WallCreated] Id=1589386, Mid=(163.8451,76.4272,0.0000), SourceRawLayer=ADA2131P, ThicknessMm=200.00
2026-07-26 18:46:21.296 [WallCreated] Id=1589387, Mid=(210.3182,88.2382,0.0000), SourceRawLayer=ADA2131P, ThicknessMm=200.00
2026-07-26 18:46:21.297 [WallCreated] Id=1589388, Mid=(212.9429,88.2382,0.0000), SourceRawLayer=ADA2131P, ThicknessMm=200.00
2026-07-26 18:46:21.298 [WallCreated] Id=1589389, Mid=(161.2205,88.2382,0.0000), SourceRawLayer=ADA2131P, ThicknessMm=200.00
2026-07-26 18:46:21.299 [WallCreated] Id=1589390, Mid=(163.8451,88.2382,0.0000), SourceRawLayer=ADA2131P, ThicknessMm=200.00
2026-07-26 18:46:21.299 [WallCreated] Id=1589391, Mid=(210.3182,100.0492,0.0000), SourceRawLayer=ADA2131P, ThicknessMm=200.00
2026-07-26 18:46:21.300 [WallCreated] Id=1589392, Mid=(212.9429,100.0492,0.0000), SourceRawLayer=ADA2131P, ThicknessMm=200.00
2026-07-26 18:46:21.301 [WallCreated] Id=1589393, Mid=(161.2205,100.0492,0.0000), SourceRawLayer=ADA2131P, ThicknessMm=200.00
2026-07-26 18:46:21.302 [WallCreated] Id=1589394, Mid=(163.8451,100.0492,0.0000), SourceRawLayer=ADA2131P, ThicknessMm=200.00
2026-07-26 18:46:21.302 [WallCreated] Id=1589395, Mid=(210.3182,111.8602,0.0000), SourceRawLayer=ADA2131P, ThicknessMm=200.00
2026-07-26 18:46:21.303 [WallCreated] Id=1589396, Mid=(212.9429,111.8602,0.0000), SourceRawLayer=ADA2131P, ThicknessMm=200.00
2026-07-26 18:46:21.303 [WallCreated] Id=1589397, Mid=(161.2205,111.8602,0.0000), SourceRawLayer=ADA2131P, ThicknessMm=200.00
2026-07-26 18:46:21.304 [WallCreated] Id=1589398, Mid=(163.8451,111.8602,0.0000), SourceRawLayer=ADA2131P, ThicknessMm=200.00
2026-07-26 18:46:21.305 [WallCreated] Id=1589399, Mid=(210.3182,123.6713,0.0000), SourceRawLayer=ADA2131P, ThicknessMm=200.00
2026-07-26 18:46:21.305 [WallCreated] Id=1589400, Mid=(212.9429,123.6713,0.0000), SourceRawLayer=ADA2131P, ThicknessMm=200.00
2026-07-26 18:46:21.306 [WallCreated] Id=1589401, Mid=(161.2205,123.6713,0.0000), SourceRawLayer=ADA2131P, ThicknessMm=200.00
2026-07-26 18:46:21.307 [WallCreated] Id=1589402, Mid=(163.8451,123.6713,0.0000), SourceRawLayer=ADA2131P, ThicknessMm=200.00
2026-07-26 18:46:21.308 [WallCreated] Id=1589403, Mid=(210.3182,135.4823,0.0000), SourceRawLayer=ADA2131P, ThicknessMm=200.00
2026-07-26 18:46:21.309 [WallCreated] Id=1589404, Mid=(212.9429,135.4823,0.0000), SourceRawLayer=ADA2131P, ThicknessMm=200.00
2026-07-26 18:46:21.310 [WallCreated] Id=1589405, Mid=(161.2205,135.4823,0.0000), SourceRawLayer=ADA2131P, ThicknessMm=200.00
2026-07-26 18:46:21.311 [WallCreated] Id=1589406, Mid=(163.8451,135.4823,0.0000), SourceRawLayer=ADA2131P, ThicknessMm=200.00
2026-07-26 18:46:21.312 [WallCreated] Id=1589407, Mid=(210.3182,147.2933,0.0000), SourceRawLayer=ADA2131P, ThicknessMm=200.00
2026-07-26 18:46:21.312 [WallCreated] Id=1589408, Mid=(212.9429,147.2933,0.0000), SourceRawLayer=ADA2131P, ThicknessMm=200.00
2026-07-26 18:46:21.313 [WallCreated] Id=1589409, Mid=(161.2205,147.2933,0.0000), SourceRawLayer=ADA2131P, ThicknessMm=200.00
2026-07-26 18:46:21.315 [WallCreated] Id=1589410, Mid=(164.1732,147.2933,0.0000), SourceRawLayer=ADA2131P, ThicknessMm=200.00
2026-07-26 18:46:21.316 [WallCreated] Id=1589411, Mid=(209.9902,159.1043,0.0000), SourceRawLayer=ADA2131P, ThicknessMm=200.00
2026-07-26 18:46:21.317 [WallCreated] Id=1589412, Mid=(212.9429,159.1043,0.0000), SourceRawLayer=ADA2131P, ThicknessMm=200.00
2026-07-26 18:46:21.318 [WallCreated] Id=1589413, Mid=(161.2205,159.1043,0.0000), SourceRawLayer=ADA2131P, ThicknessMm=200.00
2026-07-26 18:46:21.320 [WallCreated] Id=1589414, Mid=(164.1732,159.1043,0.0000), SourceRawLayer=ADA2131P, ThicknessMm=200.00
2026-07-26 18:46:21.322 [WallCreated] Id=1589415, Mid=(187.1555,61.8602,0.0000), SourceRawLayer=ADA2131P, ThicknessMm=200.00
2026-07-26 18:46:21.322 [WallCreated] Id=1589416, Mid=(187.1555,61.8766,0.0000), SourceRawLayer=ADA2131P, ThicknessMm=200.00
2026-07-26 18:46:21.323 [WallCreated] Id=1589417, Mid=(47.4245,108.9075,0.0000), SourceRawLayer=ADA2131P, ThicknessMm=200.00
2026-07-26 18:46:21.324 [WallCreated] Id=1589418, Mid=(47.4245,114.4849,0.0000), SourceRawLayer=ADA2131P, ThicknessMm=200.00
2026-07-26 18:46:21.325 [WallCreated] Id=1589419, Mid=(47.4245,144.3406,0.0000), SourceRawLayer=ADA2131P, ThicknessMm=200.00
2026-07-26 18:46:21.325 [WallCreated] Id=1589420, Mid=(47.4245,149.9180,0.0000), SourceRawLayer=ADA2131P, ThicknessMm=200.00
2026-07-26 18:46:21.406 [FailureIntercept] Severity=Warning, Id=988a6cb2-7050-4a5c-a946-60d652df66c3, Text=Highlighted walls overlap. One of them may be ignored when Revit finds room boundaries. Use Cut Geometry to embed one wall within the other.
2026-07-26 18:46:21.406 [FailureIntercept] Severity=Warning, Id=988a6cb2-7050-4a5c-a946-60d652df66c3, Text=Highlighted walls overlap. One of them may be ignored when Revit finds room boundaries. Use Cut Geometry to embed one wall within the other.
2026-07-26 18:46:21.406 [FailureIntercept] Severity=Warning, Id=988a6cb2-7050-4a5c-a946-60d652df66c3, Text=Highlighted walls overlap. One of them may be ignored when Revit finds room boundaries. Use Cut Geometry to embed one wall within the other.
2026-07-26 18:46:21.406 [FailureIntercept] Severity=Warning, Id=988a6cb2-7050-4a5c-a946-60d652df66c3, Text=Highlighted walls overlap. One of them may be ignored when Revit finds room boundaries. Use Cut Geometry to embed one wall within the other.
2026-07-26 18:46:21.407 [FailureIntercept] Severity=Warning, Id=988a6cb2-7050-4a5c-a946-60d652df66c3, Text=Highlighted walls overlap. One of them may be ignored when Revit finds room boundaries. Use Cut Geometry to embed one wall within the other.
2026-07-26 18:46:21.407 [FailureIntercept] Severity=Warning, Id=988a6cb2-7050-4a5c-a946-60d652df66c3, Text=Highlighted walls overlap. One of them may be ignored when Revit finds room boundaries. Use Cut Geometry to embed one wall within the other.
2026-07-26 18:46:21.407 [FailureIntercept] Severity=Warning, Id=988a6cb2-7050-4a5c-a946-60d652df66c3, Text=Highlighted walls overlap. One of them may be ignored when Revit finds room boundaries. Use Cut Geometry to embed one wall within the other.
2026-07-26 18:46:21.433 [WallCreated] Id=1589428, Mid=(95.0623,105.0525,0.0000), SourceRawLayer=ADA2131P, ThicknessMm=250.07
2026-07-26 18:46:21.435 [WallCreated] Id=1589429, Mid=(95.0295,115.3871,0.0000), SourceRawLayer=ADA2131P, ThicknessMm=250.21
2026-07-26 18:46:21.435 [WallCreated] Id=1589430, Mid=(103.6745,110.2198,0.0000), SourceRawLayer=ADA2131P, ThicknessMm=250.00
2026-07-26 18:46:21.452 [WallCreated] Id=1589431, Mid=(86.4173,110.2198,0.0000), SourceRawLayer=ADA2131P, ThicknessMm=270.91
2026-07-26 18:46:21.466 [WallCreated] Id=1589432, Mid=(184.9163,61.8602,0.0000), SourceRawLayer=ADA2131P, ThicknessMm=295.00
2026-07-26 18:46:21.478 [FailureIntercept] Severity=Warning, Id=988a6cb2-7050-4a5c-a946-60d652df66c3, Text=Highlighted walls overlap. One of them may be ignored when Revit finds room boundaries. Use Cut Geometry to embed one wall within the other.
2026-07-26 18:46:21.482 [WallCreated] Id=1589434, Mid=(73.4170,116.9783,0.0000), SourceRawLayer=ADA2131P, ThicknessMm=400.00
2026-07-26 18:46:21.483 [WallCreated] Id=1589435, Mid=(58.8091,116.9783,0.0000), SourceRawLayer=ADA2131P, ThicknessMm=400.00
2026-07-26 18:46:21.484 [WallCreated] Id=1589436, Mid=(211.6306,52.8051,0.0000), SourceRawLayer=ADA2131P, ThicknessMm=400.00
2026-07-26 18:46:21.484 [WallCreated] Id=1589437, Mid=(211.6306,64.6161,0.0000), SourceRawLayer=ADA2131P, ThicknessMm=400.00
2026-07-26 18:46:21.486 [WallCreated] Id=1589438, Mid=(211.6306,76.4272,0.0000), SourceRawLayer=ADA2131P, ThicknessMm=400.00
2026-07-26 18:46:21.487 [WallCreated] Id=1589439, Mid=(211.6306,88.2382,0.0000), SourceRawLayer=ADA2131P, ThicknessMm=400.00
2026-07-26 18:46:21.487 [WallCreated] Id=1589440, Mid=(211.6306,100.0492,0.0000), SourceRawLayer=ADA2131P, ThicknessMm=400.00
2026-07-26 18:46:21.488 [WallCreated] Id=1589441, Mid=(211.6306,111.8602,0.0000), SourceRawLayer=ADA2131P, ThicknessMm=400.00
2026-07-26 18:46:21.489 [WallCreated] Id=1589442, Mid=(211.6306,123.6713,0.0000), SourceRawLayer=ADA2131P, ThicknessMm=400.00
2026-07-26 18:46:21.489 [WallCreated] Id=1589443, Mid=(211.6306,135.4823,0.0000), SourceRawLayer=ADA2131P, ThicknessMm=400.00
2026-07-26 18:46:21.490 [WallCreated] Id=1589444, Mid=(211.6306,147.2933,0.0000), SourceRawLayer=ADA2131P, ThicknessMm=400.00
2026-07-26 18:46:21.491 [WallCreated] Id=1589445, Mid=(211.6306,159.1043,0.0000), SourceRawLayer=ADA2131P, ThicknessMm=400.00
2026-07-26 18:46:21.492 [WallCreated] Id=1589446, Mid=(162.5328,52.8051,0.0000), SourceRawLayer=ADA2131P, ThicknessMm=400.00
2026-07-26 18:46:21.493 [WallCreated] Id=1589447, Mid=(162.5328,64.6161,0.0000), SourceRawLayer=ADA2131P, ThicknessMm=400.00
2026-07-26 18:46:21.494 [WallCreated] Id=1589448, Mid=(162.5328,76.4272,0.0000), SourceRawLayer=ADA2131P, ThicknessMm=400.00
2026-07-26 18:46:21.494 [WallCreated] Id=1589449, Mid=(162.5328,88.2382,0.0000), SourceRawLayer=ADA2131P, ThicknessMm=400.00
2026-07-26 18:46:21.495 [WallCreated] Id=1589450, Mid=(162.5328,100.0492,0.0000), SourceRawLayer=ADA2131P, ThicknessMm=400.00
2026-07-26 18:46:21.496 [WallCreated] Id=1589451, Mid=(162.5328,111.8602,0.0000), SourceRawLayer=ADA2131P, ThicknessMm=400.00
2026-07-26 18:46:21.497 [WallCreated] Id=1589452, Mid=(162.5328,123.6713,0.0000), SourceRawLayer=ADA2131P, ThicknessMm=400.00
2026-07-26 18:46:21.498 [WallCreated] Id=1589453, Mid=(162.5328,135.4823,0.0000), SourceRawLayer=ADA2131P, ThicknessMm=400.00
2026-07-26 18:46:21.499 [WallCreated] Id=1589454, Mid=(162.5328,147.2933,0.0000), SourceRawLayer=ADA2131P, ThicknessMm=400.00
2026-07-26 18:46:21.500 [WallCreated] Id=1589455, Mid=(162.5328,159.1043,0.0000), SourceRawLayer=ADA2131P, ThicknessMm=400.00
2026-07-26 18:46:21.501 [WallCreated] Id=1589456, Mid=(190.8054,147.2933,0.0000), SourceRawLayer=ADA2131P, ThicknessMm=400.00
2026-07-26 18:46:21.544 [WallCreated] Id=1589457, Mid=(184.9163,62.0407,0.0000), SourceRawLayer=ADA2131P, ThicknessMm=405.00
2026-07-26 18:46:21.544 [WallCreated] Id=1589458, Mid=(185.0640,61.6798,0.0000), SourceRawLayer=ADA2131P, ThicknessMm=405.00
2026-07-26 18:46:21.560 [FailureIntercept] Severity=Warning, Id=988a6cb2-7050-4a5c-a946-60d652df66c3, Text=Highlighted walls overlap. One of them may be ignored when Revit finds room boundaries. Use Cut Geometry to embed one wall within the other.
2026-07-26 18:46:21.561 [FailureIntercept] Severity=Warning, Id=988a6cb2-7050-4a5c-a946-60d652df66c3, Text=Highlighted walls overlap. One of them may be ignored when Revit finds room boundaries. Use Cut Geometry to embed one wall within the other.
2026-07-26 18:46:21.561 [FailureIntercept] Severity=Warning, Id=988a6cb2-7050-4a5c-a946-60d652df66c3, Text=Highlighted walls overlap. One of them may be ignored when Revit finds room boundaries. Use Cut Geometry to embed one wall within the other.
2026-07-26 18:46:21.561 [FailureIntercept] Severity=Warning, Id=988a6cb2-7050-4a5c-a946-60d652df66c3, Text=Highlighted walls overlap. One of them may be ignored when Revit finds room boundaries. Use Cut Geometry to embed one wall within the other.
2026-07-26 18:46:21.562 [FailureIntercept] Severity=Warning, Id=988a6cb2-7050-4a5c-a946-60d652df66c3, Text=Highlighted walls overlap. One of them may be ignored when Revit finds room boundaries. Use Cut Geometry to embed one wall within the other.
2026-07-26 18:46:21.562 [FailureIntercept] Severity=Warning, Id=988a6cb2-7050-4a5c-a946-60d652df66c3, Text=Highlighted walls overlap. One of them may be ignored when Revit finds room boundaries. Use Cut Geometry to embed one wall within the other.
2026-07-26 18:46:21.625 [LiftGeometry] Lift=Service Lift, GeometryResolved=True, Layers=[DT001], CenterMode=XIntersection, Center=20164,33344, Dimension=5910 x 4130 x 2500 mm, DoorSize=5910 x 2300 mm, BoundaryPointCount=5
2026-07-26 18:46:21.626 [LiftGeometry] Lift=Passenger Lift, GeometryResolved=True, Layers=[DT001], CenterMode=XIntersection, Center=56401,46548, Dimension=4290 x 2840 x 2500 mm, DoorSize=4290 x 2300 mm, BoundaryPointCount=5
2026-07-26 18:46:21.649 [TargetSeed] Saved=5, LiftSaved=2, LevelId=30, TextScope=ALL_TEXTS, Keywords=[A/C, AHU, PAU], SeedLayers=[ADA040_A:5]
2026-07-26 18:46:21.887 [RowBuildFinish] RowKey=ADA2131P|L30|D1588951, Created=271
2026-07-26 18:46:21.891 [WpfGenerationRun] Action=Create, Category=Walls, Layer=ADA213G
2026-07-26 18:46:21.892 [RowAction] RowKey=ADA213G|L30|D1588951, LayerName=ADA213G, Action=Create, Reason=NewSelected
2026-07-26 18:46:21.915 [RoomText] PathResolver: resolved from DwgSessionManager -> D:\EMSDRevitPlugs文档相关\20260610-meeting\final version&玻璃幕墙.dwg
2026-07-26 18:46:21.916 [RoomText] TransformResolver: Origin=(0.000,0.000,0.000), ScaleApprox=(1.000000,1.000000,1.000000).
2026-07-26 18:46:21.916 [Analyze] DWG Session Source Unit: SourceUnit=Millimeter, Evidence=LUNITS=Decimal; INSUNITS=Millimeters; LUPREC=4; Suggested=Millimeter; AskUserConfirm=False; UserConfirmed=False; RevitImportUnit=Millimeter
2026-07-26 18:46:21.916 [CAD] Runtime detect => Status=Ready, InstallLocation=C:\Program Files\Autodesk\AutoCAD 2023\, Version=24.2.53.0.0, Message=Detected supported AutoCAD 2023 runtime.
2026-07-26 18:46:21.917 [RoomText] DwgTextReader: cache hit, Layer=(ALL_TEXTS), Extracted=189.
2026-07-26 18:46:21.918 [Analyze] DWG=location <Not Shared>, ImportId=1588951, Unit=Millimeter, Layers=16, ValidLayers=16, Segments=2680, Arc=89, Polyline=1873, TimeSec=0.02, Status=Success
2026-07-26 18:46:21.939 [RoomText] PathResolver: resolved from DwgSessionManager -> D:\EMSDRevitPlugs文档相关\20260610-meeting\final version&玻璃幕墙.dwg
2026-07-26 18:46:21.939 [RoomText] TransformResolver: Origin=(0.000,0.000,0.000), ScaleApprox=(1.000000,1.000000,1.000000).
2026-07-26 18:46:21.940 [Analyze] DWG Session Source Unit: SourceUnit=Millimeter, Evidence=LUNITS=Decimal; INSUNITS=Millimeters; LUPREC=4; Suggested=Millimeter; AskUserConfirm=False; UserConfirmed=False; RevitImportUnit=Millimeter
2026-07-26 18:46:21.940 [CAD] Runtime detect => Status=Ready, InstallLocation=C:\Program Files\Autodesk\AutoCAD 2023\, Version=24.2.53.0.0, Message=Detected supported AutoCAD 2023 runtime.
2026-07-26 18:46:21.940 [RoomText] DwgTextReader: cache hit, Layer=(ALL_TEXTS), Extracted=189.
2026-07-26 18:46:21.942 [Analyze] DWG=location <Not Shared>, ImportId=1588951, Unit=Millimeter, Layers=16, ValidLayers=16, Segments=2680, Arc=89, Polyline=1873, TimeSec=0.02, Status=Success
2026-07-26 18:46:22.053 [CreatePhase] RowLayer=ADA213G, FilteredSegmentsLayerStats=ADA213G:6, MinLengthMm=100.0
2026-07-26 18:46:22.053 [Config] Path=D:\EMSDRevitPlugs\Solution\CadToRevit\CadToRevit\bin\Debug\WallRecognitionConfig.json, DefaultSingleWallThicknessMm=127.00, WallThicknessTolMm=60.00, CurrentDirectory=C:\Program Files\Autodesk\Revit 2024
2026-07-26 18:46:22.054 [WallRecognize] SelectedLayers=ADA213G, SegmentCount=6, RawLayerNameCounts=ADA213G:6
2026-07-26 18:46:22.054 [Config] Path=D:\EMSDRevitPlugs\Solution\CadToRevit\CadToRevit\bin\Debug\WallRecognitionConfig.json, DefaultSingleWallThicknessMm=127.00, WallThicknessTolMm=60.00, CurrentDirectory=C:\Program Files\Autodesk\Revit 2024
2026-07-26 18:46:22.055 [Config] Path=D:\EMSDRevitPlugs\Solution\CadToRevit\CadToRevit\bin\Debug\WallRecognitionConfig.json, DefaultSingleWallThicknessMm=127.00, WallThicknessTolMm=60.00, CurrentDirectory=C:\Program Files\Autodesk\Revit 2024
2026-07-26 18:46:22.055 [Override] Override file not found.
2026-07-26 18:46:22.056 [Override] No override entries loaded.
2026-07-26 18:46:22.056 [PairTags] TaggedSegments=0, MinOverlapMm=300.0
2026-07-26 18:46:22.056 [WallRecognize] AutoThicknessPeaks=[70.0]
2026-07-26 18:46:22.071 [WallRecognize] Peak=70.0mm, Centerlines=1
2026-07-26 18:46:22.071 [WallRecognize] Stage1DoubleLine=1, Stage2SingleLine=4, SuspiciousDoubleLineEdges=0, FilteredByMinLength=0, TargetThicknessMm=200.00, TolMm=60.00
2026-07-26 18:46:22.072 [WallStats] Merged=5, Refined=3, Clustered=8, ExtendedTotal=0, CollinearMerged=0, DuplicateRemoved=2
2026-07-26 18:46:22.180 [WallCreated] Id=1589477, Mid=(47.0472,129.7982,0.0000), SourceRawLayer=ADA213G, ThicknessMm=69.72
2026-07-26 18:46:22.195 [WallCreated] Id=1589478, Mid=(89.1814,100.6398,0.0000), SourceRawLayer=ADA213G, ThicknessMm=200.00
2026-07-26 18:46:22.196 [WallCreated] Id=1589479, Mid=(65.5512,100.6398,0.0000), SourceRawLayer=ADA213G, ThicknessMm=200.00
2026-07-26 18:46:22.210 [FailureIntercept] Severity=Warning, Id=988a6cb2-7050-4a5c-a946-60d652df66c3, Text=Highlighted walls overlap. One of them may be ignored when Revit finds room boundaries. Use Cut Geometry to embed one wall within the other.
2026-07-26 18:46:22.211 [FailureIntercept] Severity=Warning, Id=988a6cb2-7050-4a5c-a946-60d652df66c3, Text=Highlighted walls overlap. One of them may be ignored when Revit finds room boundaries. Use Cut Geometry to embed one wall within the other.
2026-07-26 18:46:22.255 [LiftGeometry] Lift=Service Lift, GeometryResolved=True, Layers=[DT001], CenterMode=XIntersection, Center=20164,33344, Dimension=5910 x 4130 x 2500 mm, DoorSize=5910 x 2300 mm, BoundaryPointCount=5
2026-07-26 18:46:22.256 [LiftGeometry] Lift=Passenger Lift, GeometryResolved=True, Layers=[DT001], CenterMode=XIntersection, Center=56401,46548, Dimension=4290 x 2840 x 2500 mm, DoorSize=4290 x 2300 mm, BoundaryPointCount=5
2026-07-26 18:46:22.260 [TargetSeed] Saved=5, LiftSaved=2, LevelId=30, TextScope=ALL_TEXTS, Keywords=[A/C, AHU, PAU], SeedLayers=[ADA040_A:5]
2026-07-26 18:46:22.279 [RowBuildFinish] RowKey=ADA213G|L30|D1588951, Created=3
2026-07-26 18:46:22.283 [WpfGenerationRun] Action=Create, Category=Walls, Layer=ADA214_ _
2026-07-26 18:46:22.283 [RowAction] RowKey=ADA214_ _|L30|D1588951, LayerName=ADA214_ _, Action=Create, Reason=NewSelected
2026-07-26 18:46:22.308 [RoomText] PathResolver: resolved from DwgSessionManager -> D:\EMSDRevitPlugs文档相关\20260610-meeting\final version&玻璃幕墙.dwg
2026-07-26 18:46:22.308 [RoomText] TransformResolver: Origin=(0.000,0.000,0.000), ScaleApprox=(1.000000,1.000000,1.000000).
2026-07-26 18:46:22.309 [Analyze] DWG Session Source Unit: SourceUnit=Millimeter, Evidence=LUNITS=Decimal; INSUNITS=Millimeters; LUPREC=4; Suggested=Millimeter; AskUserConfirm=False; UserConfirmed=False; RevitImportUnit=Millimeter
2026-07-26 18:46:22.309 [CAD] Runtime detect => Status=Ready, InstallLocation=C:\Program Files\Autodesk\AutoCAD 2023\, Version=24.2.53.0.0, Message=Detected supported AutoCAD 2023 runtime.
2026-07-26 18:46:22.309 [RoomText] DwgTextReader: cache hit, Layer=(ALL_TEXTS), Extracted=189.
2026-07-26 18:46:22.310 [Analyze] DWG=location <Not Shared>, ImportId=1588951, Unit=Millimeter, Layers=16, ValidLayers=16, Segments=2680, Arc=89, Polyline=1873, TimeSec=0.02, Status=Success
2026-07-26 18:46:22.332 [RoomText] PathResolver: resolved from DwgSessionManager -> D:\EMSDRevitPlugs文档相关\20260610-meeting\final version&玻璃幕墙.dwg
2026-07-26 18:46:22.333 [RoomText] TransformResolver: Origin=(0.000,0.000,0.000), ScaleApprox=(1.000000,1.000000,1.000000).
2026-07-26 18:46:22.333 [Analyze] DWG Session Source Unit: SourceUnit=Millimeter, Evidence=LUNITS=Decimal; INSUNITS=Millimeters; LUPREC=4; Suggested=Millimeter; AskUserConfirm=False; UserConfirmed=False; RevitImportUnit=Millimeter
2026-07-26 18:46:22.333 [CAD] Runtime detect => Status=Ready, InstallLocation=C:\Program Files\Autodesk\AutoCAD 2023\, Version=24.2.53.0.0, Message=Detected supported AutoCAD 2023 runtime.
2026-07-26 18:46:22.334 [RoomText] DwgTextReader: cache hit, Layer=(ALL_TEXTS), Extracted=189.
2026-07-26 18:46:22.335 [Analyze] DWG=location <Not Shared>, ImportId=1588951, Unit=Millimeter, Layers=16, ValidLayers=16, Segments=2680, Arc=89, Polyline=1873, TimeSec=0.02, Status=Success
2026-07-26 18:46:22.443 [CreatePhase] RowLayer=ADA214_ _, FilteredSegmentsLayerStats=ADA214_ _:260, MinLengthMm=100.0
2026-07-26 18:46:22.443 [Config] Path=D:\EMSDRevitPlugs\Solution\CadToRevit\CadToRevit\bin\Debug\WallRecognitionConfig.json, DefaultSingleWallThicknessMm=127.00, WallThicknessTolMm=60.00, CurrentDirectory=C:\Program Files\Autodesk\Revit 2024
2026-07-26 18:46:22.444 [WallRecognize] SelectedLayers=ADA214_ _, SegmentCount=260, RawLayerNameCounts=ADA214_ _:260
2026-07-26 18:46:22.444 [Config] Path=D:\EMSDRevitPlugs\Solution\CadToRevit\CadToRevit\bin\Debug\WallRecognitionConfig.json, DefaultSingleWallThicknessMm=127.00, WallThicknessTolMm=60.00, CurrentDirectory=C:\Program Files\Autodesk\Revit 2024
2026-07-26 18:46:22.445 [Config] Path=D:\EMSDRevitPlugs\Solution\CadToRevit\CadToRevit\bin\Debug\WallRecognitionConfig.json, DefaultSingleWallThicknessMm=127.00, WallThicknessTolMm=60.00, CurrentDirectory=C:\Program Files\Autodesk\Revit 2024
2026-07-26 18:46:22.445 [Override] Override file not found.
2026-07-26 18:46:22.446 [Override] No override entries loaded.
2026-07-26 18:46:22.461 [PairTags] TaggedSegments=0, MinOverlapMm=300.0
2026-07-26 18:46:22.470 [WallRecognize] AutoThicknessPeaks=[80.0, 100.0, 120.0, 200.0, 400.0]
2026-07-26 18:46:22.480 [WallRecognize] Peak=80.0mm, Centerlines=102
2026-07-26 18:46:22.490 [WallRecognize] Peak=100.0mm, Centerlines=102
2026-07-26 18:46:22.496 [WallRecognize] Peak=120.0mm, Centerlines=102
2026-07-26 18:46:22.503 [WallRecognize] Peak=200.0mm, Centerlines=51
2026-07-26 18:46:22.508 [WallRecognize] Peak=400.0mm, Centerlines=2
2026-07-26 18:46:22.531 [WallRecognize] Stage1DoubleLine=359, Stage2SingleLine=51, SuspiciousDoubleLineEdges=0, FilteredByMinLength=0, TargetThicknessMm=200.00, TolMm=60.00
2026-07-26 18:46:22.676 [WallStats] Merged=410, Refined=308, Clustered=0, ExtendedTotal=0, CollinearMerged=0, DuplicateRemoved=102
2026-07-26 18:46:22.804 [WallCreated] Id=1589506, Mid=(210.4987,149.5899,0.0000), SourceRawLayer=ADA214_ _, ThicknessMm=84.00
2026-07-26 18:46:22.805 [WallCreated] Id=1589507, Mid=(210.1214,149.5899,0.0000), SourceRawLayer=ADA214_ _, ThicknessMm=84.00
2026-07-26 18:46:22.806 [WallCreated] Id=1589508, Mid=(163.6647,149.5899,0.0000), SourceRawLayer=ADA214_ _, ThicknessMm=84.00
2026-07-26 18:46:22.807 [WallCreated] Id=1589509, Mid=(164.0420,149.5899,0.0000), SourceRawLayer=ADA214_ _, ThicknessMm=84.00
2026-07-26 18:46:22.807 [WallCreated] Id=1589510, Mid=(210.4987,117.7657,0.0000), SourceRawLayer=ADA214_ _, ThicknessMm=84.00
2026-07-26 18:46:22.808 [WallCreated] Id=1589511, Mid=(210.1214,117.7657,0.0000), SourceRawLayer=ADA214_ _, ThicknessMm=84.00
2026-07-26 18:46:22.809 [WallCreated] Id=1589512, Mid=(210.1214,121.3747,0.0000), SourceRawLayer=ADA214_ _, ThicknessMm=84.00
2026-07-26 18:46:22.809 [WallCreated] Id=1589513, Mid=(210.4987,121.3747,0.0000), SourceRawLayer=ADA214_ _, ThicknessMm=84.00
2026-07-26 18:46:22.810 [WallCreated] Id=1589514, Mid=(210.4987,105.9547,0.0000), SourceRawLayer=ADA214_ _, ThicknessMm=84.00
2026-07-26 18:46:22.811 [WallCreated] Id=1589515, Mid=(210.1214,105.9547,0.0000), SourceRawLayer=ADA214_ _, ThicknessMm=84.00
2026-07-26 18:46:22.811 [WallCreated] Id=1589516, Mid=(210.1214,109.5636,0.0000), SourceRawLayer=ADA214_ _, ThicknessMm=84.00
2026-07-26 18:46:22.812 [WallCreated] Id=1589517, Mid=(210.4987,109.5636,0.0000), SourceRawLayer=ADA214_ _, ThicknessMm=84.00
2026-07-26 18:46:22.813 [WallCreated] Id=1589518, Mid=(210.4987,94.1437,0.0000), SourceRawLayer=ADA214_ _, ThicknessMm=84.00
2026-07-26 18:46:22.814 [WallCreated] Id=1589519, Mid=(210.1214,94.1437,0.0000), SourceRawLayer=ADA214_ _, ThicknessMm=84.00
2026-07-26 18:46:22.815 [WallCreated] Id=1589520, Mid=(210.1214,97.7526,0.0000), SourceRawLayer=ADA214_ _, ThicknessMm=84.00
2026-07-26 18:46:22.817 [WallCreated] Id=1589521, Mid=(210.4987,97.7526,0.0000), SourceRawLayer=ADA214_ _, ThicknessMm=84.00
2026-07-26 18:46:22.819 [WallCreated] Id=1589522, Mid=(210.1214,85.9416,0.0000), SourceRawLayer=ADA214_ _, ThicknessMm=84.00
2026-07-26 18:46:22.819 [WallCreated] Id=1589523, Mid=(210.4987,85.9416,0.0000), SourceRawLayer=ADA214_ _, ThicknessMm=84.00
2026-07-26 18:46:22.820 [WallCreated] Id=1589524, Mid=(210.1214,74.1306,0.0000), SourceRawLayer=ADA214_ _, ThicknessMm=84.00
2026-07-26 18:46:22.821 [WallCreated] Id=1589525, Mid=(210.4987,74.1306,0.0000), SourceRawLayer=ADA214_ _, ThicknessMm=84.00
2026-07-26 18:46:22.822 [WallCreated] Id=1589526, Mid=(163.6647,74.1306,0.0000), SourceRawLayer=ADA214_ _, ThicknessMm=84.00
2026-07-26 18:46:22.822 [WallCreated] Id=1589527, Mid=(164.0420,74.1306,0.0000), SourceRawLayer=ADA214_ _, ThicknessMm=84.00
2026-07-26 18:46:22.823 [WallCreated] Id=1589528, Mid=(163.6647,85.9416,0.0000), SourceRawLayer=ADA214_ _, ThicknessMm=84.00
2026-07-26 18:46:22.824 [WallCreated] Id=1589529, Mid=(164.0420,85.9416,0.0000), SourceRawLayer=ADA214_ _, ThicknessMm=84.00
2026-07-26 18:46:22.824 [WallCreated] Id=1589530, Mid=(164.0420,94.1437,0.0000), SourceRawLayer=ADA214_ _, ThicknessMm=84.00
2026-07-26 18:46:22.825 [WallCreated] Id=1589531, Mid=(163.6647,94.1437,0.0000), SourceRawLayer=ADA214_ _, ThicknessMm=84.00
2026-07-26 18:46:22.826 [WallCreated] Id=1589532, Mid=(163.6647,97.7526,0.0000), SourceRawLayer=ADA214_ _, ThicknessMm=84.00
2026-07-26 18:46:22.826 [WallCreated] Id=1589533, Mid=(164.0420,97.7526,0.0000), SourceRawLayer=ADA214_ _, ThicknessMm=84.00
2026-07-26 18:46:22.827 [WallCreated] Id=1589534, Mid=(164.0420,105.9547,0.0000), SourceRawLayer=ADA214_ _, ThicknessMm=84.00
2026-07-26 18:46:22.828 [WallCreated] Id=1589535, Mid=(163.6647,105.9547,0.0000), SourceRawLayer=ADA214_ _, ThicknessMm=84.00
2026-07-26 18:46:22.828 [WallCreated] Id=1589536, Mid=(163.6647,109.5636,0.0000), SourceRawLayer=ADA214_ _, ThicknessMm=84.00
2026-07-26 18:46:22.829 [WallCreated] Id=1589537, Mid=(164.0420,109.5636,0.0000), SourceRawLayer=ADA214_ _, ThicknessMm=84.00
2026-07-26 18:46:22.829 [WallCreated] Id=1589538, Mid=(164.0420,117.7657,0.0000), SourceRawLayer=ADA214_ _, ThicknessMm=84.00
2026-07-26 18:46:22.830 [WallCreated] Id=1589539, Mid=(163.6647,117.7657,0.0000), SourceRawLayer=ADA214_ _, ThicknessMm=84.00
2026-07-26 18:46:22.831 [WallCreated] Id=1589540, Mid=(163.6647,121.3747,0.0000), SourceRawLayer=ADA214_ _, ThicknessMm=84.00
2026-07-26 18:46:22.832 [WallCreated] Id=1589541, Mid=(164.0420,121.3747,0.0000), SourceRawLayer=ADA214_ _, ThicknessMm=84.00
2026-07-26 18:46:22.834 [WallCreated] Id=1589542, Mid=(210.4987,58.7106,0.0000), SourceRawLayer=ADA214_ _, ThicknessMm=84.00
2026-07-26 18:46:22.835 [WallCreated] Id=1589543, Mid=(210.1214,58.7106,0.0000), SourceRawLayer=ADA214_ _, ThicknessMm=84.00
2026-07-26 18:46:22.836 [WallCreated] Id=1589544, Mid=(210.4987,55.1017,0.0000), SourceRawLayer=ADA214_ _, ThicknessMm=84.00
2026-07-26 18:46:22.836 [WallCreated] Id=1589545, Mid=(210.1214,55.1017,0.0000), SourceRawLayer=ADA214_ _, ThicknessMm=84.00
2026-07-26 18:46:22.837 [WallCreated] Id=1589546, Mid=(210.1214,62.3196,0.0000), SourceRawLayer=ADA214_ _, ThicknessMm=84.00
2026-07-26 18:46:22.838 [WallCreated] Id=1589547, Mid=(210.4987,62.3196,0.0000), SourceRawLayer=ADA214_ _, ThicknessMm=84.00
2026-07-26 18:46:22.838 [WallCreated] Id=1589548, Mid=(164.0420,58.7106,0.0000), SourceRawLayer=ADA214_ _, ThicknessMm=84.00
2026-07-26 18:46:22.839 [WallCreated] Id=1589549, Mid=(163.6647,58.7106,0.0000), SourceRawLayer=ADA214_ _, ThicknessMm=84.00
2026-07-26 18:46:22.839 [WallCreated] Id=1589550, Mid=(164.0420,55.1017,0.0000), SourceRawLayer=ADA214_ _, ThicknessMm=84.00
2026-07-26 18:46:22.840 [WallCreated] Id=1589551, Mid=(163.6647,55.1017,0.0000), SourceRawLayer=ADA214_ _, ThicknessMm=84.00
2026-07-26 18:46:22.840 [WallCreated] Id=1589552, Mid=(163.6647,62.3196,0.0000), SourceRawLayer=ADA214_ _, ThicknessMm=84.00
2026-07-26 18:46:22.842 [WallCreated] Id=1589553, Mid=(164.0420,62.3196,0.0000), SourceRawLayer=ADA214_ _, ThicknessMm=84.00
2026-07-26 18:46:22.843 [WallCreated] Id=1589554, Mid=(164.0420,66.9127,0.0000), SourceRawLayer=ADA214_ _, ThicknessMm=84.00
2026-07-26 18:46:22.843 [WallCreated] Id=1589555, Mid=(210.4987,153.1988,0.0000), SourceRawLayer=ADA214_ _, ThicknessMm=84.00
2026-07-26 18:46:22.844 [WallCreated] Id=1589556, Mid=(210.1214,153.1988,0.0000), SourceRawLayer=ADA214_ _, ThicknessMm=84.00
2026-07-26 18:46:22.845 [WallCreated] Id=1589557, Mid=(210.1214,156.8077,0.0000), SourceRawLayer=ADA214_ _, ThicknessMm=84.00
2026-07-26 18:46:22.846 [WallCreated] Id=1589558, Mid=(210.4987,156.8077,0.0000), SourceRawLayer=ADA214_ _, ThicknessMm=84.00
2026-07-26 18:46:22.847 [WallCreated] Id=1589559, Mid=(210.4987,141.3878,0.0000), SourceRawLayer=ADA214_ _, ThicknessMm=84.00
2026-07-26 18:46:22.849 [WallCreated] Id=1589560, Mid=(210.1214,141.3878,0.0000), SourceRawLayer=ADA214_ _, ThicknessMm=84.00
2026-07-26 18:46:22.850 [WallCreated] Id=1589561, Mid=(210.4987,137.7789,0.0000), SourceRawLayer=ADA214_ _, ThicknessMm=84.00
2026-07-26 18:46:22.851 [WallCreated] Id=1589562, Mid=(210.1214,137.7789,0.0000), SourceRawLayer=ADA214_ _, ThicknessMm=84.00
2026-07-26 18:46:22.852 [WallCreated] Id=1589563, Mid=(210.1214,144.9967,0.0000), SourceRawLayer=ADA214_ _, ThicknessMm=84.00
2026-07-26 18:46:22.853 [WallCreated] Id=1589564, Mid=(210.4987,144.9967,0.0000), SourceRawLayer=ADA214_ _, ThicknessMm=84.00
2026-07-26 18:46:22.853 [WallCreated] Id=1589565, Mid=(210.4987,129.5768,0.0000), SourceRawLayer=ADA214_ _, ThicknessMm=84.00
2026-07-26 18:46:22.854 [WallCreated] Id=1589566, Mid=(210.1214,129.5768,0.0000), SourceRawLayer=ADA214_ _, ThicknessMm=84.00
2026-07-26 18:46:22.855 [WallCreated] Id=1589567, Mid=(210.4987,125.9678,0.0000), SourceRawLayer=ADA214_ _, ThicknessMm=84.00
2026-07-26 18:46:22.856 [WallCreated] Id=1589568, Mid=(210.1214,125.9678,0.0000), SourceRawLayer=ADA214_ _, ThicknessMm=84.00
2026-07-26 18:46:22.856 [WallCreated] Id=1589569, Mid=(210.1214,133.1857,0.0000), SourceRawLayer=ADA214_ _, ThicknessMm=84.00
2026-07-26 18:46:22.857 [WallCreated] Id=1589570, Mid=(210.4987,133.1857,0.0000), SourceRawLayer=ADA214_ _, ThicknessMm=84.00
2026-07-26 18:46:22.858 [WallCreated] Id=1589571, Mid=(210.4987,114.1568,0.0000), SourceRawLayer=ADA214_ _, ThicknessMm=84.00
2026-07-26 18:46:22.858 [WallCreated] Id=1589572, Mid=(210.1214,114.1568,0.0000), SourceRawLayer=ADA214_ _, ThicknessMm=84.00
2026-07-26 18:46:22.859 [WallCreated] Id=1589573, Mid=(210.4987,102.3458,0.0000), SourceRawLayer=ADA214_ _, ThicknessMm=84.00
2026-07-26 18:46:22.860 [WallCreated] Id=1589574, Mid=(210.1214,102.3458,0.0000), SourceRawLayer=ADA214_ _, ThicknessMm=84.00
2026-07-26 18:46:22.861 [WallCreated] Id=1589575, Mid=(210.4987,90.5348,0.0000), SourceRawLayer=ADA214_ _, ThicknessMm=84.00
2026-07-26 18:46:22.862 [WallCreated] Id=1589576, Mid=(210.1214,90.5348,0.0000), SourceRawLayer=ADA214_ _, ThicknessMm=84.00
2026-07-26 18:46:22.863 [WallCreated] Id=1589577, Mid=(210.4987,82.3327,0.0000), SourceRawLayer=ADA214_ _, ThicknessMm=84.00
2026-07-26 18:46:22.863 [WallCreated] Id=1589578, Mid=(210.1214,82.3327,0.0000), SourceRawLayer=ADA214_ _, ThicknessMm=84.00
2026-07-26 18:46:22.864 [WallCreated] Id=1589579, Mid=(210.4987,78.7238,0.0000), SourceRawLayer=ADA214_ _, ThicknessMm=84.00
2026-07-26 18:46:22.866 [WallCreated] Id=1589580, Mid=(210.1214,78.7238,0.0000), SourceRawLayer=ADA214_ _, ThicknessMm=84.00
2026-07-26 18:46:22.867 [WallCreated] Id=1589581, Mid=(210.4987,70.5217,0.0000), SourceRawLayer=ADA214_ _, ThicknessMm=84.00
2026-07-26 18:46:22.867 [WallCreated] Id=1589582, Mid=(210.1214,70.5217,0.0000), SourceRawLayer=ADA214_ _, ThicknessMm=84.00
2026-07-26 18:46:22.868 [WallCreated] Id=1589583, Mid=(210.4987,66.9127,0.0000), SourceRawLayer=ADA214_ _, ThicknessMm=84.00
2026-07-26 18:46:22.869 [WallCreated] Id=1589584, Mid=(210.1214,66.9127,0.0000), SourceRawLayer=ADA214_ _, ThicknessMm=84.00
2026-07-26 18:46:22.869 [WallCreated] Id=1589585, Mid=(164.0420,70.5217,0.0000), SourceRawLayer=ADA214_ _, ThicknessMm=84.00
2026-07-26 18:46:22.870 [WallCreated] Id=1589586, Mid=(163.6647,70.5217,0.0000), SourceRawLayer=ADA214_ _, ThicknessMm=84.00
2026-07-26 18:46:22.870 [WallCreated] Id=1589587, Mid=(163.6647,66.9127,0.0000), SourceRawLayer=ADA214_ _, ThicknessMm=84.00
2026-07-26 18:46:22.871 [WallCreated] Id=1589588, Mid=(164.0420,82.3327,0.0000), SourceRawLayer=ADA214_ _, ThicknessMm=84.00
2026-07-26 18:46:22.872 [WallCreated] Id=1589589, Mid=(163.6647,82.3327,0.0000), SourceRawLayer=ADA214_ _, ThicknessMm=84.00
2026-07-26 18:46:22.872 [WallCreated] Id=1589590, Mid=(164.0420,78.7238,0.0000), SourceRawLayer=ADA214_ _, ThicknessMm=84.00
2026-07-26 18:46:22.873 [WallCreated] Id=1589591, Mid=(163.6647,78.7238,0.0000), SourceRawLayer=ADA214_ _, ThicknessMm=84.00
2026-07-26 18:46:22.874 [WallCreated] Id=1589592, Mid=(164.0420,90.5348,0.0000), SourceRawLayer=ADA214_ _, ThicknessMm=84.00
2026-07-26 18:46:22.875 [WallCreated] Id=1589593, Mid=(163.6647,90.5348,0.0000), SourceRawLayer=ADA214_ _, ThicknessMm=84.00
2026-07-26 18:46:22.876 [WallCreated] Id=1589594, Mid=(164.0420,102.3458,0.0000), SourceRawLayer=ADA214_ _, ThicknessMm=84.00
2026-07-26 18:46:22.876 [WallCreated] Id=1589595, Mid=(163.6647,102.3458,0.0000), SourceRawLayer=ADA214_ _, ThicknessMm=84.00
2026-07-26 18:46:22.878 [WallCreated] Id=1589596, Mid=(164.0420,114.1568,0.0000), SourceRawLayer=ADA214_ _, ThicknessMm=84.00
2026-07-26 18:46:22.879 [WallCreated] Id=1589597, Mid=(163.6647,114.1568,0.0000), SourceRawLayer=ADA214_ _, ThicknessMm=84.00
2026-07-26 18:46:22.879 [WallCreated] Id=1589598, Mid=(164.0420,141.3878,0.0000), SourceRawLayer=ADA214_ _, ThicknessMm=84.00
2026-07-26 18:46:22.880 [WallCreated] Id=1589599, Mid=(163.6647,141.3878,0.0000), SourceRawLayer=ADA214_ _, ThicknessMm=84.00
2026-07-26 18:46:22.881 [WallCreated] Id=1589600, Mid=(164.0420,137.7789,0.0000), SourceRawLayer=ADA214_ _, ThicknessMm=84.00
2026-07-26 18:46:22.882 [WallCreated] Id=1589601, Mid=(163.6647,137.7789,0.0000), SourceRawLayer=ADA214_ _, ThicknessMm=84.00
2026-07-26 18:46:22.883 [WallCreated] Id=1589602, Mid=(163.6647,144.9967,0.0000), SourceRawLayer=ADA214_ _, ThicknessMm=84.00
2026-07-26 18:46:22.884 [WallCreated] Id=1589603, Mid=(164.0420,144.9967,0.0000), SourceRawLayer=ADA214_ _, ThicknessMm=84.00
2026-07-26 18:46:22.885 [WallCreated] Id=1589604, Mid=(164.0420,156.8077,0.0000), SourceRawLayer=ADA214_ _, ThicknessMm=84.00
2026-07-26 18:46:22.886 [WallCreated] Id=1589605, Mid=(163.6647,156.8077,0.0000), SourceRawLayer=ADA214_ _, ThicknessMm=84.00
2026-07-26 18:46:23.037 [WallCreated] Id=1589606, Mid=(163.6647,153.1988,0.0000), SourceRawLayer=ADA214_ _, ThicknessMm=84.00
2026-07-26 18:46:23.038 [WallCreated] Id=1589607, Mid=(164.0420,153.1988,0.0000), SourceRawLayer=ADA214_ _, ThicknessMm=84.00
2026-07-26 18:46:23.073 [WallCreated] Id=1589608, Mid=(163.9928,149.5899,0.0000), SourceRawLayer=ADA214_ _, ThicknessMm=116.00
2026-07-26 18:46:23.074 [WallCreated] Id=1589609, Mid=(163.7139,149.5899,0.0000), SourceRawLayer=ADA214_ _, ThicknessMm=116.00
2026-07-26 18:46:23.075 [WallCreated] Id=1589610, Mid=(210.4495,121.3747,0.0000), SourceRawLayer=ADA214_ _, ThicknessMm=116.00
2026-07-26 18:46:23.075 [WallCreated] Id=1589611, Mid=(210.1706,121.3747,0.0000), SourceRawLayer=ADA214_ _, ThicknessMm=116.00
2026-07-26 18:46:23.076 [WallCreated] Id=1589612, Mid=(210.4495,109.5636,0.0000), SourceRawLayer=ADA214_ _, ThicknessMm=116.00
2026-07-26 18:46:23.077 [WallCreated] Id=1589613, Mid=(210.1706,109.5636,0.0000), SourceRawLayer=ADA214_ _, ThicknessMm=116.00
2026-07-26 18:46:23.077 [WallCreated] Id=1589614, Mid=(210.1706,94.1437,0.0000), SourceRawLayer=ADA214_ _, ThicknessMm=116.00
2026-07-26 18:46:23.078 [WallCreated] Id=1589615, Mid=(210.4495,94.1437,0.0000), SourceRawLayer=ADA214_ _, ThicknessMm=116.00
2026-07-26 18:46:23.079 [WallCreated] Id=1589616, Mid=(163.9928,74.1306,0.0000), SourceRawLayer=ADA214_ _, ThicknessMm=116.00
2026-07-26 18:46:23.079 [WallCreated] Id=1589617, Mid=(163.7139,74.1306,0.0000), SourceRawLayer=ADA214_ _, ThicknessMm=116.00
2026-07-26 18:46:23.080 [WallCreated] Id=1589618, Mid=(163.9928,85.9416,0.0000), SourceRawLayer=ADA214_ _, ThicknessMm=116.00
2026-07-26 18:46:23.081 [WallCreated] Id=1589619, Mid=(163.7139,85.9416,0.0000), SourceRawLayer=ADA214_ _, ThicknessMm=116.00
2026-07-26 18:46:23.081 [WallCreated] Id=1589620, Mid=(163.9928,97.7526,0.0000), SourceRawLayer=ADA214_ _, ThicknessMm=116.00
2026-07-26 18:46:23.082 [WallCreated] Id=1589621, Mid=(163.7139,97.7526,0.0000), SourceRawLayer=ADA214_ _, ThicknessMm=116.00
2026-07-26 18:46:23.083 [WallCreated] Id=1589622, Mid=(163.7139,105.9547,0.0000), SourceRawLayer=ADA214_ _, ThicknessMm=116.00
2026-07-26 18:46:23.083 [WallCreated] Id=1589623, Mid=(163.9928,105.9547,0.0000), SourceRawLayer=ADA214_ _, ThicknessMm=116.00
2026-07-26 18:46:23.084 [WallCreated] Id=1589624, Mid=(163.9928,121.3747,0.0000), SourceRawLayer=ADA214_ _, ThicknessMm=116.00
2026-07-26 18:46:23.085 [WallCreated] Id=1589625, Mid=(163.7139,121.3747,0.0000), SourceRawLayer=ADA214_ _, ThicknessMm=116.00
2026-07-26 18:46:23.085 [WallCreated] Id=1589626, Mid=(210.1706,55.1017,0.0000), SourceRawLayer=ADA214_ _, ThicknessMm=116.00
2026-07-26 18:46:23.086 [WallCreated] Id=1589627, Mid=(210.4495,55.1017,0.0000), SourceRawLayer=ADA214_ _, ThicknessMm=116.00
2026-07-26 18:46:23.087 [WallCreated] Id=1589628, Mid=(210.4495,62.3196,0.0000), SourceRawLayer=ADA214_ _, ThicknessMm=116.00
2026-07-26 18:46:23.087 [WallCreated] Id=1589629, Mid=(210.1706,62.3196,0.0000), SourceRawLayer=ADA214_ _, ThicknessMm=116.00
2026-07-26 18:46:23.088 [WallCreated] Id=1589630, Mid=(163.7139,55.1017,0.0000), SourceRawLayer=ADA214_ _, ThicknessMm=116.00
2026-07-26 18:46:23.088 [WallCreated] Id=1589631, Mid=(163.9928,55.1017,0.0000), SourceRawLayer=ADA214_ _, ThicknessMm=116.00
2026-07-26 18:46:23.089 [WallCreated] Id=1589632, Mid=(163.9928,62.3196,0.0000), SourceRawLayer=ADA214_ _, ThicknessMm=116.00
2026-07-26 18:46:23.090 [WallCreated] Id=1589633, Mid=(163.7139,62.3196,0.0000), SourceRawLayer=ADA214_ _, ThicknessMm=116.00
2026-07-26 18:46:23.090 [WallCreated] Id=1589634, Mid=(210.4495,156.8077,0.0000), SourceRawLayer=ADA214_ _, ThicknessMm=116.00
2026-07-26 18:46:23.090 [WallCreated] Id=1589635, Mid=(210.1706,156.8077,0.0000), SourceRawLayer=ADA214_ _, ThicknessMm=116.00
2026-07-26 18:46:23.092 [WallCreated] Id=1589636, Mid=(210.1706,114.1568,0.0000), SourceRawLayer=ADA214_ _, ThicknessMm=116.00
2026-07-26 18:46:23.093 [WallCreated] Id=1589637, Mid=(210.4495,114.1568,0.0000), SourceRawLayer=ADA214_ _, ThicknessMm=116.00
2026-07-26 18:46:23.094 [WallCreated] Id=1589638, Mid=(210.1706,102.3458,0.0000), SourceRawLayer=ADA214_ _, ThicknessMm=116.00
2026-07-26 18:46:23.095 [WallCreated] Id=1589639, Mid=(210.4495,102.3458,0.0000), SourceRawLayer=ADA214_ _, ThicknessMm=116.00
2026-07-26 18:46:23.095 [WallCreated] Id=1589640, Mid=(210.1706,82.3327,0.0000), SourceRawLayer=ADA214_ _, ThicknessMm=116.00
2026-07-26 18:46:23.096 [WallCreated] Id=1589641, Mid=(210.4495,82.3327,0.0000), SourceRawLayer=ADA214_ _, ThicknessMm=116.00
2026-07-26 18:46:23.097 [WallCreated] Id=1589642, Mid=(210.1706,70.5217,0.0000), SourceRawLayer=ADA214_ _, ThicknessMm=116.00
2026-07-26 18:46:23.097 [WallCreated] Id=1589643, Mid=(210.4495,70.5217,0.0000), SourceRawLayer=ADA214_ _, ThicknessMm=116.00
2026-07-26 18:46:23.098 [WallCreated] Id=1589644, Mid=(163.7139,70.5217,0.0000), SourceRawLayer=ADA214_ _, ThicknessMm=116.00
2026-07-26 18:46:23.099 [WallCreated] Id=1589645, Mid=(163.9928,70.5217,0.0000), SourceRawLayer=ADA214_ _, ThicknessMm=116.00
2026-07-26 18:46:23.100 [WallCreated] Id=1589646, Mid=(163.7139,78.7238,0.0000), SourceRawLayer=ADA214_ _, ThicknessMm=116.00
2026-07-26 18:46:23.101 [WallCreated] Id=1589647, Mid=(163.9928,78.7238,0.0000), SourceRawLayer=ADA214_ _, ThicknessMm=116.00
2026-07-26 18:46:23.101 [WallCreated] Id=1589648, Mid=(163.7139,90.5348,0.0000), SourceRawLayer=ADA214_ _, ThicknessMm=116.00
2026-07-26 18:46:23.102 [WallCreated] Id=1589649, Mid=(163.9928,90.5348,0.0000), SourceRawLayer=ADA214_ _, ThicknessMm=116.00
2026-07-26 18:46:23.102 [WallCreated] Id=1589650, Mid=(163.7139,114.1568,0.0000), SourceRawLayer=ADA214_ _, ThicknessMm=116.00
2026-07-26 18:46:23.103 [WallCreated] Id=1589651, Mid=(163.9928,114.1568,0.0000), SourceRawLayer=ADA214_ _, ThicknessMm=116.00
2026-07-26 18:46:23.104 [WallCreated] Id=1589652, Mid=(163.7139,141.3878,0.0000), SourceRawLayer=ADA214_ _, ThicknessMm=116.00
2026-07-26 18:46:23.104 [WallCreated] Id=1589653, Mid=(163.9928,141.3878,0.0000), SourceRawLayer=ADA214_ _, ThicknessMm=116.00
2026-07-26 18:46:23.105 [WallCreated] Id=1589654, Mid=(163.9928,153.1988,0.0000), SourceRawLayer=ADA214_ _, ThicknessMm=116.00
2026-07-26 18:46:23.105 [WallCreated] Id=1589655, Mid=(163.7139,153.1988,0.0000), SourceRawLayer=ADA214_ _, ThicknessMm=116.00
2026-07-26 18:46:23.106 [WallCreated] Id=1589656, Mid=(210.1706,149.5899,0.0000), SourceRawLayer=ADA214_ _, ThicknessMm=116.00
2026-07-26 18:46:23.106 [WallCreated] Id=1589657, Mid=(210.4495,149.5899,0.0000), SourceRawLayer=ADA214_ _, ThicknessMm=116.00
2026-07-26 18:46:23.107 [WallCreated] Id=1589658, Mid=(210.1706,117.7657,0.0000), SourceRawLayer=ADA214_ _, ThicknessMm=116.00
2026-07-26 18:46:23.107 [WallCreated] Id=1589659, Mid=(210.4495,117.7657,0.0000), SourceRawLayer=ADA214_ _, ThicknessMm=116.00
2026-07-26 18:46:23.108 [WallCreated] Id=1589660, Mid=(210.1706,105.9547,0.0000), SourceRawLayer=ADA214_ _, ThicknessMm=116.00
2026-07-26 18:46:23.109 [WallCreated] Id=1589661, Mid=(210.4495,105.9547,0.0000), SourceRawLayer=ADA214_ _, ThicknessMm=116.00
2026-07-26 18:46:23.109 [WallCreated] Id=1589662, Mid=(210.4495,97.7526,0.0000), SourceRawLayer=ADA214_ _, ThicknessMm=116.00
2026-07-26 18:46:23.110 [WallCreated] Id=1589663, Mid=(210.1706,97.7526,0.0000), SourceRawLayer=ADA214_ _, ThicknessMm=116.00
2026-07-26 18:46:23.111 [WallCreated] Id=1589664, Mid=(210.4495,85.9416,0.0000), SourceRawLayer=ADA214_ _, ThicknessMm=116.00
2026-07-26 18:46:23.111 [WallCreated] Id=1589665, Mid=(210.1706,85.9416,0.0000), SourceRawLayer=ADA214_ _, ThicknessMm=116.00
2026-07-26 18:46:23.112 [WallCreated] Id=1589666, Mid=(210.4495,74.1306,0.0000), SourceRawLayer=ADA214_ _, ThicknessMm=116.00
2026-07-26 18:46:23.113 [WallCreated] Id=1589667, Mid=(210.1706,74.1306,0.0000), SourceRawLayer=ADA214_ _, ThicknessMm=116.00
2026-07-26 18:46:23.113 [WallCreated] Id=1589668, Mid=(163.7139,94.1437,0.0000), SourceRawLayer=ADA214_ _, ThicknessMm=116.00
2026-07-26 18:46:23.114 [WallCreated] Id=1589669, Mid=(163.9928,94.1437,0.0000), SourceRawLayer=ADA214_ _, ThicknessMm=116.00
2026-07-26 18:46:23.115 [WallCreated] Id=1589670, Mid=(163.9928,109.5636,0.0000), SourceRawLayer=ADA214_ _, ThicknessMm=116.00
2026-07-26 18:46:23.115 [WallCreated] Id=1589671, Mid=(163.7139,109.5636,0.0000), SourceRawLayer=ADA214_ _, ThicknessMm=116.00
2026-07-26 18:46:23.116 [WallCreated] Id=1589672, Mid=(163.7139,117.7657,0.0000), SourceRawLayer=ADA214_ _, ThicknessMm=116.00
2026-07-26 18:46:23.117 [WallCreated] Id=1589673, Mid=(163.9928,117.7657,0.0000), SourceRawLayer=ADA214_ _, ThicknessMm=116.00
2026-07-26 18:46:23.118 [WallCreated] Id=1589674, Mid=(210.1706,58.7106,0.0000), SourceRawLayer=ADA214_ _, ThicknessMm=116.00
2026-07-26 18:46:23.118 [WallCreated] Id=1589675, Mid=(210.4495,58.7106,0.0000), SourceRawLayer=ADA214_ _, ThicknessMm=116.00
2026-07-26 18:46:23.119 [WallCreated] Id=1589676, Mid=(163.7139,58.7106,0.0000), SourceRawLayer=ADA214_ _, ThicknessMm=116.00
2026-07-26 18:46:23.120 [WallCreated] Id=1589677, Mid=(163.9928,58.7106,0.0000), SourceRawLayer=ADA214_ _, ThicknessMm=116.00
2026-07-26 18:46:23.120 [WallCreated] Id=1589678, Mid=(163.9928,66.9127,0.0000), SourceRawLayer=ADA214_ _, ThicknessMm=116.00
2026-07-26 18:46:23.121 [WallCreated] Id=1589679, Mid=(210.1706,153.1988,0.0000), SourceRawLayer=ADA214_ _, ThicknessMm=116.00
2026-07-26 18:46:23.122 [WallCreated] Id=1589680, Mid=(210.4495,153.1988,0.0000), SourceRawLayer=ADA214_ _, ThicknessMm=116.00
2026-07-26 18:46:23.122 [WallCreated] Id=1589681, Mid=(210.1706,141.3878,0.0000), SourceRawLayer=ADA214_ _, ThicknessMm=116.00
2026-07-26 18:46:23.123 [WallCreated] Id=1589682, Mid=(210.4495,141.3878,0.0000), SourceRawLayer=ADA214_ _, ThicknessMm=116.00
2026-07-26 18:46:23.123 [WallCreated] Id=1589683, Mid=(210.1706,137.7789,0.0000), SourceRawLayer=ADA214_ _, ThicknessMm=116.00
2026-07-26 18:46:23.124 [WallCreated] Id=1589684, Mid=(210.4495,137.7789,0.0000), SourceRawLayer=ADA214_ _, ThicknessMm=116.00
2026-07-26 18:46:23.125 [WallCreated] Id=1589685, Mid=(210.4495,144.9967,0.0000), SourceRawLayer=ADA214_ _, ThicknessMm=116.00
2026-07-26 18:46:23.125 [WallCreated] Id=1589686, Mid=(210.1706,144.9967,0.0000), SourceRawLayer=ADA214_ _, ThicknessMm=116.00
2026-07-26 18:46:23.126 [WallCreated] Id=1589687, Mid=(210.1706,129.5768,0.0000), SourceRawLayer=ADA214_ _, ThicknessMm=116.00
2026-07-26 18:46:23.128 [WallCreated] Id=1589688, Mid=(210.4495,129.5768,0.0000), SourceRawLayer=ADA214_ _, ThicknessMm=116.00
2026-07-26 18:46:23.129 [WallCreated] Id=1589689, Mid=(210.1706,125.9678,0.0000), SourceRawLayer=ADA214_ _, ThicknessMm=116.00
2026-07-26 18:46:23.130 [WallCreated] Id=1589690, Mid=(210.4495,125.9678,0.0000), SourceRawLayer=ADA214_ _, ThicknessMm=116.00
2026-07-26 18:46:23.130 [WallCreated] Id=1589691, Mid=(210.4495,133.1857,0.0000), SourceRawLayer=ADA214_ _, ThicknessMm=116.00
2026-07-26 18:46:23.131 [WallCreated] Id=1589692, Mid=(210.1706,133.1857,0.0000), SourceRawLayer=ADA214_ _, ThicknessMm=116.00
2026-07-26 18:46:23.132 [WallCreated] Id=1589693, Mid=(210.1706,90.5348,0.0000), SourceRawLayer=ADA214_ _, ThicknessMm=116.00
2026-07-26 18:46:23.133 [WallCreated] Id=1589694, Mid=(210.4495,90.5348,0.0000), SourceRawLayer=ADA214_ _, ThicknessMm=116.00
2026-07-26 18:46:23.134 [WallCreated] Id=1589695, Mid=(210.1706,78.7238,0.0000), SourceRawLayer=ADA214_ _, ThicknessMm=116.00
2026-07-26 18:46:23.134 [WallCreated] Id=1589696, Mid=(210.4495,78.7238,0.0000), SourceRawLayer=ADA214_ _, ThicknessMm=116.00
2026-07-26 18:46:23.135 [WallCreated] Id=1589697, Mid=(210.1706,66.9127,0.0000), SourceRawLayer=ADA214_ _, ThicknessMm=116.00
2026-07-26 18:46:23.136 [WallCreated] Id=1589698, Mid=(210.4495,66.9127,0.0000), SourceRawLayer=ADA214_ _, ThicknessMm=116.00
2026-07-26 18:46:23.136 [WallCreated] Id=1589699, Mid=(163.7139,66.9127,0.0000), SourceRawLayer=ADA214_ _, ThicknessMm=116.00
2026-07-26 18:46:23.137 [WallCreated] Id=1589700, Mid=(163.7139,82.3327,0.0000), SourceRawLayer=ADA214_ _, ThicknessMm=116.00
2026-07-26 18:46:23.138 [WallCreated] Id=1589701, Mid=(163.9928,82.3327,0.0000), SourceRawLayer=ADA214_ _, ThicknessMm=116.00
2026-07-26 18:46:23.139 [WallCreated] Id=1589702, Mid=(163.7139,102.3458,0.0000), SourceRawLayer=ADA214_ _, ThicknessMm=116.00
2026-07-26 18:46:23.139 [WallCreated] Id=1589703, Mid=(163.9928,102.3458,0.0000), SourceRawLayer=ADA214_ _, ThicknessMm=116.00
2026-07-26 18:46:23.142 [WallCreated] Id=1589704, Mid=(163.7139,137.7789,0.0000), SourceRawLayer=ADA214_ _, ThicknessMm=116.00
2026-07-26 18:46:23.142 [WallCreated] Id=1589705, Mid=(163.9928,137.7789,0.0000), SourceRawLayer=ADA214_ _, ThicknessMm=116.00
2026-07-26 18:46:23.143 [WallCreated] Id=1589706, Mid=(163.9928,144.9967,0.0000), SourceRawLayer=ADA214_ _, ThicknessMm=116.00
2026-07-26 18:46:23.144 [WallCreated] Id=1589707, Mid=(163.7139,144.9967,0.0000), SourceRawLayer=ADA214_ _, ThicknessMm=116.00
2026-07-26 18:46:23.363 [FailureIntercept] Severity=Warning, Id=988a6cb2-7050-4a5c-a946-60d652df66c3, Text=Highlighted walls overlap. One of them may be ignored when Revit finds room boundaries. Use Cut Geometry to embed one wall within the other.
2026-07-26 18:46:23.364 [FailureIntercept] Severity=Warning, Id=988a6cb2-7050-4a5c-a946-60d652df66c3, Text=Highlighted walls overlap. One of them may be ignored when Revit finds room boundaries. Use Cut Geometry to embed one wall within the other.
2026-07-26 18:46:23.364 [FailureIntercept] Severity=Warning, Id=988a6cb2-7050-4a5c-a946-60d652df66c3, Text=Highlighted walls overlap. One of them may be ignored when Revit finds room boundaries. Use Cut Geometry to embed one wall within the other.
2026-07-26 18:46:23.364 [FailureIntercept] Severity=Warning, Id=988a6cb2-7050-4a5c-a946-60d652df66c3, Text=Highlighted walls overlap. One of them may be ignored when Revit finds room boundaries. Use Cut Geometry to embed one wall within the other.
2026-07-26 18:46:23.364 [FailureIntercept] Severity=Warning, Id=988a6cb2-7050-4a5c-a946-60d652df66c3, Text=Highlighted walls overlap. One of them may be ignored when Revit finds room boundaries. Use Cut Geometry to embed one wall within the other.
2026-07-26 18:46:23.365 [FailureIntercept] Severity=Warning, Id=988a6cb2-7050-4a5c-a946-60d652df66c3, Text=Highlighted walls overlap. One of them may be ignored when Revit finds room boundaries. Use Cut Geometry to embed one wall within the other.
2026-07-26 18:46:23.365 [FailureIntercept] Severity=Warning, Id=988a6cb2-7050-4a5c-a946-60d652df66c3, Text=Highlighted walls overlap. One of them may be ignored when Revit finds room boundaries. Use Cut Geometry to embed one wall within the other.
2026-07-26 18:46:23.366 [FailureIntercept] Severity=Warning, Id=988a6cb2-7050-4a5c-a946-60d652df66c3, Text=Highlighted walls overlap. One of them may be ignored when Revit finds room boundaries. Use Cut Geometry to embed one wall within the other.
2026-07-26 18:46:23.366 [FailureIntercept] Severity=Warning, Id=988a6cb2-7050-4a5c-a946-60d652df66c3, Text=Highlighted walls overlap. One of them may be ignored when Revit finds room boundaries. Use Cut Geometry to embed one wall within the other.
2026-07-26 18:46:23.366 [FailureIntercept] Severity=Warning, Id=988a6cb2-7050-4a5c-a946-60d652df66c3, Text=Highlighted walls overlap. One of them may be ignored when Revit finds room boundaries. Use Cut Geometry to embed one wall within the other.
2026-07-26 18:46:23.366 [FailureIntercept] Severity=Warning, Id=988a6cb2-7050-4a5c-a946-60d652df66c3, Text=Highlighted walls overlap. One of them may be ignored when Revit finds room boundaries. Use Cut Geometry to embed one wall within the other.
2026-07-26 18:46:23.366 [FailureIntercept] Severity=Warning, Id=988a6cb2-7050-4a5c-a946-60d652df66c3, Text=Highlighted walls overlap. One of them may be ignored when Revit finds room boundaries. Use Cut Geometry to embed one wall within the other.
2026-07-26 18:46:23.367 [FailureIntercept] Severity=Warning, Id=988a6cb2-7050-4a5c-a946-60d652df66c3, Text=Highlighted walls overlap. One of them may be ignored when Revit finds room boundaries. Use Cut Geometry to embed one wall within the other.
2026-07-26 18:46:23.367 [FailureIntercept] Severity=Warning, Id=988a6cb2-7050-4a5c-a946-60d652df66c3, Text=Highlighted walls overlap. One of them may be ignored when Revit finds room boundaries. Use Cut Geometry to embed one wall within the other.
2026-07-26 18:46:23.367 [FailureIntercept] Severity=Warning, Id=988a6cb2-7050-4a5c-a946-60d652df66c3, Text=Highlighted walls overlap. One of them may be ignored when Revit finds room boundaries. Use Cut Geometry to embed one wall within the other.
2026-07-26 18:46:23.367 [FailureIntercept] Severity=Warning, Id=988a6cb2-7050-4a5c-a946-60d652df66c3, Text=Highlighted walls overlap. One of them may be ignored when Revit finds room boundaries. Use Cut Geometry to embed one wall within the other.
2026-07-26 18:46:23.367 [FailureIntercept] Severity=Warning, Id=988a6cb2-7050-4a5c-a946-60d652df66c3, Text=Highlighted walls overlap. One of them may be ignored when Revit finds room boundaries. Use Cut Geometry to embed one wall within the other.
2026-07-26 18:46:23.368 [FailureIntercept] Severity=Warning, Id=988a6cb2-7050-4a5c-a946-60d652df66c3, Text=Highlighted walls overlap. One of them may be ignored when Revit finds room boundaries. Use Cut Geometry to embed one wall within the other.
2026-07-26 18:46:23.368 [FailureIntercept] Severity=Warning, Id=988a6cb2-7050-4a5c-a946-60d652df66c3, Text=Highlighted walls overlap. One of them may be ignored when Revit finds room boundaries. Use Cut Geometry to embed one wall within the other.
2026-07-26 18:46:23.368 [FailureIntercept] Severity=Warning, Id=988a6cb2-7050-4a5c-a946-60d652df66c3, Text=Highlighted walls overlap. One of them may be ignored when Revit finds room boundaries. Use Cut Geometry to embed one wall within the other.
2026-07-26 18:46:23.369 [FailureIntercept] Severity=Warning, Id=988a6cb2-7050-4a5c-a946-60d652df66c3, Text=Highlighted walls overlap. One of them may be ignored when Revit finds room boundaries. Use Cut Geometry to embed one wall within the other.
2026-07-26 18:46:23.369 [FailureIntercept] Severity=Warning, Id=988a6cb2-7050-4a5c-a946-60d652df66c3, Text=Highlighted walls overlap. One of them may be ignored when Revit finds room boundaries. Use Cut Geometry to embed one wall within the other.
2026-07-26 18:46:23.370 [FailureIntercept] Severity=Warning, Id=988a6cb2-7050-4a5c-a946-60d652df66c3, Text=Highlighted walls overlap. One of them may be ignored when Revit finds room boundaries. Use Cut Geometry to embed one wall within the other.
2026-07-26 18:46:23.370 [FailureIntercept] Severity=Warning, Id=988a6cb2-7050-4a5c-a946-60d652df66c3, Text=Highlighted walls overlap. One of them may be ignored when Revit finds room boundaries. Use Cut Geometry to embed one wall within the other.
2026-07-26 18:46:23.370 [FailureIntercept] Severity=Warning, Id=988a6cb2-7050-4a5c-a946-60d652df66c3, Text=Highlighted walls overlap. One of them may be ignored when Revit finds room boundaries. Use Cut Geometry to embed one wall within the other.
2026-07-26 18:46:23.370 [FailureIntercept] Severity=Warning, Id=988a6cb2-7050-4a5c-a946-60d652df66c3, Text=Highlighted walls overlap. One of them may be ignored when Revit finds room boundaries. Use Cut Geometry to embed one wall within the other.
2026-07-26 18:46:23.371 [FailureIntercept] Severity=Warning, Id=988a6cb2-7050-4a5c-a946-60d652df66c3, Text=Highlighted walls overlap. One of them may be ignored when Revit finds room boundaries. Use Cut Geometry to embed one wall within the other.
2026-07-26 18:46:23.371 [FailureIntercept] Severity=Warning, Id=988a6cb2-7050-4a5c-a946-60d652df66c3, Text=Highlighted walls overlap. One of them may be ignored when Revit finds room boundaries. Use Cut Geometry to embed one wall within the other.
2026-07-26 18:46:23.371 [FailureIntercept] Severity=Warning, Id=988a6cb2-7050-4a5c-a946-60d652df66c3, Text=Highlighted walls overlap. One of them may be ignored when Revit finds room boundaries. Use Cut Geometry to embed one wall within the other.
2026-07-26 18:46:23.372 [FailureIntercept] Severity=Warning, Id=988a6cb2-7050-4a5c-a946-60d652df66c3, Text=Highlighted walls overlap. One of them may be ignored when Revit finds room boundaries. Use Cut Geometry to embed one wall within the other.
2026-07-26 18:46:23.372 [FailureIntercept] Severity=Warning, Id=988a6cb2-7050-4a5c-a946-60d652df66c3, Text=Highlighted walls overlap. One of them may be ignored when Revit finds room boundaries. Use Cut Geometry to embed one wall within the other.
2026-07-26 18:46:23.372 [FailureIntercept] Severity=Warning, Id=988a6cb2-7050-4a5c-a946-60d652df66c3, Text=Highlighted walls overlap. One of them may be ignored when Revit finds room boundaries. Use Cut Geometry to embed one wall within the other.
2026-07-26 18:46:23.372 [FailureIntercept] Severity=Warning, Id=988a6cb2-7050-4a5c-a946-60d652df66c3, Text=Highlighted walls overlap. One of them may be ignored when Revit finds room boundaries. Use Cut Geometry to embed one wall within the other.
2026-07-26 18:46:23.373 [FailureIntercept] Severity=Warning, Id=988a6cb2-7050-4a5c-a946-60d652df66c3, Text=Highlighted walls overlap. One of them may be ignored when Revit finds room boundaries. Use Cut Geometry to embed one wall within the other.
2026-07-26 18:46:23.373 [FailureIntercept] Severity=Warning, Id=988a6cb2-7050-4a5c-a946-60d652df66c3, Text=Highlighted walls overlap. One of them may be ignored when Revit finds room boundaries. Use Cut Geometry to embed one wall within the other.
2026-07-26 18:46:23.373 [FailureIntercept] Severity=Warning, Id=988a6cb2-7050-4a5c-a946-60d652df66c3, Text=Highlighted walls overlap. One of them may be ignored when Revit finds room boundaries. Use Cut Geometry to embed one wall within the other.
2026-07-26 18:46:23.374 [FailureIntercept] Severity=Warning, Id=988a6cb2-7050-4a5c-a946-60d652df66c3, Text=Highlighted walls overlap. One of them may be ignored when Revit finds room boundaries. Use Cut Geometry to embed one wall within the other.
2026-07-26 18:46:23.374 [FailureIntercept] Severity=Warning, Id=988a6cb2-7050-4a5c-a946-60d652df66c3, Text=Highlighted walls overlap. One of them may be ignored when Revit finds room boundaries. Use Cut Geometry to embed one wall within the other.
2026-07-26 18:46:23.374 [FailureIntercept] Severity=Warning, Id=988a6cb2-7050-4a5c-a946-60d652df66c3, Text=Highlighted walls overlap. One of them may be ignored when Revit finds room boundaries. Use Cut Geometry to embed one wall within the other.
2026-07-26 18:46:23.375 [FailureIntercept] Severity=Warning, Id=988a6cb2-7050-4a5c-a946-60d652df66c3, Text=Highlighted walls overlap. One of them may be ignored when Revit finds room boundaries. Use Cut Geometry to embed one wall within the other.
2026-07-26 18:46:23.375 [FailureIntercept] Severity=Warning, Id=988a6cb2-7050-4a5c-a946-60d652df66c3, Text=Highlighted walls overlap. One of them may be ignored when Revit finds room boundaries. Use Cut Geometry to embed one wall within the other.
2026-07-26 18:46:23.375 [FailureIntercept] Severity=Warning, Id=988a6cb2-7050-4a5c-a946-60d652df66c3, Text=Highlighted walls overlap. One of them may be ignored when Revit finds room boundaries. Use Cut Geometry to embed one wall within the other.
2026-07-26 18:46:23.376 [FailureIntercept] Severity=Warning, Id=988a6cb2-7050-4a5c-a946-60d652df66c3, Text=Highlighted walls overlap. One of them may be ignored when Revit finds room boundaries. Use Cut Geometry to embed one wall within the other.
2026-07-26 18:46:23.376 [FailureIntercept] Severity=Warning, Id=988a6cb2-7050-4a5c-a946-60d652df66c3, Text=Highlighted walls overlap. One of them may be ignored when Revit finds room boundaries. Use Cut Geometry to embed one wall within the other.
2026-07-26 18:46:23.376 [FailureIntercept] Severity=Warning, Id=988a6cb2-7050-4a5c-a946-60d652df66c3, Text=Highlighted walls overlap. One of them may be ignored when Revit finds room boundaries. Use Cut Geometry to embed one wall within the other.
2026-07-26 18:46:23.377 [FailureIntercept] Severity=Warning, Id=988a6cb2-7050-4a5c-a946-60d652df66c3, Text=Highlighted walls overlap. One of them may be ignored when Revit finds room boundaries. Use Cut Geometry to embed one wall within the other.
2026-07-26 18:46:23.377 [FailureIntercept] Severity=Warning, Id=988a6cb2-7050-4a5c-a946-60d652df66c3, Text=Highlighted walls overlap. One of them may be ignored when Revit finds room boundaries. Use Cut Geometry to embed one wall within the other.
2026-07-26 18:46:23.377 [FailureIntercept] Severity=Warning, Id=988a6cb2-7050-4a5c-a946-60d652df66c3, Text=Highlighted walls overlap. One of them may be ignored when Revit finds room boundaries. Use Cut Geometry to embed one wall within the other.
2026-07-26 18:46:23.378 [FailureIntercept] Severity=Warning, Id=988a6cb2-7050-4a5c-a946-60d652df66c3, Text=Highlighted walls overlap. One of them may be ignored when Revit finds room boundaries. Use Cut Geometry to embed one wall within the other.
2026-07-26 18:46:23.378 [FailureIntercept] Severity=Warning, Id=988a6cb2-7050-4a5c-a946-60d652df66c3, Text=Highlighted walls overlap. One of them may be ignored when Revit finds room boundaries. Use Cut Geometry to embed one wall within the other.
2026-07-26 18:46:23.378 [FailureIntercept] Severity=Warning, Id=988a6cb2-7050-4a5c-a946-60d652df66c3, Text=Highlighted walls overlap. One of them may be ignored when Revit finds room boundaries. Use Cut Geometry to embed one wall within the other.
2026-07-26 18:46:23.378 [FailureIntercept] Severity=Warning, Id=988a6cb2-7050-4a5c-a946-60d652df66c3, Text=Highlighted walls overlap. One of them may be ignored when Revit finds room boundaries. Use Cut Geometry to embed one wall within the other.
2026-07-26 18:46:23.379 [FailureIntercept] Severity=Warning, Id=988a6cb2-7050-4a5c-a946-60d652df66c3, Text=Highlighted walls overlap. One of them may be ignored when Revit finds room boundaries. Use Cut Geometry to embed one wall within the other.
2026-07-26 18:46:23.379 [FailureIntercept] Severity=Warning, Id=988a6cb2-7050-4a5c-a946-60d652df66c3, Text=Highlighted walls overlap. One of them may be ignored when Revit finds room boundaries. Use Cut Geometry to embed one wall within the other.
2026-07-26 18:46:23.379 [FailureIntercept] Severity=Warning, Id=988a6cb2-7050-4a5c-a946-60d652df66c3, Text=Highlighted walls overlap. One of them may be ignored when Revit finds room boundaries. Use Cut Geometry to embed one wall within the other.
2026-07-26 18:46:23.379 [FailureIntercept] Severity=Warning, Id=988a6cb2-7050-4a5c-a946-60d652df66c3, Text=Highlighted walls overlap. One of them may be ignored when Revit finds room boundaries. Use Cut Geometry to embed one wall within the other.
2026-07-26 18:46:23.380 [FailureIntercept] Severity=Warning, Id=988a6cb2-7050-4a5c-a946-60d652df66c3, Text=Highlighted walls overlap. One of them may be ignored when Revit finds room boundaries. Use Cut Geometry to embed one wall within the other.
2026-07-26 18:46:23.380 [FailureIntercept] Severity=Warning, Id=988a6cb2-7050-4a5c-a946-60d652df66c3, Text=Highlighted walls overlap. One of them may be ignored when Revit finds room boundaries. Use Cut Geometry to embed one wall within the other.
2026-07-26 18:46:23.380 [FailureIntercept] Severity=Warning, Id=988a6cb2-7050-4a5c-a946-60d652df66c3, Text=Highlighted walls overlap. One of them may be ignored when Revit finds room boundaries. Use Cut Geometry to embed one wall within the other.
2026-07-26 18:46:23.381 [FailureIntercept] Severity=Warning, Id=988a6cb2-7050-4a5c-a946-60d652df66c3, Text=Highlighted walls overlap. One of them may be ignored when Revit finds room boundaries. Use Cut Geometry to embed one wall within the other.
2026-07-26 18:46:23.381 [FailureIntercept] Severity=Warning, Id=988a6cb2-7050-4a5c-a946-60d652df66c3, Text=Highlighted walls overlap. One of them may be ignored when Revit finds room boundaries. Use Cut Geometry to embed one wall within the other.
2026-07-26 18:46:23.381 [FailureIntercept] Severity=Warning, Id=988a6cb2-7050-4a5c-a946-60d652df66c3, Text=Highlighted walls overlap. One of them may be ignored when Revit finds room boundaries. Use Cut Geometry to embed one wall within the other.
2026-07-26 18:46:23.381 [FailureIntercept] Severity=Warning, Id=988a6cb2-7050-4a5c-a946-60d652df66c3, Text=Highlighted walls overlap. One of them may be ignored when Revit finds room boundaries. Use Cut Geometry to embed one wall within the other.
2026-07-26 18:46:23.382 [FailureIntercept] Severity=Warning, Id=988a6cb2-7050-4a5c-a946-60d652df66c3, Text=Highlighted walls overlap. One of them may be ignored when Revit finds room boundaries. Use Cut Geometry to embed one wall within the other.
2026-07-26 18:46:23.382 [FailureIntercept] Severity=Warning, Id=988a6cb2-7050-4a5c-a946-60d652df66c3, Text=Highlighted walls overlap. One of them may be ignored when Revit finds room boundaries. Use Cut Geometry to embed one wall within the other.
2026-07-26 18:46:23.382 [FailureIntercept] Severity=Warning, Id=988a6cb2-7050-4a5c-a946-60d652df66c3, Text=Highlighted walls overlap. One of them may be ignored when Revit finds room boundaries. Use Cut Geometry to embed one wall within the other.
2026-07-26 18:46:23.382 [FailureIntercept] Severity=Warning, Id=988a6cb2-7050-4a5c-a946-60d652df66c3, Text=Highlighted walls overlap. One of them may be ignored when Revit finds room boundaries. Use Cut Geometry to embed one wall within the other.
2026-07-26 18:46:23.382 [FailureIntercept] Severity=Warning, Id=988a6cb2-7050-4a5c-a946-60d652df66c3, Text=Highlighted walls overlap. One of them may be ignored when Revit finds room boundaries. Use Cut Geometry to embed one wall within the other.
2026-07-26 18:46:23.382 [FailureIntercept] Severity=Warning, Id=988a6cb2-7050-4a5c-a946-60d652df66c3, Text=Highlighted walls overlap. One of them may be ignored when Revit finds room boundaries. Use Cut Geometry to embed one wall within the other.
2026-07-26 18:46:23.384 [FailureIntercept] Severity=Warning, Id=988a6cb2-7050-4a5c-a946-60d652df66c3, Text=Highlighted walls overlap. One of them may be ignored when Revit finds room boundaries. Use Cut Geometry to embed one wall within the other.
2026-07-26 18:46:23.384 [FailureIntercept] Severity=Warning, Id=988a6cb2-7050-4a5c-a946-60d652df66c3, Text=Highlighted walls overlap. One of them may be ignored when Revit finds room boundaries. Use Cut Geometry to embed one wall within the other.
2026-07-26 18:46:23.384 [FailureIntercept] Severity=Warning, Id=988a6cb2-7050-4a5c-a946-60d652df66c3, Text=Highlighted walls overlap. One of them may be ignored when Revit finds room boundaries. Use Cut Geometry to embed one wall within the other.
2026-07-26 18:46:23.384 [FailureIntercept] Severity=Warning, Id=988a6cb2-7050-4a5c-a946-60d652df66c3, Text=Highlighted walls overlap. One of them may be ignored when Revit finds room boundaries. Use Cut Geometry to embed one wall within the other.
2026-07-26 18:46:23.385 [FailureIntercept] Severity=Warning, Id=988a6cb2-7050-4a5c-a946-60d652df66c3, Text=Highlighted walls overlap. One of them may be ignored when Revit finds room boundaries. Use Cut Geometry to embed one wall within the other.
2026-07-26 18:46:23.385 [FailureIntercept] Severity=Warning, Id=988a6cb2-7050-4a5c-a946-60d652df66c3, Text=Highlighted walls overlap. One of them may be ignored when Revit finds room boundaries. Use Cut Geometry to embed one wall within the other.
2026-07-26 18:46:23.385 [FailureIntercept] Severity=Warning, Id=988a6cb2-7050-4a5c-a946-60d652df66c3, Text=Highlighted walls overlap. One of them may be ignored when Revit finds room boundaries. Use Cut Geometry to embed one wall within the other.
2026-07-26 18:46:23.386 [FailureIntercept] Severity=Warning, Id=988a6cb2-7050-4a5c-a946-60d652df66c3, Text=Highlighted walls overlap. One of them may be ignored when Revit finds room boundaries. Use Cut Geometry to embed one wall within the other.
2026-07-26 18:46:23.386 [FailureIntercept] Severity=Warning, Id=988a6cb2-7050-4a5c-a946-60d652df66c3, Text=Highlighted walls overlap. One of them may be ignored when Revit finds room boundaries. Use Cut Geometry to embed one wall within the other.
2026-07-26 18:46:23.386 [FailureIntercept] Severity=Warning, Id=988a6cb2-7050-4a5c-a946-60d652df66c3, Text=Highlighted walls overlap. One of them may be ignored when Revit finds room boundaries. Use Cut Geometry to embed one wall within the other.
2026-07-26 18:46:23.386 [FailureIntercept] Severity=Warning, Id=988a6cb2-7050-4a5c-a946-60d652df66c3, Text=Highlighted walls overlap. One of them may be ignored when Revit finds room boundaries. Use Cut Geometry to embed one wall within the other.
2026-07-26 18:46:23.387 [FailureIntercept] Severity=Warning, Id=988a6cb2-7050-4a5c-a946-60d652df66c3, Text=Highlighted walls overlap. One of them may be ignored when Revit finds room boundaries. Use Cut Geometry to embed one wall within the other.
2026-07-26 18:46:23.387 [FailureIntercept] Severity=Warning, Id=988a6cb2-7050-4a5c-a946-60d652df66c3, Text=Highlighted walls overlap. One of them may be ignored when Revit finds room boundaries. Use Cut Geometry to embed one wall within the other.
2026-07-26 18:46:23.387 [FailureIntercept] Severity=Warning, Id=988a6cb2-7050-4a5c-a946-60d652df66c3, Text=Highlighted walls overlap. One of them may be ignored when Revit finds room boundaries. Use Cut Geometry to embed one wall within the other.
2026-07-26 18:46:23.387 [FailureIntercept] Severity=Warning, Id=988a6cb2-7050-4a5c-a946-60d652df66c3, Text=Highlighted walls overlap. One of them may be ignored when Revit finds room boundaries. Use Cut Geometry to embed one wall within the other.
2026-07-26 18:46:23.388 [FailureIntercept] Severity=Warning, Id=988a6cb2-7050-4a5c-a946-60d652df66c3, Text=Highlighted walls overlap. One of them may be ignored when Revit finds room boundaries. Use Cut Geometry to embed one wall within the other.
2026-07-26 18:46:23.388 [FailureIntercept] Severity=Warning, Id=988a6cb2-7050-4a5c-a946-60d652df66c3, Text=Highlighted walls overlap. One of them may be ignored when Revit finds room boundaries. Use Cut Geometry to embed one wall within the other.
2026-07-26 18:46:23.388 [FailureIntercept] Severity=Warning, Id=988a6cb2-7050-4a5c-a946-60d652df66c3, Text=Highlighted walls overlap. One of them may be ignored when Revit finds room boundaries. Use Cut Geometry to embed one wall within the other.
2026-07-26 18:46:23.388 [FailureIntercept] Severity=Warning, Id=988a6cb2-7050-4a5c-a946-60d652df66c3, Text=Highlighted walls overlap. One of them may be ignored when Revit finds room boundaries. Use Cut Geometry to embed one wall within the other.
2026-07-26 18:46:23.389 [FailureIntercept] Severity=Warning, Id=988a6cb2-7050-4a5c-a946-60d652df66c3, Text=Highlighted walls overlap. One of them may be ignored when Revit finds room boundaries. Use Cut Geometry to embed one wall within the other.
2026-07-26 18:46:23.389 [FailureIntercept] Severity=Warning, Id=988a6cb2-7050-4a5c-a946-60d652df66c3, Text=Highlighted walls overlap. One of them may be ignored when Revit finds room boundaries. Use Cut Geometry to embed one wall within the other.
2026-07-26 18:46:23.389 [FailureIntercept] Severity=Warning, Id=988a6cb2-7050-4a5c-a946-60d652df66c3, Text=Highlighted walls overlap. One of them may be ignored when Revit finds room boundaries. Use Cut Geometry to embed one wall within the other.
2026-07-26 18:46:23.389 [FailureIntercept] Severity=Warning, Id=988a6cb2-7050-4a5c-a946-60d652df66c3, Text=Highlighted walls overlap. One of them may be ignored when Revit finds room boundaries. Use Cut Geometry to embed one wall within the other.
2026-07-26 18:46:23.390 [FailureIntercept] Severity=Warning, Id=988a6cb2-7050-4a5c-a946-60d652df66c3, Text=Highlighted walls overlap. One of them may be ignored when Revit finds room boundaries. Use Cut Geometry to embed one wall within the other.
2026-07-26 18:46:23.390 [FailureIntercept] Severity=Warning, Id=988a6cb2-7050-4a5c-a946-60d652df66c3, Text=Highlighted walls overlap. One of them may be ignored when Revit finds room boundaries. Use Cut Geometry to embed one wall within the other.
2026-07-26 18:46:23.390 [FailureIntercept] Severity=Warning, Id=988a6cb2-7050-4a5c-a946-60d652df66c3, Text=Highlighted walls overlap. One of them may be ignored when Revit finds room boundaries. Use Cut Geometry to embed one wall within the other.
2026-07-26 18:46:23.390 [FailureIntercept] Severity=Warning, Id=988a6cb2-7050-4a5c-a946-60d652df66c3, Text=Highlighted walls overlap. One of them may be ignored when Revit finds room boundaries. Use Cut Geometry to embed one wall within the other.
2026-07-26 18:46:23.391 [FailureIntercept] Severity=Warning, Id=988a6cb2-7050-4a5c-a946-60d652df66c3, Text=Highlighted walls overlap. One of them may be ignored when Revit finds room boundaries. Use Cut Geometry to embed one wall within the other.
2026-07-26 18:46:23.391 [FailureIntercept] Severity=Warning, Id=988a6cb2-7050-4a5c-a946-60d652df66c3, Text=Highlighted walls overlap. One of them may be ignored when Revit finds room boundaries. Use Cut Geometry to embed one wall within the other.
2026-07-26 18:46:23.391 [FailureIntercept] Severity=Warning, Id=988a6cb2-7050-4a5c-a946-60d652df66c3, Text=Highlighted walls overlap. One of them may be ignored when Revit finds room boundaries. Use Cut Geometry to embed one wall within the other.
2026-07-26 18:46:23.391 [FailureIntercept] Severity=Warning, Id=988a6cb2-7050-4a5c-a946-60d652df66c3, Text=Highlighted walls overlap. One of them may be ignored when Revit finds room boundaries. Use Cut Geometry to embed one wall within the other.
2026-07-26 18:46:23.392 [FailureIntercept] Severity=Warning, Id=988a6cb2-7050-4a5c-a946-60d652df66c3, Text=Highlighted walls overlap. One of them may be ignored when Revit finds room boundaries. Use Cut Geometry to embed one wall within the other.
2026-07-26 18:46:23.392 [FailureIntercept] Severity=Warning, Id=988a6cb2-7050-4a5c-a946-60d652df66c3, Text=Highlighted walls overlap. One of them may be ignored when Revit finds room boundaries. Use Cut Geometry to embed one wall within the other.
2026-07-26 18:46:23.392 [FailureIntercept] Severity=Warning, Id=988a6cb2-7050-4a5c-a946-60d652df66c3, Text=Highlighted walls overlap. One of them may be ignored when Revit finds room boundaries. Use Cut Geometry to embed one wall within the other.
2026-07-26 18:46:23.392 [FailureIntercept] Severity=Warning, Id=988a6cb2-7050-4a5c-a946-60d652df66c3, Text=Highlighted walls overlap. One of them may be ignored when Revit finds room boundaries. Use Cut Geometry to embed one wall within the other.
2026-07-26 18:46:23.392 [FailureIntercept] Severity=Warning, Id=988a6cb2-7050-4a5c-a946-60d652df66c3, Text=Highlighted walls overlap. One of them may be ignored when Revit finds room boundaries. Use Cut Geometry to embed one wall within the other.
2026-07-26 18:46:23.392 [FailureIntercept] Severity=Warning, Id=988a6cb2-7050-4a5c-a946-60d652df66c3, Text=Highlighted walls overlap. One of them may be ignored when Revit finds room boundaries. Use Cut Geometry to embed one wall within the other.
2026-07-26 18:46:23.393 [FailureIntercept] Severity=Warning, Id=988a6cb2-7050-4a5c-a946-60d652df66c3, Text=Highlighted walls overlap. One of them may be ignored when Revit finds room boundaries. Use Cut Geometry to embed one wall within the other.
2026-07-26 18:46:23.393 [FailureIntercept] Severity=Warning, Id=988a6cb2-7050-4a5c-a946-60d652df66c3, Text=Highlighted walls overlap. One of them may be ignored when Revit finds room boundaries. Use Cut Geometry to embed one wall within the other.
2026-07-26 18:46:23.393 [FailureIntercept] Severity=Warning, Id=988a6cb2-7050-4a5c-a946-60d652df66c3, Text=Highlighted walls overlap. One of them may be ignored when Revit finds room boundaries. Use Cut Geometry to embed one wall within the other.
2026-07-26 18:46:23.393 [FailureIntercept] Severity=Warning, Id=988a6cb2-7050-4a5c-a946-60d652df66c3, Text=Highlighted walls overlap. One of them may be ignored when Revit finds room boundaries. Use Cut Geometry to embed one wall within the other.
2026-07-26 18:46:23.394 [FailureIntercept] Severity=Warning, Id=988a6cb2-7050-4a5c-a946-60d652df66c3, Text=Highlighted walls overlap. One of them may be ignored when Revit finds room boundaries. Use Cut Geometry to embed one wall within the other.
2026-07-26 18:46:23.394 [FailureIntercept] Severity=Warning, Id=988a6cb2-7050-4a5c-a946-60d652df66c3, Text=Highlighted walls overlap. One of them may be ignored when Revit finds room boundaries. Use Cut Geometry to embed one wall within the other.
2026-07-26 18:46:23.394 [FailureIntercept] Severity=Warning, Id=988a6cb2-7050-4a5c-a946-60d652df66c3, Text=Highlighted walls overlap. One of them may be ignored when Revit finds room boundaries. Use Cut Geometry to embed one wall within the other.
2026-07-26 18:46:23.394 [FailureIntercept] Severity=Warning, Id=988a6cb2-7050-4a5c-a946-60d652df66c3, Text=Highlighted walls overlap. One of them may be ignored when Revit finds room boundaries. Use Cut Geometry to embed one wall within the other.
2026-07-26 18:46:23.395 [FailureIntercept] Severity=Warning, Id=988a6cb2-7050-4a5c-a946-60d652df66c3, Text=Highlighted walls overlap. One of them may be ignored when Revit finds room boundaries. Use Cut Geometry to embed one wall within the other.
2026-07-26 18:46:23.395 [FailureIntercept] Severity=Warning, Id=988a6cb2-7050-4a5c-a946-60d652df66c3, Text=Highlighted walls overlap. One of them may be ignored when Revit finds room boundaries. Use Cut Geometry to embed one wall within the other.
2026-07-26 18:46:23.395 [FailureIntercept] Severity=Warning, Id=988a6cb2-7050-4a5c-a946-60d652df66c3, Text=Highlighted walls overlap. One of them may be ignored when Revit finds room boundaries. Use Cut Geometry to embed one wall within the other.
2026-07-26 18:46:23.395 [FailureIntercept] Severity=Warning, Id=988a6cb2-7050-4a5c-a946-60d652df66c3, Text=Highlighted walls overlap. One of them may be ignored when Revit finds room boundaries. Use Cut Geometry to embed one wall within the other.
2026-07-26 18:46:23.396 [FailureIntercept] Severity=Warning, Id=988a6cb2-7050-4a5c-a946-60d652df66c3, Text=Highlighted walls overlap. One of them may be ignored when Revit finds room boundaries. Use Cut Geometry to embed one wall within the other.
2026-07-26 18:46:23.396 [FailureIntercept] Severity=Warning, Id=988a6cb2-7050-4a5c-a946-60d652df66c3, Text=Highlighted walls overlap. One of them may be ignored when Revit finds room boundaries. Use Cut Geometry to embed one wall within the other.
2026-07-26 18:46:23.396 [FailureIntercept] Severity=Warning, Id=988a6cb2-7050-4a5c-a946-60d652df66c3, Text=Highlighted walls overlap. One of them may be ignored when Revit finds room boundaries. Use Cut Geometry to embed one wall within the other.
2026-07-26 18:46:23.396 [FailureIntercept] Severity=Warning, Id=988a6cb2-7050-4a5c-a946-60d652df66c3, Text=Highlighted walls overlap. One of them may be ignored when Revit finds room boundaries. Use Cut Geometry to embed one wall within the other.
2026-07-26 18:46:23.397 [FailureIntercept] Severity=Warning, Id=988a6cb2-7050-4a5c-a946-60d652df66c3, Text=Highlighted walls overlap. One of them may be ignored when Revit finds room boundaries. Use Cut Geometry to embed one wall within the other.
2026-07-26 18:46:23.397 [FailureIntercept] Severity=Warning, Id=988a6cb2-7050-4a5c-a946-60d652df66c3, Text=Highlighted walls overlap. One of them may be ignored when Revit finds room boundaries. Use Cut Geometry to embed one wall within the other.
2026-07-26 18:46:23.397 [FailureIntercept] Severity=Warning, Id=988a6cb2-7050-4a5c-a946-60d652df66c3, Text=Highlighted walls overlap. One of them may be ignored when Revit finds room boundaries. Use Cut Geometry to embed one wall within the other.
2026-07-26 18:46:23.398 [FailureIntercept] Severity=Warning, Id=988a6cb2-7050-4a5c-a946-60d652df66c3, Text=Highlighted walls overlap. One of them may be ignored when Revit finds room boundaries. Use Cut Geometry to embed one wall within the other.
2026-07-26 18:46:23.398 [FailureIntercept] Severity=Warning, Id=988a6cb2-7050-4a5c-a946-60d652df66c3, Text=Highlighted walls overlap. One of them may be ignored when Revit finds room boundaries. Use Cut Geometry to embed one wall within the other.
2026-07-26 18:46:23.398 [FailureIntercept] Severity=Warning, Id=988a6cb2-7050-4a5c-a946-60d652df66c3, Text=Highlighted walls overlap. One of them may be ignored when Revit finds room boundaries. Use Cut Geometry to embed one wall within the other.
2026-07-26 18:46:23.399 [FailureIntercept] Severity=Warning, Id=988a6cb2-7050-4a5c-a946-60d652df66c3, Text=Highlighted walls overlap. One of them may be ignored when Revit finds room boundaries. Use Cut Geometry to embed one wall within the other.
2026-07-26 18:46:23.399 [FailureIntercept] Severity=Warning, Id=988a6cb2-7050-4a5c-a946-60d652df66c3, Text=Highlighted walls overlap. One of them may be ignored when Revit finds room boundaries. Use Cut Geometry to embed one wall within the other.
2026-07-26 18:46:23.399 [FailureIntercept] Severity=Warning, Id=988a6cb2-7050-4a5c-a946-60d652df66c3, Text=Highlighted walls overlap. One of them may be ignored when Revit finds room boundaries. Use Cut Geometry to embed one wall within the other.
2026-07-26 18:46:23.399 [FailureIntercept] Severity=Warning, Id=988a6cb2-7050-4a5c-a946-60d652df66c3, Text=Highlighted walls overlap. One of them may be ignored when Revit finds room boundaries. Use Cut Geometry to embed one wall within the other.
2026-07-26 18:46:23.400 [FailureIntercept] Severity=Warning, Id=988a6cb2-7050-4a5c-a946-60d652df66c3, Text=Highlighted walls overlap. One of them may be ignored when Revit finds room boundaries. Use Cut Geometry to embed one wall within the other.
2026-07-26 18:46:23.400 [FailureIntercept] Severity=Warning, Id=988a6cb2-7050-4a5c-a946-60d652df66c3, Text=Highlighted walls overlap. One of them may be ignored when Revit finds room boundaries. Use Cut Geometry to embed one wall within the other.
2026-07-26 18:46:23.400 [FailureIntercept] Severity=Warning, Id=988a6cb2-7050-4a5c-a946-60d652df66c3, Text=Highlighted walls overlap. One of them may be ignored when Revit finds room boundaries. Use Cut Geometry to embed one wall within the other.
2026-07-26 18:46:23.400 [FailureIntercept] Severity=Warning, Id=988a6cb2-7050-4a5c-a946-60d652df66c3, Text=Highlighted walls overlap. One of them may be ignored when Revit finds room boundaries. Use Cut Geometry to embed one wall within the other.
2026-07-26 18:46:23.401 [FailureIntercept] Severity=Warning, Id=988a6cb2-7050-4a5c-a946-60d652df66c3, Text=Highlighted walls overlap. One of them may be ignored when Revit finds room boundaries. Use Cut Geometry to embed one wall within the other.
2026-07-26 18:46:23.401 [FailureIntercept] Severity=Warning, Id=988a6cb2-7050-4a5c-a946-60d652df66c3, Text=Highlighted walls overlap. One of them may be ignored when Revit finds room boundaries. Use Cut Geometry to embed one wall within the other.
2026-07-26 18:46:23.401 [FailureIntercept] Severity=Warning, Id=988a6cb2-7050-4a5c-a946-60d652df66c3, Text=Highlighted walls overlap. One of them may be ignored when Revit finds room boundaries. Use Cut Geometry to embed one wall within the other.
2026-07-26 18:46:23.401 [FailureIntercept] Severity=Warning, Id=988a6cb2-7050-4a5c-a946-60d652df66c3, Text=Highlighted walls overlap. One of them may be ignored when Revit finds room boundaries. Use Cut Geometry to embed one wall within the other.
2026-07-26 18:46:23.402 [FailureIntercept] Severity=Warning, Id=988a6cb2-7050-4a5c-a946-60d652df66c3, Text=Highlighted walls overlap. One of them may be ignored when Revit finds room boundaries. Use Cut Geometry to embed one wall within the other.
2026-07-26 18:46:23.403 [FailureIntercept] Severity=Warning, Id=988a6cb2-7050-4a5c-a946-60d652df66c3, Text=Highlighted walls overlap. One of them may be ignored when Revit finds room boundaries. Use Cut Geometry to embed one wall within the other.
2026-07-26 18:46:23.403 [FailureIntercept] Severity=Warning, Id=988a6cb2-7050-4a5c-a946-60d652df66c3, Text=Highlighted walls overlap. One of them may be ignored when Revit finds room boundaries. Use Cut Geometry to embed one wall within the other.
2026-07-26 18:46:23.403 [FailureIntercept] Severity=Warning, Id=988a6cb2-7050-4a5c-a946-60d652df66c3, Text=Highlighted walls overlap. One of them may be ignored when Revit finds room boundaries. Use Cut Geometry to embed one wall within the other.
2026-07-26 18:46:23.403 [FailureIntercept] Severity=Warning, Id=988a6cb2-7050-4a5c-a946-60d652df66c3, Text=Highlighted walls overlap. One of them may be ignored when Revit finds room boundaries. Use Cut Geometry to embed one wall within the other.
2026-07-26 18:46:23.404 [FailureIntercept] Severity=Warning, Id=988a6cb2-7050-4a5c-a946-60d652df66c3, Text=Highlighted walls overlap. One of them may be ignored when Revit finds room boundaries. Use Cut Geometry to embed one wall within the other.
2026-07-26 18:46:23.404 [FailureIntercept] Severity=Warning, Id=988a6cb2-7050-4a5c-a946-60d652df66c3, Text=Highlighted walls overlap. One of them may be ignored when Revit finds room boundaries. Use Cut Geometry to embed one wall within the other.
2026-07-26 18:46:23.404 [FailureIntercept] Severity=Warning, Id=988a6cb2-7050-4a5c-a946-60d652df66c3, Text=Highlighted walls overlap. One of them may be ignored when Revit finds room boundaries. Use Cut Geometry to embed one wall within the other.
2026-07-26 18:46:23.404 [FailureIntercept] Severity=Warning, Id=988a6cb2-7050-4a5c-a946-60d652df66c3, Text=Highlighted walls overlap. One of them may be ignored when Revit finds room boundaries. Use Cut Geometry to embed one wall within the other.
2026-07-26 18:46:23.405 [FailureIntercept] Severity=Warning, Id=988a6cb2-7050-4a5c-a946-60d652df66c3, Text=Highlighted walls overlap. One of them may be ignored when Revit finds room boundaries. Use Cut Geometry to embed one wall within the other.
2026-07-26 18:46:23.426 [WallCreated] Id=1589858, Mid=(163.7139,156.8077,0.0000), SourceRawLayer=ADA214_ _, ThicknessMm=116.00
2026-07-26 18:46:23.427 [WallCreated] Id=1589859, Mid=(163.9928,156.8077,0.0000), SourceRawLayer=ADA214_ _, ThicknessMm=116.00
2026-07-26 18:46:23.442 [FailureIntercept] Severity=Warning, Id=988a6cb2-7050-4a5c-a946-60d652df66c3, Text=Highlighted walls overlap. One of them may be ignored when Revit finds room boundaries. Use Cut Geometry to embed one wall within the other.
2026-07-26 18:46:23.442 [FailureIntercept] Severity=Warning, Id=988a6cb2-7050-4a5c-a946-60d652df66c3, Text=Highlighted walls overlap. One of them may be ignored when Revit finds room boundaries. Use Cut Geometry to embed one wall within the other.
2026-07-26 18:46:23.442 [FailureIntercept] Severity=Warning, Id=988a6cb2-7050-4a5c-a946-60d652df66c3, Text=Highlighted walls overlap. One of them may be ignored when Revit finds room boundaries. Use Cut Geometry to embed one wall within the other.
2026-07-26 18:46:23.465 [WallCreated] Id=1589863, Mid=(210.3182,149.5899,0.0000), SourceRawLayer=ADA214_ _, ThicknessMm=200.00
2026-07-26 18:46:23.466 [WallCreated] Id=1589864, Mid=(163.8451,149.5899,0.0000), SourceRawLayer=ADA214_ _, ThicknessMm=200.00
2026-07-26 18:46:23.467 [WallCreated] Id=1589865, Mid=(210.3182,117.7657,0.0000), SourceRawLayer=ADA214_ _, ThicknessMm=200.00
2026-07-26 18:46:23.468 [WallCreated] Id=1589866, Mid=(210.3182,121.3747,0.0000), SourceRawLayer=ADA214_ _, ThicknessMm=200.00
2026-07-26 18:46:23.469 [WallCreated] Id=1589867, Mid=(210.3182,105.9547,0.0000), SourceRawLayer=ADA214_ _, ThicknessMm=200.00
2026-07-26 18:46:23.469 [WallCreated] Id=1589868, Mid=(210.3182,109.5636,0.0000), SourceRawLayer=ADA214_ _, ThicknessMm=200.00
2026-07-26 18:46:23.470 [WallCreated] Id=1589869, Mid=(210.3182,74.1306,0.0000), SourceRawLayer=ADA214_ _, ThicknessMm=200.00
2026-07-26 18:46:23.470 [WallCreated] Id=1589870, Mid=(163.8451,74.1306,0.0000), SourceRawLayer=ADA214_ _, ThicknessMm=200.00
2026-07-26 18:46:23.471 [WallCreated] Id=1589871, Mid=(210.3182,97.7526,0.0000), SourceRawLayer=ADA214_ _, ThicknessMm=200.00
2026-07-26 18:46:23.472 [WallCreated] Id=1589872, Mid=(210.3182,94.1437,0.0000), SourceRawLayer=ADA214_ _, ThicknessMm=200.00
2026-07-26 18:46:23.472 [WallCreated] Id=1589873, Mid=(210.3182,85.9416,0.0000), SourceRawLayer=ADA214_ _, ThicknessMm=200.00
2026-07-26 18:46:23.473 [WallCreated] Id=1589874, Mid=(163.8451,85.9416,0.0000), SourceRawLayer=ADA214_ _, ThicknessMm=200.00
2026-07-26 18:46:23.474 [WallCreated] Id=1589875, Mid=(163.8451,97.7526,0.0000), SourceRawLayer=ADA214_ _, ThicknessMm=200.00
2026-07-26 18:46:23.474 [WallCreated] Id=1589876, Mid=(163.8451,94.1437,0.0000), SourceRawLayer=ADA214_ _, ThicknessMm=200.00
2026-07-26 18:46:23.475 [WallCreated] Id=1589877, Mid=(163.8451,109.5636,0.0000), SourceRawLayer=ADA214_ _, ThicknessMm=200.00
2026-07-26 18:46:23.475 [WallCreated] Id=1589878, Mid=(163.8451,105.9547,0.0000), SourceRawLayer=ADA214_ _, ThicknessMm=200.00
2026-07-26 18:46:23.476 [WallCreated] Id=1589879, Mid=(163.8451,117.7657,0.0000), SourceRawLayer=ADA214_ _, ThicknessMm=200.00
2026-07-26 18:46:23.477 [WallCreated] Id=1589880, Mid=(163.8451,121.3747,0.0000), SourceRawLayer=ADA214_ _, ThicknessMm=200.00
2026-07-26 18:46:23.477 [WallCreated] Id=1589881, Mid=(210.3182,62.3196,0.0000), SourceRawLayer=ADA214_ _, ThicknessMm=200.00
2026-07-26 18:46:23.478 [WallCreated] Id=1589882, Mid=(210.3182,58.7106,0.0000), SourceRawLayer=ADA214_ _, ThicknessMm=200.00
2026-07-26 18:46:23.479 [WallCreated] Id=1589883, Mid=(210.3182,55.1017,0.0000), SourceRawLayer=ADA214_ _, ThicknessMm=200.00
2026-07-26 18:46:23.479 [WallCreated] Id=1589884, Mid=(163.8451,62.3196,0.0000), SourceRawLayer=ADA214_ _, ThicknessMm=200.00
2026-07-26 18:46:23.480 [WallCreated] Id=1589885, Mid=(163.8451,55.1017,0.0000), SourceRawLayer=ADA214_ _, ThicknessMm=200.00
2026-07-26 18:46:23.482 [WallCreated] Id=1589886, Mid=(163.8451,58.7106,0.0000), SourceRawLayer=ADA214_ _, ThicknessMm=200.00
2026-07-26 18:46:23.484 [WallCreated] Id=1589887, Mid=(163.8451,66.9127,0.0000), SourceRawLayer=ADA214_ _, ThicknessMm=200.00
2026-07-26 18:46:23.484 [WallCreated] Id=1589888, Mid=(210.3182,114.1568,0.0000), SourceRawLayer=ADA214_ _, ThicknessMm=200.00
2026-07-26 18:46:23.485 [WallCreated] Id=1589889, Mid=(210.3182,102.3458,0.0000), SourceRawLayer=ADA214_ _, ThicknessMm=200.00
2026-07-26 18:46:23.486 [WallCreated] Id=1589890, Mid=(210.3182,66.9127,0.0000), SourceRawLayer=ADA214_ _, ThicknessMm=200.00
2026-07-26 18:46:23.487 [WallCreated] Id=1589891, Mid=(210.3182,70.5217,0.0000), SourceRawLayer=ADA214_ _, ThicknessMm=200.00
2026-07-26 18:46:23.487 [WallCreated] Id=1589892, Mid=(163.8451,70.5217,0.0000), SourceRawLayer=ADA214_ _, ThicknessMm=200.00
2026-07-26 18:46:23.488 [WallCreated] Id=1589893, Mid=(210.3182,82.3327,0.0000), SourceRawLayer=ADA214_ _, ThicknessMm=200.00
2026-07-26 18:46:23.489 [WallCreated] Id=1589894, Mid=(210.3182,90.5348,0.0000), SourceRawLayer=ADA214_ _, ThicknessMm=200.00
2026-07-26 18:46:23.490 [WallCreated] Id=1589895, Mid=(210.3182,78.7238,0.0000), SourceRawLayer=ADA214_ _, ThicknessMm=200.00
2026-07-26 18:46:23.490 [WallCreated] Id=1589896, Mid=(163.8451,78.7238,0.0000), SourceRawLayer=ADA214_ _, ThicknessMm=200.00
2026-07-26 18:46:23.492 [WallCreated] Id=1589897, Mid=(163.8451,82.3327,0.0000), SourceRawLayer=ADA214_ _, ThicknessMm=200.00
2026-07-26 18:46:23.492 [WallCreated] Id=1589898, Mid=(163.8451,90.5348,0.0000), SourceRawLayer=ADA214_ _, ThicknessMm=200.00
2026-07-26 18:46:23.493 [WallCreated] Id=1589899, Mid=(163.8451,102.3458,0.0000), SourceRawLayer=ADA214_ _, ThicknessMm=200.00
2026-07-26 18:46:23.494 [WallCreated] Id=1589900, Mid=(163.8451,114.1568,0.0000), SourceRawLayer=ADA214_ _, ThicknessMm=200.00
2026-07-26 18:46:23.495 [WallCreated] Id=1589901, Mid=(210.3182,125.9678,0.0000), SourceRawLayer=ADA214_ _, ThicknessMm=200.00
2026-07-26 18:46:23.496 [WallCreated] Id=1589902, Mid=(210.3182,129.5768,0.0000), SourceRawLayer=ADA214_ _, ThicknessMm=200.00
2026-07-26 18:46:23.497 [WallCreated] Id=1589903, Mid=(210.3182,133.1857,0.0000), SourceRawLayer=ADA214_ _, ThicknessMm=200.00
2026-07-26 18:46:23.498 [WallCreated] Id=1589904, Mid=(210.3182,137.7789,0.0000), SourceRawLayer=ADA214_ _, ThicknessMm=200.00
2026-07-26 18:46:23.500 [WallCreated] Id=1589905, Mid=(210.3182,141.3878,0.0000), SourceRawLayer=ADA214_ _, ThicknessMm=200.00
2026-07-26 18:46:23.501 [WallCreated] Id=1589906, Mid=(210.3182,144.9967,0.0000), SourceRawLayer=ADA214_ _, ThicknessMm=200.00
2026-07-26 18:46:23.502 [WallCreated] Id=1589907, Mid=(163.8451,137.7789,0.0000), SourceRawLayer=ADA214_ _, ThicknessMm=200.00
2026-07-26 18:46:23.503 [WallCreated] Id=1589908, Mid=(163.8451,141.3878,0.0000), SourceRawLayer=ADA214_ _, ThicknessMm=200.00
2026-07-26 18:46:23.503 [WallCreated] Id=1589909, Mid=(163.8451,144.9967,0.0000), SourceRawLayer=ADA214_ _, ThicknessMm=200.00
2026-07-26 18:46:23.504 [WallCreated] Id=1589910, Mid=(210.3182,153.1988,0.0000), SourceRawLayer=ADA214_ _, ThicknessMm=200.00
2026-07-26 18:46:23.504 [WallCreated] Id=1589911, Mid=(210.3182,156.8077,0.0000), SourceRawLayer=ADA214_ _, ThicknessMm=200.00
2026-07-26 18:46:23.505 [WallCreated] Id=1589912, Mid=(163.8451,156.8077,0.0000), SourceRawLayer=ADA214_ _, ThicknessMm=200.00
2026-07-26 18:46:23.506 [WallCreated] Id=1589913, Mid=(163.8451,153.1988,0.0000), SourceRawLayer=ADA214_ _, ThicknessMm=200.00
2026-07-26 18:46:23.506 [WallCreated] Id=1589914, Mid=(210.3182,153.1988,0.0000), SourceRawLayer=ADA214_ _, ThicknessMm=200.00
2026-07-26 18:46:23.507 [WallCreated] Id=1589915, Mid=(210.3182,149.5899,0.0000), SourceRawLayer=ADA214_ _, ThicknessMm=200.00
2026-07-26 18:46:23.508 [WallCreated] Id=1589916, Mid=(210.3182,156.8077,0.0000), SourceRawLayer=ADA214_ _, ThicknessMm=200.00
2026-07-26 18:46:23.509 [WallCreated] Id=1589917, Mid=(210.3182,141.3878,0.0000), SourceRawLayer=ADA214_ _, ThicknessMm=200.00
2026-07-26 18:46:23.509 [WallCreated] Id=1589918, Mid=(210.3182,137.7789,0.0000), SourceRawLayer=ADA214_ _, ThicknessMm=200.00
2026-07-26 18:46:23.510 [WallCreated] Id=1589919, Mid=(210.3182,144.9967,0.0000), SourceRawLayer=ADA214_ _, ThicknessMm=200.00
2026-07-26 18:46:23.511 [WallCreated] Id=1589920, Mid=(210.3182,129.5768,0.0000), SourceRawLayer=ADA214_ _, ThicknessMm=200.00
2026-07-26 18:46:23.511 [WallCreated] Id=1589921, Mid=(210.3182,125.9678,0.0000), SourceRawLayer=ADA214_ _, ThicknessMm=200.00
2026-07-26 18:46:23.512 [WallCreated] Id=1589922, Mid=(210.3182,133.1857,0.0000), SourceRawLayer=ADA214_ _, ThicknessMm=200.00
2026-07-26 18:46:23.513 [WallCreated] Id=1589923, Mid=(210.3182,117.7657,0.0000), SourceRawLayer=ADA214_ _, ThicknessMm=200.00
2026-07-26 18:46:23.514 [WallCreated] Id=1589924, Mid=(210.3182,114.1568,0.0000), SourceRawLayer=ADA214_ _, ThicknessMm=200.00
2026-07-26 18:46:23.515 [WallCreated] Id=1589925, Mid=(210.3182,121.3747,0.0000), SourceRawLayer=ADA214_ _, ThicknessMm=200.00
2026-07-26 18:46:23.516 [WallCreated] Id=1589926, Mid=(210.3182,105.9547,0.0000), SourceRawLayer=ADA214_ _, ThicknessMm=200.00
2026-07-26 18:46:23.517 [WallCreated] Id=1589927, Mid=(210.3182,102.3458,0.0000), SourceRawLayer=ADA214_ _, ThicknessMm=200.00
2026-07-26 18:46:23.518 [WallCreated] Id=1589928, Mid=(210.3182,109.5636,0.0000), SourceRawLayer=ADA214_ _, ThicknessMm=200.00
2026-07-26 18:46:23.518 [WallCreated] Id=1589929, Mid=(210.3182,94.1437,0.0000), SourceRawLayer=ADA214_ _, ThicknessMm=200.00
2026-07-26 18:46:23.519 [WallCreated] Id=1589930, Mid=(210.3182,90.5348,0.0000), SourceRawLayer=ADA214_ _, ThicknessMm=200.00
2026-07-26 18:46:23.520 [WallCreated] Id=1589931, Mid=(210.3182,97.7526,0.0000), SourceRawLayer=ADA214_ _, ThicknessMm=200.00
2026-07-26 18:46:23.520 [WallCreated] Id=1589932, Mid=(210.3182,82.3327,0.0000), SourceRawLayer=ADA214_ _, ThicknessMm=200.00
2026-07-26 18:46:23.521 [WallCreated] Id=1589933, Mid=(210.3182,78.7238,0.0000), SourceRawLayer=ADA214_ _, ThicknessMm=200.00
2026-07-26 18:46:23.522 [WallCreated] Id=1589934, Mid=(210.3182,85.9416,0.0000), SourceRawLayer=ADA214_ _, ThicknessMm=200.00
2026-07-26 18:46:23.522 [WallCreated] Id=1589935, Mid=(210.3182,70.5217,0.0000), SourceRawLayer=ADA214_ _, ThicknessMm=200.00
2026-07-26 18:46:23.523 [WallCreated] Id=1589936, Mid=(210.3182,66.9127,0.0000), SourceRawLayer=ADA214_ _, ThicknessMm=200.00
2026-07-26 18:46:23.523 [WallCreated] Id=1589937, Mid=(210.3182,74.1306,0.0000), SourceRawLayer=ADA214_ _, ThicknessMm=200.00
2026-07-26 18:46:23.524 [WallCreated] Id=1589938, Mid=(210.3182,58.7106,0.0000), SourceRawLayer=ADA214_ _, ThicknessMm=200.00
2026-07-26 18:46:23.524 [WallCreated] Id=1589939, Mid=(210.3182,55.1017,0.0000), SourceRawLayer=ADA214_ _, ThicknessMm=200.00
2026-07-26 18:46:23.525 [WallCreated] Id=1589940, Mid=(210.3182,62.3196,0.0000), SourceRawLayer=ADA214_ _, ThicknessMm=200.00
2026-07-26 18:46:23.526 [WallCreated] Id=1589941, Mid=(163.8451,58.7106,0.0000), SourceRawLayer=ADA214_ _, ThicknessMm=200.00
2026-07-26 18:46:23.527 [WallCreated] Id=1589942, Mid=(163.8451,55.1017,0.0000), SourceRawLayer=ADA214_ _, ThicknessMm=200.00
2026-07-26 18:46:23.528 [WallCreated] Id=1589943, Mid=(163.8451,62.3196,0.0000), SourceRawLayer=ADA214_ _, ThicknessMm=200.00
2026-07-26 18:46:23.529 [WallCreated] Id=1589944, Mid=(163.8451,70.5217,0.0000), SourceRawLayer=ADA214_ _, ThicknessMm=200.00
2026-07-26 18:46:23.531 [WallCreated] Id=1589945, Mid=(163.8451,74.1306,0.0000), SourceRawLayer=ADA214_ _, ThicknessMm=200.00
2026-07-26 18:46:23.532 [WallCreated] Id=1589946, Mid=(163.8451,82.3327,0.0000), SourceRawLayer=ADA214_ _, ThicknessMm=200.00
2026-07-26 18:46:23.533 [WallCreated] Id=1589947, Mid=(163.8451,78.7238,0.0000), SourceRawLayer=ADA214_ _, ThicknessMm=200.00
2026-07-26 18:46:23.534 [WallCreated] Id=1589948, Mid=(163.8451,85.9416,0.0000), SourceRawLayer=ADA214_ _, ThicknessMm=200.00
2026-07-26 18:46:23.535 [WallCreated] Id=1589949, Mid=(163.8451,94.1437,0.0000), SourceRawLayer=ADA214_ _, ThicknessMm=200.00
2026-07-26 18:46:23.535 [WallCreated] Id=1589950, Mid=(163.8451,90.5348,0.0000), SourceRawLayer=ADA214_ _, ThicknessMm=200.00
2026-07-26 18:46:23.536 [WallCreated] Id=1589951, Mid=(163.8451,97.7526,0.0000), SourceRawLayer=ADA214_ _, ThicknessMm=200.00
2026-07-26 18:46:23.537 [WallCreated] Id=1589952, Mid=(163.8451,105.9547,0.0000), SourceRawLayer=ADA214_ _, ThicknessMm=200.00
2026-07-26 18:46:23.537 [WallCreated] Id=1589953, Mid=(163.8451,102.3458,0.0000), SourceRawLayer=ADA214_ _, ThicknessMm=200.00
2026-07-26 18:46:23.538 [WallCreated] Id=1589954, Mid=(163.8451,109.5636,0.0000), SourceRawLayer=ADA214_ _, ThicknessMm=200.00
2026-07-26 18:46:23.538 [WallCreated] Id=1589955, Mid=(163.8451,117.7657,0.0000), SourceRawLayer=ADA214_ _, ThicknessMm=200.00
2026-07-26 18:46:23.539 [WallCreated] Id=1589956, Mid=(163.8451,114.1568,0.0000), SourceRawLayer=ADA214_ _, ThicknessMm=200.00
2026-07-26 18:46:23.540 [WallCreated] Id=1589957, Mid=(163.8451,121.3747,0.0000), SourceRawLayer=ADA214_ _, ThicknessMm=200.00
2026-07-26 18:46:23.540 [WallCreated] Id=1589958, Mid=(163.8451,141.3878,0.0000), SourceRawLayer=ADA214_ _, ThicknessMm=200.00
2026-07-26 18:46:23.541 [WallCreated] Id=1589959, Mid=(163.8451,137.7789,0.0000), SourceRawLayer=ADA214_ _, ThicknessMm=200.00
2026-07-26 18:46:23.542 [WallCreated] Id=1589960, Mid=(163.8451,144.9967,0.0000), SourceRawLayer=ADA214_ _, ThicknessMm=200.00
2026-07-26 18:46:23.542 [WallCreated] Id=1589961, Mid=(163.8451,156.8077,0.0000), SourceRawLayer=ADA214_ _, ThicknessMm=200.00
2026-07-26 18:46:23.543 [WallCreated] Id=1589962, Mid=(163.8451,149.5899,0.0000), SourceRawLayer=ADA214_ _, ThicknessMm=200.00
2026-07-26 18:46:23.920 [FailureIntercept] Severity=Warning, Id=988a6cb2-7050-4a5c-a946-60d652df66c3, Text=Highlighted walls overlap. One of them may be ignored when Revit finds room boundaries. Use Cut Geometry to embed one wall within the other.
2026-07-26 18:46:23.920 [FailureIntercept] Severity=Warning, Id=988a6cb2-7050-4a5c-a946-60d652df66c3, Text=Highlighted walls overlap. One of them may be ignored when Revit finds room boundaries. Use Cut Geometry to embed one wall within the other.
2026-07-26 18:46:23.920 [FailureIntercept] Severity=Warning, Id=988a6cb2-7050-4a5c-a946-60d652df66c3, Text=Highlighted walls overlap. One of them may be ignored when Revit finds room boundaries. Use Cut Geometry to embed one wall within the other.
2026-07-26 18:46:23.921 [FailureIntercept] Severity=Warning, Id=988a6cb2-7050-4a5c-a946-60d652df66c3, Text=Highlighted walls overlap. One of them may be ignored when Revit finds room boundaries. Use Cut Geometry to embed one wall within the other.
2026-07-26 18:46:23.921 [FailureIntercept] Severity=Warning, Id=988a6cb2-7050-4a5c-a946-60d652df66c3, Text=Highlighted walls overlap. One of them may be ignored when Revit finds room boundaries. Use Cut Geometry to embed one wall within the other.
2026-07-26 18:46:23.921 [FailureIntercept] Severity=Warning, Id=988a6cb2-7050-4a5c-a946-60d652df66c3, Text=Highlighted walls overlap. One of them may be ignored when Revit finds room boundaries. Use Cut Geometry to embed one wall within the other.
2026-07-26 18:46:23.921 [FailureIntercept] Severity=Warning, Id=988a6cb2-7050-4a5c-a946-60d652df66c3, Text=Highlighted walls overlap. One of them may be ignored when Revit finds room boundaries. Use Cut Geometry to embed one wall within the other.
2026-07-26 18:46:23.922 [FailureIntercept] Severity=Warning, Id=988a6cb2-7050-4a5c-a946-60d652df66c3, Text=Highlighted walls overlap. One of them may be ignored when Revit finds room boundaries. Use Cut Geometry to embed one wall within the other.
2026-07-26 18:46:23.922 [FailureIntercept] Severity=Warning, Id=988a6cb2-7050-4a5c-a946-60d652df66c3, Text=Highlighted walls overlap. One of them may be ignored when Revit finds room boundaries. Use Cut Geometry to embed one wall within the other.
2026-07-26 18:46:23.922 [FailureIntercept] Severity=Warning, Id=988a6cb2-7050-4a5c-a946-60d652df66c3, Text=Highlighted walls overlap. One of them may be ignored when Revit finds room boundaries. Use Cut Geometry to embed one wall within the other.
2026-07-26 18:46:23.922 [FailureIntercept] Severity=Warning, Id=988a6cb2-7050-4a5c-a946-60d652df66c3, Text=Highlighted walls overlap. One of them may be ignored when Revit finds room boundaries. Use Cut Geometry to embed one wall within the other.
2026-07-26 18:46:23.923 [FailureIntercept] Severity=Warning, Id=988a6cb2-7050-4a5c-a946-60d652df66c3, Text=Highlighted walls overlap. One of them may be ignored when Revit finds room boundaries. Use Cut Geometry to embed one wall within the other.
2026-07-26 18:46:23.923 [FailureIntercept] Severity=Warning, Id=988a6cb2-7050-4a5c-a946-60d652df66c3, Text=Highlighted walls overlap. One of them may be ignored when Revit finds room boundaries. Use Cut Geometry to embed one wall within the other.
2026-07-26 18:46:23.923 [FailureIntercept] Severity=Warning, Id=988a6cb2-7050-4a5c-a946-60d652df66c3, Text=Highlighted walls overlap. One of them may be ignored when Revit finds room boundaries. Use Cut Geometry to embed one wall within the other.
2026-07-26 18:46:23.924 [FailureIntercept] Severity=Warning, Id=988a6cb2-7050-4a5c-a946-60d652df66c3, Text=Highlighted walls overlap. One of them may be ignored when Revit finds room boundaries. Use Cut Geometry to embed one wall within the other.
2026-07-26 18:46:23.924 [FailureIntercept] Severity=Warning, Id=988a6cb2-7050-4a5c-a946-60d652df66c3, Text=Highlighted walls overlap. One of them may be ignored when Revit finds room boundaries. Use Cut Geometry to embed one wall within the other.
2026-07-26 18:46:23.924 [FailureIntercept] Severity=Warning, Id=988a6cb2-7050-4a5c-a946-60d652df66c3, Text=Highlighted walls overlap. One of them may be ignored when Revit finds room boundaries. Use Cut Geometry to embed one wall within the other.
2026-07-26 18:46:23.924 [FailureIntercept] Severity=Warning, Id=988a6cb2-7050-4a5c-a946-60d652df66c3, Text=Highlighted walls overlap. One of them may be ignored when Revit finds room boundaries. Use Cut Geometry to embed one wall within the other.
2026-07-26 18:46:23.925 [FailureIntercept] Severity=Warning, Id=988a6cb2-7050-4a5c-a946-60d652df66c3, Text=Highlighted walls overlap. One of them may be ignored when Revit finds room boundaries. Use Cut Geometry to embed one wall within the other.
2026-07-26 18:46:23.925 [FailureIntercept] Severity=Warning, Id=988a6cb2-7050-4a5c-a946-60d652df66c3, Text=Highlighted walls overlap. One of them may be ignored when Revit finds room boundaries. Use Cut Geometry to embed one wall within the other.
2026-07-26 18:46:23.925 [FailureIntercept] Severity=Warning, Id=988a6cb2-7050-4a5c-a946-60d652df66c3, Text=Highlighted walls overlap. One of them may be ignored when Revit finds room boundaries. Use Cut Geometry to embed one wall within the other.
2026-07-26 18:46:23.925 [FailureIntercept] Severity=Warning, Id=988a6cb2-7050-4a5c-a946-60d652df66c3, Text=Highlighted walls overlap. One of them may be ignored when Revit finds room boundaries. Use Cut Geometry to embed one wall within the other.
2026-07-26 18:46:23.926 [FailureIntercept] Severity=Warning, Id=988a6cb2-7050-4a5c-a946-60d652df66c3, Text=Highlighted walls overlap. One of them may be ignored when Revit finds room boundaries. Use Cut Geometry to embed one wall within the other.
2026-07-26 18:46:23.926 [FailureIntercept] Severity=Warning, Id=988a6cb2-7050-4a5c-a946-60d652df66c3, Text=Highlighted walls overlap. One of them may be ignored when Revit finds room boundaries. Use Cut Geometry to embed one wall within the other.
2026-07-26 18:46:23.926 [FailureIntercept] Severity=Warning, Id=988a6cb2-7050-4a5c-a946-60d652df66c3, Text=Highlighted walls overlap. One of them may be ignored when Revit finds room boundaries. Use Cut Geometry to embed one wall within the other.
2026-07-26 18:46:23.926 [FailureIntercept] Severity=Warning, Id=988a6cb2-7050-4a5c-a946-60d652df66c3, Text=Highlighted walls overlap. One of them may be ignored when Revit finds room boundaries. Use Cut Geometry to embed one wall within the other.
2026-07-26 18:46:23.926 [FailureIntercept] Severity=Warning, Id=988a6cb2-7050-4a5c-a946-60d652df66c3, Text=Highlighted walls overlap. One of them may be ignored when Revit finds room boundaries. Use Cut Geometry to embed one wall within the other.
2026-07-26 18:46:23.927 [FailureIntercept] Severity=Warning, Id=988a6cb2-7050-4a5c-a946-60d652df66c3, Text=Highlighted walls overlap. One of them may be ignored when Revit finds room boundaries. Use Cut Geometry to embed one wall within the other.
2026-07-26 18:46:23.927 [FailureIntercept] Severity=Warning, Id=988a6cb2-7050-4a5c-a946-60d652df66c3, Text=Highlighted walls overlap. One of them may be ignored when Revit finds room boundaries. Use Cut Geometry to embed one wall within the other.
2026-07-26 18:46:23.927 [FailureIntercept] Severity=Warning, Id=988a6cb2-7050-4a5c-a946-60d652df66c3, Text=Highlighted walls overlap. One of them may be ignored when Revit finds room boundaries. Use Cut Geometry to embed one wall within the other.
2026-07-26 18:46:23.927 [FailureIntercept] Severity=Warning, Id=988a6cb2-7050-4a5c-a946-60d652df66c3, Text=Highlighted walls overlap. One of them may be ignored when Revit finds room boundaries. Use Cut Geometry to embed one wall within the other.
2026-07-26 18:46:23.928 [FailureIntercept] Severity=Warning, Id=988a6cb2-7050-4a5c-a946-60d652df66c3, Text=Highlighted walls overlap. One of them may be ignored when Revit finds room boundaries. Use Cut Geometry to embed one wall within the other.
2026-07-26 18:46:23.928 [FailureIntercept] Severity=Warning, Id=988a6cb2-7050-4a5c-a946-60d652df66c3, Text=Highlighted walls overlap. One of them may be ignored when Revit finds room boundaries. Use Cut Geometry to embed one wall within the other.
2026-07-26 18:46:23.928 [FailureIntercept] Severity=Warning, Id=988a6cb2-7050-4a5c-a946-60d652df66c3, Text=Highlighted walls overlap. One of them may be ignored when Revit finds room boundaries. Use Cut Geometry to embed one wall within the other.
2026-07-26 18:46:23.928 [FailureIntercept] Severity=Warning, Id=988a6cb2-7050-4a5c-a946-60d652df66c3, Text=Highlighted walls overlap. One of them may be ignored when Revit finds room boundaries. Use Cut Geometry to embed one wall within the other.
2026-07-26 18:46:23.929 [FailureIntercept] Severity=Warning, Id=988a6cb2-7050-4a5c-a946-60d652df66c3, Text=Highlighted walls overlap. One of them may be ignored when Revit finds room boundaries. Use Cut Geometry to embed one wall within the other.
2026-07-26 18:46:23.929 [FailureIntercept] Severity=Warning, Id=988a6cb2-7050-4a5c-a946-60d652df66c3, Text=Highlighted walls overlap. One of them may be ignored when Revit finds room boundaries. Use Cut Geometry to embed one wall within the other.
2026-07-26 18:46:23.929 [FailureIntercept] Severity=Warning, Id=988a6cb2-7050-4a5c-a946-60d652df66c3, Text=Highlighted walls overlap. One of them may be ignored when Revit finds room boundaries. Use Cut Geometry to embed one wall within the other.
2026-07-26 18:46:23.929 [FailureIntercept] Severity=Warning, Id=988a6cb2-7050-4a5c-a946-60d652df66c3, Text=Highlighted walls overlap. One of them may be ignored when Revit finds room boundaries. Use Cut Geometry to embed one wall within the other.
2026-07-26 18:46:23.929 [FailureIntercept] Severity=Warning, Id=988a6cb2-7050-4a5c-a946-60d652df66c3, Text=Highlighted walls overlap. One of them may be ignored when Revit finds room boundaries. Use Cut Geometry to embed one wall within the other.
2026-07-26 18:46:23.930 [FailureIntercept] Severity=Warning, Id=988a6cb2-7050-4a5c-a946-60d652df66c3, Text=Highlighted walls overlap. One of them may be ignored when Revit finds room boundaries. Use Cut Geometry to embed one wall within the other.
2026-07-26 18:46:23.930 [FailureIntercept] Severity=Warning, Id=988a6cb2-7050-4a5c-a946-60d652df66c3, Text=Highlighted walls overlap. One of them may be ignored when Revit finds room boundaries. Use Cut Geometry to embed one wall within the other.
2026-07-26 18:46:23.930 [FailureIntercept] Severity=Warning, Id=988a6cb2-7050-4a5c-a946-60d652df66c3, Text=Highlighted walls overlap. One of them may be ignored when Revit finds room boundaries. Use Cut Geometry to embed one wall within the other.
2026-07-26 18:46:23.930 [FailureIntercept] Severity=Warning, Id=988a6cb2-7050-4a5c-a946-60d652df66c3, Text=Highlighted walls overlap. One of them may be ignored when Revit finds room boundaries. Use Cut Geometry to embed one wall within the other.
2026-07-26 18:46:23.931 [FailureIntercept] Severity=Warning, Id=988a6cb2-7050-4a5c-a946-60d652df66c3, Text=Highlighted walls overlap. One of them may be ignored when Revit finds room boundaries. Use Cut Geometry to embed one wall within the other.
2026-07-26 18:46:23.931 [FailureIntercept] Severity=Warning, Id=988a6cb2-7050-4a5c-a946-60d652df66c3, Text=Highlighted walls overlap. One of them may be ignored when Revit finds room boundaries. Use Cut Geometry to embed one wall within the other.
2026-07-26 18:46:23.931 [FailureIntercept] Severity=Warning, Id=988a6cb2-7050-4a5c-a946-60d652df66c3, Text=Highlighted walls overlap. One of them may be ignored when Revit finds room boundaries. Use Cut Geometry to embed one wall within the other.
2026-07-26 18:46:23.932 [FailureIntercept] Severity=Warning, Id=988a6cb2-7050-4a5c-a946-60d652df66c3, Text=Highlighted walls overlap. One of them may be ignored when Revit finds room boundaries. Use Cut Geometry to embed one wall within the other.
2026-07-26 18:46:23.932 [FailureIntercept] Severity=Warning, Id=988a6cb2-7050-4a5c-a946-60d652df66c3, Text=Highlighted walls overlap. One of them may be ignored when Revit finds room boundaries. Use Cut Geometry to embed one wall within the other.
2026-07-26 18:46:23.933 [FailureIntercept] Severity=Warning, Id=988a6cb2-7050-4a5c-a946-60d652df66c3, Text=Highlighted walls overlap. One of them may be ignored when Revit finds room boundaries. Use Cut Geometry to embed one wall within the other.
2026-07-26 18:46:23.933 [FailureIntercept] Severity=Warning, Id=988a6cb2-7050-4a5c-a946-60d652df66c3, Text=Highlighted walls overlap. One of them may be ignored when Revit finds room boundaries. Use Cut Geometry to embed one wall within the other.
2026-07-26 18:46:23.933 [FailureIntercept] Severity=Warning, Id=988a6cb2-7050-4a5c-a946-60d652df66c3, Text=Highlighted walls overlap. One of them may be ignored when Revit finds room boundaries. Use Cut Geometry to embed one wall within the other.
2026-07-26 18:46:23.934 [FailureIntercept] Severity=Warning, Id=988a6cb2-7050-4a5c-a946-60d652df66c3, Text=Highlighted walls overlap. One of them may be ignored when Revit finds room boundaries. Use Cut Geometry to embed one wall within the other.
2026-07-26 18:46:23.934 [FailureIntercept] Severity=Warning, Id=988a6cb2-7050-4a5c-a946-60d652df66c3, Text=Highlighted walls overlap. One of them may be ignored when Revit finds room boundaries. Use Cut Geometry to embed one wall within the other.
2026-07-26 18:46:23.934 [FailureIntercept] Severity=Warning, Id=988a6cb2-7050-4a5c-a946-60d652df66c3, Text=Highlighted walls overlap. One of them may be ignored when Revit finds room boundaries. Use Cut Geometry to embed one wall within the other.
2026-07-26 18:46:23.934 [FailureIntercept] Severity=Warning, Id=988a6cb2-7050-4a5c-a946-60d652df66c3, Text=Highlighted walls overlap. One of them may be ignored when Revit finds room boundaries. Use Cut Geometry to embed one wall within the other.
2026-07-26 18:46:23.935 [FailureIntercept] Severity=Warning, Id=988a6cb2-7050-4a5c-a946-60d652df66c3, Text=Highlighted walls overlap. One of them may be ignored when Revit finds room boundaries. Use Cut Geometry to embed one wall within the other.
2026-07-26 18:46:23.935 [FailureIntercept] Severity=Warning, Id=988a6cb2-7050-4a5c-a946-60d652df66c3, Text=Highlighted walls overlap. One of them may be ignored when Revit finds room boundaries. Use Cut Geometry to embed one wall within the other.
2026-07-26 18:46:23.935 [FailureIntercept] Severity=Warning, Id=988a6cb2-7050-4a5c-a946-60d652df66c3, Text=Highlighted walls overlap. One of them may be ignored when Revit finds room boundaries. Use Cut Geometry to embed one wall within the other.
2026-07-26 18:46:23.935 [FailureIntercept] Severity=Warning, Id=988a6cb2-7050-4a5c-a946-60d652df66c3, Text=Highlighted walls overlap. One of them may be ignored when Revit finds room boundaries. Use Cut Geometry to embed one wall within the other.
2026-07-26 18:46:23.936 [FailureIntercept] Severity=Warning, Id=988a6cb2-7050-4a5c-a946-60d652df66c3, Text=Highlighted walls overlap. One of them may be ignored when Revit finds room boundaries. Use Cut Geometry to embed one wall within the other.
2026-07-26 18:46:23.936 [FailureIntercept] Severity=Warning, Id=988a6cb2-7050-4a5c-a946-60d652df66c3, Text=Highlighted walls overlap. One of them may be ignored when Revit finds room boundaries. Use Cut Geometry to embed one wall within the other.
2026-07-26 18:46:23.936 [FailureIntercept] Severity=Warning, Id=988a6cb2-7050-4a5c-a946-60d652df66c3, Text=Highlighted walls overlap. One of them may be ignored when Revit finds room boundaries. Use Cut Geometry to embed one wall within the other.
2026-07-26 18:46:23.936 [FailureIntercept] Severity=Warning, Id=988a6cb2-7050-4a5c-a946-60d652df66c3, Text=Highlighted walls overlap. One of them may be ignored when Revit finds room boundaries. Use Cut Geometry to embed one wall within the other.
2026-07-26 18:46:23.937 [FailureIntercept] Severity=Warning, Id=988a6cb2-7050-4a5c-a946-60d652df66c3, Text=Highlighted walls overlap. One of them may be ignored when Revit finds room boundaries. Use Cut Geometry to embed one wall within the other.
2026-07-26 18:46:23.937 [FailureIntercept] Severity=Warning, Id=988a6cb2-7050-4a5c-a946-60d652df66c3, Text=Highlighted walls overlap. One of them may be ignored when Revit finds room boundaries. Use Cut Geometry to embed one wall within the other.
2026-07-26 18:46:23.937 [FailureIntercept] Severity=Warning, Id=988a6cb2-7050-4a5c-a946-60d652df66c3, Text=Highlighted walls overlap. One of them may be ignored when Revit finds room boundaries. Use Cut Geometry to embed one wall within the other.
2026-07-26 18:46:23.937 [FailureIntercept] Severity=Warning, Id=988a6cb2-7050-4a5c-a946-60d652df66c3, Text=Highlighted walls overlap. One of them may be ignored when Revit finds room boundaries. Use Cut Geometry to embed one wall within the other.
2026-07-26 18:46:23.937 [FailureIntercept] Severity=Warning, Id=988a6cb2-7050-4a5c-a946-60d652df66c3, Text=Highlighted walls overlap. One of them may be ignored when Revit finds room boundaries. Use Cut Geometry to embed one wall within the other.
2026-07-26 18:46:23.938 [FailureIntercept] Severity=Warning, Id=988a6cb2-7050-4a5c-a946-60d652df66c3, Text=Highlighted walls overlap. One of them may be ignored when Revit finds room boundaries. Use Cut Geometry to embed one wall within the other.
2026-07-26 18:46:23.938 [FailureIntercept] Severity=Warning, Id=988a6cb2-7050-4a5c-a946-60d652df66c3, Text=Highlighted walls overlap. One of them may be ignored when Revit finds room boundaries. Use Cut Geometry to embed one wall within the other.
2026-07-26 18:46:23.938 [FailureIntercept] Severity=Warning, Id=988a6cb2-7050-4a5c-a946-60d652df66c3, Text=Highlighted walls overlap. One of them may be ignored when Revit finds room boundaries. Use Cut Geometry to embed one wall within the other.
2026-07-26 18:46:23.938 [FailureIntercept] Severity=Warning, Id=988a6cb2-7050-4a5c-a946-60d652df66c3, Text=Highlighted walls overlap. One of them may be ignored when Revit finds room boundaries. Use Cut Geometry to embed one wall within the other.
2026-07-26 18:46:23.939 [FailureIntercept] Severity=Warning, Id=988a6cb2-7050-4a5c-a946-60d652df66c3, Text=Highlighted walls overlap. One of them may be ignored when Revit finds room boundaries. Use Cut Geometry to embed one wall within the other.
2026-07-26 18:46:23.939 [FailureIntercept] Severity=Warning, Id=988a6cb2-7050-4a5c-a946-60d652df66c3, Text=Highlighted walls overlap. One of them may be ignored when Revit finds room boundaries. Use Cut Geometry to embed one wall within the other.
2026-07-26 18:46:23.939 [FailureIntercept] Severity=Warning, Id=988a6cb2-7050-4a5c-a946-60d652df66c3, Text=Highlighted walls overlap. One of them may be ignored when Revit finds room boundaries. Use Cut Geometry to embed one wall within the other.
2026-07-26 18:46:23.939 [FailureIntercept] Severity=Warning, Id=988a6cb2-7050-4a5c-a946-60d652df66c3, Text=Highlighted walls overlap. One of them may be ignored when Revit finds room boundaries. Use Cut Geometry to embed one wall within the other.
2026-07-26 18:46:23.940 [FailureIntercept] Severity=Warning, Id=988a6cb2-7050-4a5c-a946-60d652df66c3, Text=Highlighted walls overlap. One of them may be ignored when Revit finds room boundaries. Use Cut Geometry to embed one wall within the other.
2026-07-26 18:46:23.940 [FailureIntercept] Severity=Warning, Id=988a6cb2-7050-4a5c-a946-60d652df66c3, Text=Highlighted walls overlap. One of them may be ignored when Revit finds room boundaries. Use Cut Geometry to embed one wall within the other.
2026-07-26 18:46:23.940 [FailureIntercept] Severity=Warning, Id=988a6cb2-7050-4a5c-a946-60d652df66c3, Text=Highlighted walls overlap. One of them may be ignored when Revit finds room boundaries. Use Cut Geometry to embed one wall within the other.
2026-07-26 18:46:23.940 [FailureIntercept] Severity=Warning, Id=988a6cb2-7050-4a5c-a946-60d652df66c3, Text=Highlighted walls overlap. One of them may be ignored when Revit finds room boundaries. Use Cut Geometry to embed one wall within the other.
2026-07-26 18:46:23.941 [FailureIntercept] Severity=Warning, Id=988a6cb2-7050-4a5c-a946-60d652df66c3, Text=Highlighted walls overlap. One of them may be ignored when Revit finds room boundaries. Use Cut Geometry to embed one wall within the other.
2026-07-26 18:46:23.941 [FailureIntercept] Severity=Warning, Id=988a6cb2-7050-4a5c-a946-60d652df66c3, Text=Highlighted walls overlap. One of them may be ignored when Revit finds room boundaries. Use Cut Geometry to embed one wall within the other.
2026-07-26 18:46:23.941 [FailureIntercept] Severity=Warning, Id=988a6cb2-7050-4a5c-a946-60d652df66c3, Text=Highlighted walls overlap. One of them may be ignored when Revit finds room boundaries. Use Cut Geometry to embed one wall within the other.
2026-07-26 18:46:23.941 [FailureIntercept] Severity=Warning, Id=988a6cb2-7050-4a5c-a946-60d652df66c3, Text=Highlighted walls overlap. One of them may be ignored when Revit finds room boundaries. Use Cut Geometry to embed one wall within the other.
2026-07-26 18:46:23.941 [FailureIntercept] Severity=Warning, Id=988a6cb2-7050-4a5c-a946-60d652df66c3, Text=Highlighted walls overlap. One of them may be ignored when Revit finds room boundaries. Use Cut Geometry to embed one wall within the other.
2026-07-26 18:46:23.942 [FailureIntercept] Severity=Warning, Id=988a6cb2-7050-4a5c-a946-60d652df66c3, Text=Highlighted walls overlap. One of them may be ignored when Revit finds room boundaries. Use Cut Geometry to embed one wall within the other.
2026-07-26 18:46:23.942 [FailureIntercept] Severity=Warning, Id=988a6cb2-7050-4a5c-a946-60d652df66c3, Text=Highlighted walls overlap. One of them may be ignored when Revit finds room boundaries. Use Cut Geometry to embed one wall within the other.
2026-07-26 18:46:23.942 [FailureIntercept] Severity=Warning, Id=988a6cb2-7050-4a5c-a946-60d652df66c3, Text=Highlighted walls overlap. One of them may be ignored when Revit finds room boundaries. Use Cut Geometry to embed one wall within the other.
2026-07-26 18:46:23.942 [FailureIntercept] Severity=Warning, Id=988a6cb2-7050-4a5c-a946-60d652df66c3, Text=Highlighted walls overlap. One of them may be ignored when Revit finds room boundaries. Use Cut Geometry to embed one wall within the other.
2026-07-26 18:46:23.942 [FailureIntercept] Severity=Warning, Id=988a6cb2-7050-4a5c-a946-60d652df66c3, Text=Highlighted walls overlap. One of them may be ignored when Revit finds room boundaries. Use Cut Geometry to embed one wall within the other.
2026-07-26 18:46:23.942 [FailureIntercept] Severity=Warning, Id=988a6cb2-7050-4a5c-a946-60d652df66c3, Text=Highlighted walls overlap. One of them may be ignored when Revit finds room boundaries. Use Cut Geometry to embed one wall within the other.
2026-07-26 18:46:23.943 [FailureIntercept] Severity=Warning, Id=988a6cb2-7050-4a5c-a946-60d652df66c3, Text=Highlighted walls overlap. One of them may be ignored when Revit finds room boundaries. Use Cut Geometry to embed one wall within the other.
2026-07-26 18:46:23.943 [FailureIntercept] Severity=Warning, Id=988a6cb2-7050-4a5c-a946-60d652df66c3, Text=Highlighted walls overlap. One of them may be ignored when Revit finds room boundaries. Use Cut Geometry to embed one wall within the other.
2026-07-26 18:46:23.943 [FailureIntercept] Severity=Warning, Id=988a6cb2-7050-4a5c-a946-60d652df66c3, Text=Highlighted walls overlap. One of them may be ignored when Revit finds room boundaries. Use Cut Geometry to embed one wall within the other.
2026-07-26 18:46:23.943 [FailureIntercept] Severity=Warning, Id=988a6cb2-7050-4a5c-a946-60d652df66c3, Text=Highlighted walls overlap. One of them may be ignored when Revit finds room boundaries. Use Cut Geometry to embed one wall within the other.
2026-07-26 18:46:23.943 [FailureIntercept] Severity=Warning, Id=988a6cb2-7050-4a5c-a946-60d652df66c3, Text=Highlighted walls overlap. One of them may be ignored when Revit finds room boundaries. Use Cut Geometry to embed one wall within the other.
2026-07-26 18:46:23.944 [FailureIntercept] Severity=Warning, Id=988a6cb2-7050-4a5c-a946-60d652df66c3, Text=Highlighted walls overlap. One of them may be ignored when Revit finds room boundaries. Use Cut Geometry to embed one wall within the other.
2026-07-26 18:46:23.944 [FailureIntercept] Severity=Warning, Id=988a6cb2-7050-4a5c-a946-60d652df66c3, Text=Highlighted walls overlap. One of them may be ignored when Revit finds room boundaries. Use Cut Geometry to embed one wall within the other.
2026-07-26 18:46:23.944 [FailureIntercept] Severity=Warning, Id=988a6cb2-7050-4a5c-a946-60d652df66c3, Text=Highlighted walls overlap. One of them may be ignored when Revit finds room boundaries. Use Cut Geometry to embed one wall within the other.
2026-07-26 18:46:23.944 [FailureIntercept] Severity=Warning, Id=988a6cb2-7050-4a5c-a946-60d652df66c3, Text=Highlighted walls overlap. One of them may be ignored when Revit finds room boundaries. Use Cut Geometry to embed one wall within the other.
2026-07-26 18:46:23.945 [FailureIntercept] Severity=Warning, Id=988a6cb2-7050-4a5c-a946-60d652df66c3, Text=Highlighted walls overlap. One of them may be ignored when Revit finds room boundaries. Use Cut Geometry to embed one wall within the other.
2026-07-26 18:46:23.945 [FailureIntercept] Severity=Warning, Id=988a6cb2-7050-4a5c-a946-60d652df66c3, Text=Highlighted walls overlap. One of them may be ignored when Revit finds room boundaries. Use Cut Geometry to embed one wall within the other.
2026-07-26 18:46:23.945 [FailureIntercept] Severity=Warning, Id=988a6cb2-7050-4a5c-a946-60d652df66c3, Text=Highlighted walls overlap. One of them may be ignored when Revit finds room boundaries. Use Cut Geometry to embed one wall within the other.
2026-07-26 18:46:23.945 [FailureIntercept] Severity=Warning, Id=988a6cb2-7050-4a5c-a946-60d652df66c3, Text=Highlighted walls overlap. One of them may be ignored when Revit finds room boundaries. Use Cut Geometry to embed one wall within the other.
2026-07-26 18:46:23.946 [FailureIntercept] Severity=Warning, Id=988a6cb2-7050-4a5c-a946-60d652df66c3, Text=Highlighted walls overlap. One of them may be ignored when Revit finds room boundaries. Use Cut Geometry to embed one wall within the other.
2026-07-26 18:46:23.946 [FailureIntercept] Severity=Warning, Id=988a6cb2-7050-4a5c-a946-60d652df66c3, Text=Highlighted walls overlap. One of them may be ignored when Revit finds room boundaries. Use Cut Geometry to embed one wall within the other.
2026-07-26 18:46:23.946 [FailureIntercept] Severity=Warning, Id=988a6cb2-7050-4a5c-a946-60d652df66c3, Text=Highlighted walls overlap. One of them may be ignored when Revit finds room boundaries. Use Cut Geometry to embed one wall within the other.
2026-07-26 18:46:23.946 [FailureIntercept] Severity=Warning, Id=988a6cb2-7050-4a5c-a946-60d652df66c3, Text=Highlighted walls overlap. One of them may be ignored when Revit finds room boundaries. Use Cut Geometry to embed one wall within the other.
2026-07-26 18:46:23.948 [FailureIntercept] Severity=Warning, Id=988a6cb2-7050-4a5c-a946-60d652df66c3, Text=Highlighted walls overlap. One of them may be ignored when Revit finds room boundaries. Use Cut Geometry to embed one wall within the other.
2026-07-26 18:46:23.948 [FailureIntercept] Severity=Warning, Id=988a6cb2-7050-4a5c-a946-60d652df66c3, Text=Highlighted walls overlap. One of them may be ignored when Revit finds room boundaries. Use Cut Geometry to embed one wall within the other.
2026-07-26 18:46:23.949 [FailureIntercept] Severity=Warning, Id=988a6cb2-7050-4a5c-a946-60d652df66c3, Text=Highlighted walls overlap. One of them may be ignored when Revit finds room boundaries. Use Cut Geometry to embed one wall within the other.
2026-07-26 18:46:23.949 [FailureIntercept] Severity=Warning, Id=988a6cb2-7050-4a5c-a946-60d652df66c3, Text=Highlighted walls overlap. One of them may be ignored when Revit finds room boundaries. Use Cut Geometry to embed one wall within the other.
2026-07-26 18:46:23.949 [FailureIntercept] Severity=Warning, Id=988a6cb2-7050-4a5c-a946-60d652df66c3, Text=Highlighted walls overlap. One of them may be ignored when Revit finds room boundaries. Use Cut Geometry to embed one wall within the other.
2026-07-26 18:46:23.949 [FailureIntercept] Severity=Warning, Id=988a6cb2-7050-4a5c-a946-60d652df66c3, Text=Highlighted walls overlap. One of them may be ignored when Revit finds room boundaries. Use Cut Geometry to embed one wall within the other.
2026-07-26 18:46:23.951 [FailureIntercept] Severity=Warning, Id=988a6cb2-7050-4a5c-a946-60d652df66c3, Text=Highlighted walls overlap. One of them may be ignored when Revit finds room boundaries. Use Cut Geometry to embed one wall within the other.
2026-07-26 18:46:23.951 [FailureIntercept] Severity=Warning, Id=988a6cb2-7050-4a5c-a946-60d652df66c3, Text=Highlighted walls overlap. One of them may be ignored when Revit finds room boundaries. Use Cut Geometry to embed one wall within the other.
2026-07-26 18:46:23.951 [FailureIntercept] Severity=Warning, Id=988a6cb2-7050-4a5c-a946-60d652df66c3, Text=Highlighted walls overlap. One of them may be ignored when Revit finds room boundaries. Use Cut Geometry to embed one wall within the other.
2026-07-26 18:46:23.951 [FailureIntercept] Severity=Warning, Id=988a6cb2-7050-4a5c-a946-60d652df66c3, Text=Highlighted walls overlap. One of them may be ignored when Revit finds room boundaries. Use Cut Geometry to embed one wall within the other.
2026-07-26 18:46:23.952 [FailureIntercept] Severity=Warning, Id=988a6cb2-7050-4a5c-a946-60d652df66c3, Text=Highlighted walls overlap. One of them may be ignored when Revit finds room boundaries. Use Cut Geometry to embed one wall within the other.
2026-07-26 18:46:23.952 [FailureIntercept] Severity=Warning, Id=988a6cb2-7050-4a5c-a946-60d652df66c3, Text=Highlighted walls overlap. One of them may be ignored when Revit finds room boundaries. Use Cut Geometry to embed one wall within the other.
2026-07-26 18:46:23.952 [FailureIntercept] Severity=Warning, Id=988a6cb2-7050-4a5c-a946-60d652df66c3, Text=Highlighted walls overlap. One of them may be ignored when Revit finds room boundaries. Use Cut Geometry to embed one wall within the other.
2026-07-26 18:46:23.952 [FailureIntercept] Severity=Warning, Id=988a6cb2-7050-4a5c-a946-60d652df66c3, Text=Highlighted walls overlap. One of them may be ignored when Revit finds room boundaries. Use Cut Geometry to embed one wall within the other.
2026-07-26 18:46:23.953 [FailureIntercept] Severity=Warning, Id=988a6cb2-7050-4a5c-a946-60d652df66c3, Text=Highlighted walls overlap. One of them may be ignored when Revit finds room boundaries. Use Cut Geometry to embed one wall within the other.
2026-07-26 18:46:23.953 [FailureIntercept] Severity=Warning, Id=988a6cb2-7050-4a5c-a946-60d652df66c3, Text=Highlighted walls overlap. One of them may be ignored when Revit finds room boundaries. Use Cut Geometry to embed one wall within the other.
2026-07-26 18:46:23.953 [FailureIntercept] Severity=Warning, Id=988a6cb2-7050-4a5c-a946-60d652df66c3, Text=Highlighted walls overlap. One of them may be ignored when Revit finds room boundaries. Use Cut Geometry to embed one wall within the other.
2026-07-26 18:46:23.953 [FailureIntercept] Severity=Warning, Id=988a6cb2-7050-4a5c-a946-60d652df66c3, Text=Highlighted walls overlap. One of them may be ignored when Revit finds room boundaries. Use Cut Geometry to embed one wall within the other.
2026-07-26 18:46:23.954 [FailureIntercept] Severity=Warning, Id=988a6cb2-7050-4a5c-a946-60d652df66c3, Text=Highlighted walls overlap. One of them may be ignored when Revit finds room boundaries. Use Cut Geometry to embed one wall within the other.
2026-07-26 18:46:23.954 [FailureIntercept] Severity=Warning, Id=988a6cb2-7050-4a5c-a946-60d652df66c3, Text=Highlighted walls overlap. One of them may be ignored when Revit finds room boundaries. Use Cut Geometry to embed one wall within the other.
2026-07-26 18:46:23.954 [FailureIntercept] Severity=Warning, Id=988a6cb2-7050-4a5c-a946-60d652df66c3, Text=Highlighted walls overlap. One of them may be ignored when Revit finds room boundaries. Use Cut Geometry to embed one wall within the other.
2026-07-26 18:46:23.954 [FailureIntercept] Severity=Warning, Id=988a6cb2-7050-4a5c-a946-60d652df66c3, Text=Highlighted walls overlap. One of them may be ignored when Revit finds room boundaries. Use Cut Geometry to embed one wall within the other.
2026-07-26 18:46:23.954 [FailureIntercept] Severity=Warning, Id=988a6cb2-7050-4a5c-a946-60d652df66c3, Text=Highlighted walls overlap. One of them may be ignored when Revit finds room boundaries. Use Cut Geometry to embed one wall within the other.
2026-07-26 18:46:23.955 [FailureIntercept] Severity=Warning, Id=988a6cb2-7050-4a5c-a946-60d652df66c3, Text=Highlighted walls overlap. One of them may be ignored when Revit finds room boundaries. Use Cut Geometry to embed one wall within the other.
2026-07-26 18:46:23.955 [FailureIntercept] Severity=Warning, Id=988a6cb2-7050-4a5c-a946-60d652df66c3, Text=Highlighted walls overlap. One of them may be ignored when Revit finds room boundaries. Use Cut Geometry to embed one wall within the other.
2026-07-26 18:46:23.955 [FailureIntercept] Severity=Warning, Id=988a6cb2-7050-4a5c-a946-60d652df66c3, Text=Highlighted walls overlap. One of them may be ignored when Revit finds room boundaries. Use Cut Geometry to embed one wall within the other.
2026-07-26 18:46:23.955 [FailureIntercept] Severity=Warning, Id=988a6cb2-7050-4a5c-a946-60d652df66c3, Text=Highlighted walls overlap. One of them may be ignored when Revit finds room boundaries. Use Cut Geometry to embed one wall within the other.
2026-07-26 18:46:23.956 [FailureIntercept] Severity=Warning, Id=988a6cb2-7050-4a5c-a946-60d652df66c3, Text=Highlighted walls overlap. One of them may be ignored when Revit finds room boundaries. Use Cut Geometry to embed one wall within the other.
2026-07-26 18:46:23.956 [FailureIntercept] Severity=Warning, Id=988a6cb2-7050-4a5c-a946-60d652df66c3, Text=Highlighted walls overlap. One of them may be ignored when Revit finds room boundaries. Use Cut Geometry to embed one wall within the other.
2026-07-26 18:46:23.956 [FailureIntercept] Severity=Warning, Id=988a6cb2-7050-4a5c-a946-60d652df66c3, Text=Highlighted walls overlap. One of them may be ignored when Revit finds room boundaries. Use Cut Geometry to embed one wall within the other.
2026-07-26 18:46:23.956 [FailureIntercept] Severity=Warning, Id=988a6cb2-7050-4a5c-a946-60d652df66c3, Text=Highlighted walls overlap. One of them may be ignored when Revit finds room boundaries. Use Cut Geometry to embed one wall within the other.
2026-07-26 18:46:23.957 [FailureIntercept] Severity=Warning, Id=988a6cb2-7050-4a5c-a946-60d652df66c3, Text=Highlighted walls overlap. One of them may be ignored when Revit finds room boundaries. Use Cut Geometry to embed one wall within the other.
2026-07-26 18:46:23.957 [FailureIntercept] Severity=Warning, Id=988a6cb2-7050-4a5c-a946-60d652df66c3, Text=Highlighted walls overlap. One of them may be ignored when Revit finds room boundaries. Use Cut Geometry to embed one wall within the other.
2026-07-26 18:46:23.957 [FailureIntercept] Severity=Warning, Id=988a6cb2-7050-4a5c-a946-60d652df66c3, Text=Highlighted walls overlap. One of them may be ignored when Revit finds room boundaries. Use Cut Geometry to embed one wall within the other.
2026-07-26 18:46:23.957 [FailureIntercept] Severity=Warning, Id=988a6cb2-7050-4a5c-a946-60d652df66c3, Text=Highlighted walls overlap. One of them may be ignored when Revit finds room boundaries. Use Cut Geometry to embed one wall within the other.
2026-07-26 18:46:23.957 [FailureIntercept] Severity=Warning, Id=988a6cb2-7050-4a5c-a946-60d652df66c3, Text=Highlighted walls overlap. One of them may be ignored when Revit finds room boundaries. Use Cut Geometry to embed one wall within the other.
2026-07-26 18:46:23.958 [FailureIntercept] Severity=Warning, Id=988a6cb2-7050-4a5c-a946-60d652df66c3, Text=Highlighted walls overlap. One of them may be ignored when Revit finds room boundaries. Use Cut Geometry to embed one wall within the other.
2026-07-26 18:46:23.958 [FailureIntercept] Severity=Warning, Id=988a6cb2-7050-4a5c-a946-60d652df66c3, Text=Highlighted walls overlap. One of them may be ignored when Revit finds room boundaries. Use Cut Geometry to embed one wall within the other.
2026-07-26 18:46:23.958 [FailureIntercept] Severity=Warning, Id=988a6cb2-7050-4a5c-a946-60d652df66c3, Text=Highlighted walls overlap. One of them may be ignored when Revit finds room boundaries. Use Cut Geometry to embed one wall within the other.
2026-07-26 18:46:23.958 [FailureIntercept] Severity=Warning, Id=988a6cb2-7050-4a5c-a946-60d652df66c3, Text=Highlighted walls overlap. One of them may be ignored when Revit finds room boundaries. Use Cut Geometry to embed one wall within the other.
2026-07-26 18:46:23.959 [FailureIntercept] Severity=Warning, Id=988a6cb2-7050-4a5c-a946-60d652df66c3, Text=Highlighted walls overlap. One of them may be ignored when Revit finds room boundaries. Use Cut Geometry to embed one wall within the other.
2026-07-26 18:46:23.959 [FailureIntercept] Severity=Warning, Id=988a6cb2-7050-4a5c-a946-60d652df66c3, Text=Highlighted walls overlap. One of them may be ignored when Revit finds room boundaries. Use Cut Geometry to embed one wall within the other.
2026-07-26 18:46:23.959 [FailureIntercept] Severity=Warning, Id=988a6cb2-7050-4a5c-a946-60d652df66c3, Text=Highlighted walls overlap. One of them may be ignored when Revit finds room boundaries. Use Cut Geometry to embed one wall within the other.
2026-07-26 18:46:23.959 [FailureIntercept] Severity=Warning, Id=988a6cb2-7050-4a5c-a946-60d652df66c3, Text=Highlighted walls overlap. One of them may be ignored when Revit finds room boundaries. Use Cut Geometry to embed one wall within the other.
2026-07-26 18:46:23.960 [FailureIntercept] Severity=Warning, Id=988a6cb2-7050-4a5c-a946-60d652df66c3, Text=Highlighted walls overlap. One of them may be ignored when Revit finds room boundaries. Use Cut Geometry to embed one wall within the other.
2026-07-26 18:46:23.960 [FailureIntercept] Severity=Warning, Id=988a6cb2-7050-4a5c-a946-60d652df66c3, Text=Highlighted walls overlap. One of them may be ignored when Revit finds room boundaries. Use Cut Geometry to embed one wall within the other.
2026-07-26 18:46:23.960 [FailureIntercept] Severity=Warning, Id=988a6cb2-7050-4a5c-a946-60d652df66c3, Text=Highlighted walls overlap. One of them may be ignored when Revit finds room boundaries. Use Cut Geometry to embed one wall within the other.
2026-07-26 18:46:23.960 [FailureIntercept] Severity=Warning, Id=988a6cb2-7050-4a5c-a946-60d652df66c3, Text=Highlighted walls overlap. One of them may be ignored when Revit finds room boundaries. Use Cut Geometry to embed one wall within the other.
2026-07-26 18:46:23.961 [FailureIntercept] Severity=Warning, Id=988a6cb2-7050-4a5c-a946-60d652df66c3, Text=Highlighted walls overlap. One of them may be ignored when Revit finds room boundaries. Use Cut Geometry to embed one wall within the other.
2026-07-26 18:46:23.961 [FailureIntercept] Severity=Warning, Id=988a6cb2-7050-4a5c-a946-60d652df66c3, Text=Highlighted walls overlap. One of them may be ignored when Revit finds room boundaries. Use Cut Geometry to embed one wall within the other.
2026-07-26 18:46:23.961 [FailureIntercept] Severity=Warning, Id=988a6cb2-7050-4a5c-a946-60d652df66c3, Text=Highlighted walls overlap. One of them may be ignored when Revit finds room boundaries. Use Cut Geometry to embed one wall within the other.
2026-07-26 18:46:23.961 [FailureIntercept] Severity=Warning, Id=988a6cb2-7050-4a5c-a946-60d652df66c3, Text=Highlighted walls overlap. One of them may be ignored when Revit finds room boundaries. Use Cut Geometry to embed one wall within the other.
2026-07-26 18:46:23.962 [FailureIntercept] Severity=Warning, Id=988a6cb2-7050-4a5c-a946-60d652df66c3, Text=Highlighted walls overlap. One of them may be ignored when Revit finds room boundaries. Use Cut Geometry to embed one wall within the other.
2026-07-26 18:46:23.962 [FailureIntercept] Severity=Warning, Id=988a6cb2-7050-4a5c-a946-60d652df66c3, Text=Highlighted walls overlap. One of them may be ignored when Revit finds room boundaries. Use Cut Geometry to embed one wall within the other.
2026-07-26 18:46:23.962 [FailureIntercept] Severity=Warning, Id=988a6cb2-7050-4a5c-a946-60d652df66c3, Text=Highlighted walls overlap. One of them may be ignored when Revit finds room boundaries. Use Cut Geometry to embed one wall within the other.
2026-07-26 18:46:23.962 [FailureIntercept] Severity=Warning, Id=988a6cb2-7050-4a5c-a946-60d652df66c3, Text=Highlighted walls overlap. One of them may be ignored when Revit finds room boundaries. Use Cut Geometry to embed one wall within the other.
2026-07-26 18:46:23.963 [FailureIntercept] Severity=Warning, Id=988a6cb2-7050-4a5c-a946-60d652df66c3, Text=Highlighted walls overlap. One of them may be ignored when Revit finds room boundaries. Use Cut Geometry to embed one wall within the other.
2026-07-26 18:46:23.963 [FailureIntercept] Severity=Warning, Id=988a6cb2-7050-4a5c-a946-60d652df66c3, Text=Highlighted walls overlap. One of them may be ignored when Revit finds room boundaries. Use Cut Geometry to embed one wall within the other.
2026-07-26 18:46:23.964 [FailureIntercept] Severity=Warning, Id=988a6cb2-7050-4a5c-a946-60d652df66c3, Text=Highlighted walls overlap. One of them may be ignored when Revit finds room boundaries. Use Cut Geometry to embed one wall within the other.
2026-07-26 18:46:23.964 [FailureIntercept] Severity=Warning, Id=988a6cb2-7050-4a5c-a946-60d652df66c3, Text=Highlighted walls overlap. One of them may be ignored when Revit finds room boundaries. Use Cut Geometry to embed one wall within the other.
2026-07-26 18:46:23.964 [FailureIntercept] Severity=Warning, Id=988a6cb2-7050-4a5c-a946-60d652df66c3, Text=Highlighted walls overlap. One of them may be ignored when Revit finds room boundaries. Use Cut Geometry to embed one wall within the other.
2026-07-26 18:46:23.965 [FailureIntercept] Severity=Warning, Id=988a6cb2-7050-4a5c-a946-60d652df66c3, Text=Highlighted walls overlap. One of them may be ignored when Revit finds room boundaries. Use Cut Geometry to embed one wall within the other.
2026-07-26 18:46:23.965 [FailureIntercept] Severity=Warning, Id=988a6cb2-7050-4a5c-a946-60d652df66c3, Text=Highlighted walls overlap. One of them may be ignored when Revit finds room boundaries. Use Cut Geometry to embed one wall within the other.
2026-07-26 18:46:23.965 [FailureIntercept] Severity=Warning, Id=988a6cb2-7050-4a5c-a946-60d652df66c3, Text=Highlighted walls overlap. One of them may be ignored when Revit finds room boundaries. Use Cut Geometry to embed one wall within the other.
2026-07-26 18:46:23.966 [FailureIntercept] Severity=Warning, Id=988a6cb2-7050-4a5c-a946-60d652df66c3, Text=Highlighted walls overlap. One of them may be ignored when Revit finds room boundaries. Use Cut Geometry to embed one wall within the other.
2026-07-26 18:46:23.966 [FailureIntercept] Severity=Warning, Id=988a6cb2-7050-4a5c-a946-60d652df66c3, Text=Highlighted walls overlap. One of them may be ignored when Revit finds room boundaries. Use Cut Geometry to embed one wall within the other.
2026-07-26 18:46:23.967 [FailureIntercept] Severity=Warning, Id=988a6cb2-7050-4a5c-a946-60d652df66c3, Text=Highlighted walls overlap. One of them may be ignored when Revit finds room boundaries. Use Cut Geometry to embed one wall within the other.
2026-07-26 18:46:23.967 [FailureIntercept] Severity=Warning, Id=988a6cb2-7050-4a5c-a946-60d652df66c3, Text=Highlighted walls overlap. One of them may be ignored when Revit finds room boundaries. Use Cut Geometry to embed one wall within the other.
2026-07-26 18:46:23.967 [FailureIntercept] Severity=Warning, Id=988a6cb2-7050-4a5c-a946-60d652df66c3, Text=Highlighted walls overlap. One of them may be ignored when Revit finds room boundaries. Use Cut Geometry to embed one wall within the other.
2026-07-26 18:46:23.967 [FailureIntercept] Severity=Warning, Id=988a6cb2-7050-4a5c-a946-60d652df66c3, Text=Highlighted walls overlap. One of them may be ignored when Revit finds room boundaries. Use Cut Geometry to embed one wall within the other.
2026-07-26 18:46:23.968 [FailureIntercept] Severity=Warning, Id=988a6cb2-7050-4a5c-a946-60d652df66c3, Text=Highlighted walls overlap. One of them may be ignored when Revit finds room boundaries. Use Cut Geometry to embed one wall within the other.
2026-07-26 18:46:23.968 [FailureIntercept] Severity=Warning, Id=988a6cb2-7050-4a5c-a946-60d652df66c3, Text=Highlighted walls overlap. One of them may be ignored when Revit finds room boundaries. Use Cut Geometry to embed one wall within the other.
2026-07-26 18:46:23.968 [FailureIntercept] Severity=Warning, Id=988a6cb2-7050-4a5c-a946-60d652df66c3, Text=Highlighted walls overlap. One of them may be ignored when Revit finds room boundaries. Use Cut Geometry to embed one wall within the other.
2026-07-26 18:46:23.968 [FailureIntercept] Severity=Warning, Id=988a6cb2-7050-4a5c-a946-60d652df66c3, Text=Highlighted walls overlap. One of them may be ignored when Revit finds room boundaries. Use Cut Geometry to embed one wall within the other.
2026-07-26 18:46:23.969 [FailureIntercept] Severity=Warning, Id=988a6cb2-7050-4a5c-a946-60d652df66c3, Text=Highlighted walls overlap. One of them may be ignored when Revit finds room boundaries. Use Cut Geometry to embed one wall within the other.
2026-07-26 18:46:23.969 [FailureIntercept] Severity=Warning, Id=988a6cb2-7050-4a5c-a946-60d652df66c3, Text=Highlighted walls overlap. One of them may be ignored when Revit finds room boundaries. Use Cut Geometry to embed one wall within the other.
2026-07-26 18:46:23.969 [FailureIntercept] Severity=Warning, Id=988a6cb2-7050-4a5c-a946-60d652df66c3, Text=Highlighted walls overlap. One of them may be ignored when Revit finds room boundaries. Use Cut Geometry to embed one wall within the other.
2026-07-26 18:46:23.969 [FailureIntercept] Severity=Warning, Id=988a6cb2-7050-4a5c-a946-60d652df66c3, Text=Highlighted walls overlap. One of them may be ignored when Revit finds room boundaries. Use Cut Geometry to embed one wall within the other.
2026-07-26 18:46:23.970 [FailureIntercept] Severity=Warning, Id=988a6cb2-7050-4a5c-a946-60d652df66c3, Text=Highlighted walls overlap. One of them may be ignored when Revit finds room boundaries. Use Cut Geometry to embed one wall within the other.
2026-07-26 18:46:23.970 [FailureIntercept] Severity=Warning, Id=988a6cb2-7050-4a5c-a946-60d652df66c3, Text=Highlighted walls overlap. One of them may be ignored when Revit finds room boundaries. Use Cut Geometry to embed one wall within the other.
2026-07-26 18:46:23.970 [FailureIntercept] Severity=Warning, Id=988a6cb2-7050-4a5c-a946-60d652df66c3, Text=Highlighted walls overlap. One of them may be ignored when Revit finds room boundaries. Use Cut Geometry to embed one wall within the other.
2026-07-26 18:46:23.970 [FailureIntercept] Severity=Warning, Id=988a6cb2-7050-4a5c-a946-60d652df66c3, Text=Highlighted walls overlap. One of them may be ignored when Revit finds room boundaries. Use Cut Geometry to embed one wall within the other.
2026-07-26 18:46:23.970 [FailureIntercept] Severity=Warning, Id=988a6cb2-7050-4a5c-a946-60d652df66c3, Text=Highlighted walls overlap. One of them may be ignored when Revit finds room boundaries. Use Cut Geometry to embed one wall within the other.
2026-07-26 18:46:23.971 [FailureIntercept] Severity=Warning, Id=988a6cb2-7050-4a5c-a946-60d652df66c3, Text=Highlighted walls overlap. One of them may be ignored when Revit finds room boundaries. Use Cut Geometry to embed one wall within the other.
2026-07-26 18:46:23.971 [FailureIntercept] Severity=Warning, Id=988a6cb2-7050-4a5c-a946-60d652df66c3, Text=Highlighted walls overlap. One of them may be ignored when Revit finds room boundaries. Use Cut Geometry to embed one wall within the other.
2026-07-26 18:46:23.971 [FailureIntercept] Severity=Warning, Id=988a6cb2-7050-4a5c-a946-60d652df66c3, Text=Highlighted walls overlap. One of them may be ignored when Revit finds room boundaries. Use Cut Geometry to embed one wall within the other.
2026-07-26 18:46:23.971 [FailureIntercept] Severity=Warning, Id=988a6cb2-7050-4a5c-a946-60d652df66c3, Text=Highlighted walls overlap. One of them may be ignored when Revit finds room boundaries. Use Cut Geometry to embed one wall within the other.
2026-07-26 18:46:23.972 [FailureIntercept] Severity=Warning, Id=988a6cb2-7050-4a5c-a946-60d652df66c3, Text=Highlighted walls overlap. One of them may be ignored when Revit finds room boundaries. Use Cut Geometry to embed one wall within the other.
2026-07-26 18:46:23.972 [FailureIntercept] Severity=Warning, Id=988a6cb2-7050-4a5c-a946-60d652df66c3, Text=Highlighted walls overlap. One of them may be ignored when Revit finds room boundaries. Use Cut Geometry to embed one wall within the other.
2026-07-26 18:46:23.972 [FailureIntercept] Severity=Warning, Id=988a6cb2-7050-4a5c-a946-60d652df66c3, Text=Highlighted walls overlap. One of them may be ignored when Revit finds room boundaries. Use Cut Geometry to embed one wall within the other.
2026-07-26 18:46:23.973 [FailureIntercept] Severity=Warning, Id=988a6cb2-7050-4a5c-a946-60d652df66c3, Text=Highlighted walls overlap. One of them may be ignored when Revit finds room boundaries. Use Cut Geometry to embed one wall within the other.
2026-07-26 18:46:23.973 [FailureIntercept] Severity=Warning, Id=988a6cb2-7050-4a5c-a946-60d652df66c3, Text=Highlighted walls overlap. One of them may be ignored when Revit finds room boundaries. Use Cut Geometry to embed one wall within the other.
2026-07-26 18:46:23.973 [FailureIntercept] Severity=Warning, Id=988a6cb2-7050-4a5c-a946-60d652df66c3, Text=Highlighted walls overlap. One of them may be ignored when Revit finds room boundaries. Use Cut Geometry to embed one wall within the other.
2026-07-26 18:46:23.973 [FailureIntercept] Severity=Warning, Id=988a6cb2-7050-4a5c-a946-60d652df66c3, Text=Highlighted walls overlap. One of them may be ignored when Revit finds room boundaries. Use Cut Geometry to embed one wall within the other.
2026-07-26 18:46:23.974 [FailureIntercept] Severity=Warning, Id=988a6cb2-7050-4a5c-a946-60d652df66c3, Text=Highlighted walls overlap. One of them may be ignored when Revit finds room boundaries. Use Cut Geometry to embed one wall within the other.
2026-07-26 18:46:23.974 [FailureIntercept] Severity=Warning, Id=988a6cb2-7050-4a5c-a946-60d652df66c3, Text=Highlighted walls overlap. One of them may be ignored when Revit finds room boundaries. Use Cut Geometry to embed one wall within the other.
2026-07-26 18:46:23.974 [FailureIntercept] Severity=Warning, Id=988a6cb2-7050-4a5c-a946-60d652df66c3, Text=Highlighted walls overlap. One of them may be ignored when Revit finds room boundaries. Use Cut Geometry to embed one wall within the other.
2026-07-26 18:46:23.974 [FailureIntercept] Severity=Warning, Id=988a6cb2-7050-4a5c-a946-60d652df66c3, Text=Highlighted walls overlap. One of them may be ignored when Revit finds room boundaries. Use Cut Geometry to embed one wall within the other.
2026-07-26 18:46:23.975 [FailureIntercept] Severity=Warning, Id=988a6cb2-7050-4a5c-a946-60d652df66c3, Text=Highlighted walls overlap. One of them may be ignored when Revit finds room boundaries. Use Cut Geometry to embed one wall within the other.
2026-07-26 18:46:23.975 [FailureIntercept] Severity=Warning, Id=988a6cb2-7050-4a5c-a946-60d652df66c3, Text=Highlighted walls overlap. One of them may be ignored when Revit finds room boundaries. Use Cut Geometry to embed one wall within the other.
2026-07-26 18:46:23.975 [FailureIntercept] Severity=Warning, Id=988a6cb2-7050-4a5c-a946-60d652df66c3, Text=Highlighted walls overlap. One of them may be ignored when Revit finds room boundaries. Use Cut Geometry to embed one wall within the other.
2026-07-26 18:46:23.975 [FailureIntercept] Severity=Warning, Id=988a6cb2-7050-4a5c-a946-60d652df66c3, Text=Highlighted walls overlap. One of them may be ignored when Revit finds room boundaries. Use Cut Geometry to embed one wall within the other.
2026-07-26 18:46:23.976 [FailureIntercept] Severity=Warning, Id=988a6cb2-7050-4a5c-a946-60d652df66c3, Text=Highlighted walls overlap. One of them may be ignored when Revit finds room boundaries. Use Cut Geometry to embed one wall within the other.
2026-07-26 18:46:23.976 [FailureIntercept] Severity=Warning, Id=988a6cb2-7050-4a5c-a946-60d652df66c3, Text=Highlighted walls overlap. One of them may be ignored when Revit finds room boundaries. Use Cut Geometry to embed one wall within the other.
2026-07-26 18:46:23.976 [FailureIntercept] Severity=Warning, Id=988a6cb2-7050-4a5c-a946-60d652df66c3, Text=Highlighted walls overlap. One of them may be ignored when Revit finds room boundaries. Use Cut Geometry to embed one wall within the other.
2026-07-26 18:46:23.976 [FailureIntercept] Severity=Warning, Id=988a6cb2-7050-4a5c-a946-60d652df66c3, Text=Highlighted walls overlap. One of them may be ignored when Revit finds room boundaries. Use Cut Geometry to embed one wall within the other.
2026-07-26 18:46:23.977 [FailureIntercept] Severity=Warning, Id=988a6cb2-7050-4a5c-a946-60d652df66c3, Text=Highlighted walls overlap. One of them may be ignored when Revit finds room boundaries. Use Cut Geometry to embed one wall within the other.
2026-07-26 18:46:23.977 [FailureIntercept] Severity=Warning, Id=988a6cb2-7050-4a5c-a946-60d652df66c3, Text=Highlighted walls overlap. One of them may be ignored when Revit finds room boundaries. Use Cut Geometry to embed one wall within the other.
2026-07-26 18:46:23.977 [FailureIntercept] Severity=Warning, Id=988a6cb2-7050-4a5c-a946-60d652df66c3, Text=Highlighted walls overlap. One of them may be ignored when Revit finds room boundaries. Use Cut Geometry to embed one wall within the other.
2026-07-26 18:46:23.978 [FailureIntercept] Severity=Warning, Id=988a6cb2-7050-4a5c-a946-60d652df66c3, Text=Highlighted walls overlap. One of them may be ignored when Revit finds room boundaries. Use Cut Geometry to embed one wall within the other.
2026-07-26 18:46:23.978 [FailureIntercept] Severity=Warning, Id=988a6cb2-7050-4a5c-a946-60d652df66c3, Text=Highlighted walls overlap. One of them may be ignored when Revit finds room boundaries. Use Cut Geometry to embed one wall within the other.
2026-07-26 18:46:23.979 [FailureIntercept] Severity=Warning, Id=988a6cb2-7050-4a5c-a946-60d652df66c3, Text=Highlighted walls overlap. One of them may be ignored when Revit finds room boundaries. Use Cut Geometry to embed one wall within the other.
2026-07-26 18:46:23.979 [FailureIntercept] Severity=Warning, Id=988a6cb2-7050-4a5c-a946-60d652df66c3, Text=Highlighted walls overlap. One of them may be ignored when Revit finds room boundaries. Use Cut Geometry to embed one wall within the other.
2026-07-26 18:46:23.979 [FailureIntercept] Severity=Warning, Id=988a6cb2-7050-4a5c-a946-60d652df66c3, Text=Highlighted walls overlap. One of them may be ignored when Revit finds room boundaries. Use Cut Geometry to embed one wall within the other.
2026-07-26 18:46:23.979 [FailureIntercept] Severity=Warning, Id=988a6cb2-7050-4a5c-a946-60d652df66c3, Text=Highlighted walls overlap. One of them may be ignored when Revit finds room boundaries. Use Cut Geometry to embed one wall within the other.
2026-07-26 18:46:23.980 [FailureIntercept] Severity=Warning, Id=988a6cb2-7050-4a5c-a946-60d652df66c3, Text=Highlighted walls overlap. One of them may be ignored when Revit finds room boundaries. Use Cut Geometry to embed one wall within the other.
2026-07-26 18:46:23.980 [FailureIntercept] Severity=Warning, Id=988a6cb2-7050-4a5c-a946-60d652df66c3, Text=Highlighted walls overlap. One of them may be ignored when Revit finds room boundaries. Use Cut Geometry to embed one wall within the other.
2026-07-26 18:46:23.980 [FailureIntercept] Severity=Warning, Id=988a6cb2-7050-4a5c-a946-60d652df66c3, Text=Highlighted walls overlap. One of them may be ignored when Revit finds room boundaries. Use Cut Geometry to embed one wall within the other.
2026-07-26 18:46:23.980 [FailureIntercept] Severity=Warning, Id=988a6cb2-7050-4a5c-a946-60d652df66c3, Text=Highlighted walls overlap. One of them may be ignored when Revit finds room boundaries. Use Cut Geometry to embed one wall within the other.
2026-07-26 18:46:23.981 [FailureIntercept] Severity=Warning, Id=988a6cb2-7050-4a5c-a946-60d652df66c3, Text=Highlighted walls overlap. One of them may be ignored when Revit finds room boundaries. Use Cut Geometry to embed one wall within the other.
2026-07-26 18:46:23.981 [FailureIntercept] Severity=Warning, Id=988a6cb2-7050-4a5c-a946-60d652df66c3, Text=Highlighted walls overlap. One of them may be ignored when Revit finds room boundaries. Use Cut Geometry to embed one wall within the other.
2026-07-26 18:46:23.981 [FailureIntercept] Severity=Warning, Id=988a6cb2-7050-4a5c-a946-60d652df66c3, Text=Highlighted walls overlap. One of them may be ignored when Revit finds room boundaries. Use Cut Geometry to embed one wall within the other.
2026-07-26 18:46:23.981 [FailureIntercept] Severity=Warning, Id=988a6cb2-7050-4a5c-a946-60d652df66c3, Text=Highlighted walls overlap. One of them may be ignored when Revit finds room boundaries. Use Cut Geometry to embed one wall within the other.
2026-07-26 18:46:23.982 [FailureIntercept] Severity=Warning, Id=988a6cb2-7050-4a5c-a946-60d652df66c3, Text=Highlighted walls overlap. One of them may be ignored when Revit finds room boundaries. Use Cut Geometry to embed one wall within the other.
2026-07-26 18:46:23.982 [FailureIntercept] Severity=Warning, Id=988a6cb2-7050-4a5c-a946-60d652df66c3, Text=Highlighted walls overlap. One of them may be ignored when Revit finds room boundaries. Use Cut Geometry to embed one wall within the other.
2026-07-26 18:46:23.982 [FailureIntercept] Severity=Warning, Id=988a6cb2-7050-4a5c-a946-60d652df66c3, Text=Highlighted walls overlap. One of them may be ignored when Revit finds room boundaries. Use Cut Geometry to embed one wall within the other.
2026-07-26 18:46:23.982 [FailureIntercept] Severity=Warning, Id=988a6cb2-7050-4a5c-a946-60d652df66c3, Text=Highlighted walls overlap. One of them may be ignored when Revit finds room boundaries. Use Cut Geometry to embed one wall within the other.
2026-07-26 18:46:23.983 [FailureIntercept] Severity=Warning, Id=988a6cb2-7050-4a5c-a946-60d652df66c3, Text=Highlighted walls overlap. One of them may be ignored when Revit finds room boundaries. Use Cut Geometry to embed one wall within the other.
2026-07-26 18:46:23.983 [FailureIntercept] Severity=Warning, Id=988a6cb2-7050-4a5c-a946-60d652df66c3, Text=Highlighted walls overlap. One of them may be ignored when Revit finds room boundaries. Use Cut Geometry to embed one wall within the other.
2026-07-26 18:46:23.983 [FailureIntercept] Severity=Warning, Id=988a6cb2-7050-4a5c-a946-60d652df66c3, Text=Highlighted walls overlap. One of them may be ignored when Revit finds room boundaries. Use Cut Geometry to embed one wall within the other.
2026-07-26 18:46:23.983 [FailureIntercept] Severity=Warning, Id=988a6cb2-7050-4a5c-a946-60d652df66c3, Text=Highlighted walls overlap. One of them may be ignored when Revit finds room boundaries. Use Cut Geometry to embed one wall within the other.
2026-07-26 18:46:23.983 [FailureIntercept] Severity=Warning, Id=988a6cb2-7050-4a5c-a946-60d652df66c3, Text=Highlighted walls overlap. One of them may be ignored when Revit finds room boundaries. Use Cut Geometry to embed one wall within the other.
2026-07-26 18:46:23.984 [FailureIntercept] Severity=Warning, Id=988a6cb2-7050-4a5c-a946-60d652df66c3, Text=Highlighted walls overlap. One of them may be ignored when Revit finds room boundaries. Use Cut Geometry to embed one wall within the other.
2026-07-26 18:46:23.984 [FailureIntercept] Severity=Warning, Id=988a6cb2-7050-4a5c-a946-60d652df66c3, Text=Highlighted walls overlap. One of them may be ignored when Revit finds room boundaries. Use Cut Geometry to embed one wall within the other.
2026-07-26 18:46:23.984 [FailureIntercept] Severity=Warning, Id=988a6cb2-7050-4a5c-a946-60d652df66c3, Text=Highlighted walls overlap. One of them may be ignored when Revit finds room boundaries. Use Cut Geometry to embed one wall within the other.
2026-07-26 18:46:23.984 [FailureIntercept] Severity=Warning, Id=988a6cb2-7050-4a5c-a946-60d652df66c3, Text=Highlighted walls overlap. One of them may be ignored when Revit finds room boundaries. Use Cut Geometry to embed one wall within the other.
2026-07-26 18:46:23.984 [FailureIntercept] Severity=Warning, Id=988a6cb2-7050-4a5c-a946-60d652df66c3, Text=Highlighted walls overlap. One of them may be ignored when Revit finds room boundaries. Use Cut Geometry to embed one wall within the other.
2026-07-26 18:46:23.984 [FailureIntercept] Severity=Warning, Id=988a6cb2-7050-4a5c-a946-60d652df66c3, Text=Highlighted walls overlap. One of them may be ignored when Revit finds room boundaries. Use Cut Geometry to embed one wall within the other.
2026-07-26 18:46:23.985 [FailureIntercept] Severity=Warning, Id=988a6cb2-7050-4a5c-a946-60d652df66c3, Text=Highlighted walls overlap. One of them may be ignored when Revit finds room boundaries. Use Cut Geometry to embed one wall within the other.
2026-07-26 18:46:23.985 [FailureIntercept] Severity=Warning, Id=988a6cb2-7050-4a5c-a946-60d652df66c3, Text=Highlighted walls overlap. One of them may be ignored when Revit finds room boundaries. Use Cut Geometry to embed one wall within the other.
2026-07-26 18:46:23.985 [FailureIntercept] Severity=Warning, Id=988a6cb2-7050-4a5c-a946-60d652df66c3, Text=Highlighted walls overlap. One of them may be ignored when Revit finds room boundaries. Use Cut Geometry to embed one wall within the other.
2026-07-26 18:46:23.985 [FailureIntercept] Severity=Warning, Id=988a6cb2-7050-4a5c-a946-60d652df66c3, Text=Highlighted walls overlap. One of them may be ignored when Revit finds room boundaries. Use Cut Geometry to embed one wall within the other.
2026-07-26 18:46:23.985 [FailureIntercept] Severity=Warning, Id=988a6cb2-7050-4a5c-a946-60d652df66c3, Text=Highlighted walls overlap. One of them may be ignored when Revit finds room boundaries. Use Cut Geometry to embed one wall within the other.
2026-07-26 18:46:23.986 [FailureIntercept] Severity=Warning, Id=988a6cb2-7050-4a5c-a946-60d652df66c3, Text=Highlighted walls overlap. One of them may be ignored when Revit finds room boundaries. Use Cut Geometry to embed one wall within the other.
2026-07-26 18:46:23.986 [FailureIntercept] Severity=Warning, Id=988a6cb2-7050-4a5c-a946-60d652df66c3, Text=Highlighted walls overlap. One of them may be ignored when Revit finds room boundaries. Use Cut Geometry to embed one wall within the other.
2026-07-26 18:46:23.986 [FailureIntercept] Severity=Warning, Id=988a6cb2-7050-4a5c-a946-60d652df66c3, Text=Highlighted walls overlap. One of them may be ignored when Revit finds room boundaries. Use Cut Geometry to embed one wall within the other.
2026-07-26 18:46:23.986 [FailureIntercept] Severity=Warning, Id=988a6cb2-7050-4a5c-a946-60d652df66c3, Text=Highlighted walls overlap. One of them may be ignored when Revit finds room boundaries. Use Cut Geometry to embed one wall within the other.
2026-07-26 18:46:23.987 [FailureIntercept] Severity=Warning, Id=988a6cb2-7050-4a5c-a946-60d652df66c3, Text=Highlighted walls overlap. One of them may be ignored when Revit finds room boundaries. Use Cut Geometry to embed one wall within the other.
2026-07-26 18:46:23.987 [FailureIntercept] Severity=Warning, Id=988a6cb2-7050-4a5c-a946-60d652df66c3, Text=Highlighted walls overlap. One of them may be ignored when Revit finds room boundaries. Use Cut Geometry to embed one wall within the other.
2026-07-26 18:46:23.988 [FailureIntercept] Severity=Warning, Id=988a6cb2-7050-4a5c-a946-60d652df66c3, Text=Highlighted walls overlap. One of them may be ignored when Revit finds room boundaries. Use Cut Geometry to embed one wall within the other.
2026-07-26 18:46:23.988 [FailureIntercept] Severity=Warning, Id=988a6cb2-7050-4a5c-a946-60d652df66c3, Text=Highlighted walls overlap. One of them may be ignored when Revit finds room boundaries. Use Cut Geometry to embed one wall within the other.
2026-07-26 18:46:23.988 [FailureIntercept] Severity=Warning, Id=988a6cb2-7050-4a5c-a946-60d652df66c3, Text=Highlighted walls overlap. One of them may be ignored when Revit finds room boundaries. Use Cut Geometry to embed one wall within the other.
2026-07-26 18:46:23.989 [FailureIntercept] Severity=Warning, Id=988a6cb2-7050-4a5c-a946-60d652df66c3, Text=Highlighted walls overlap. One of them may be ignored when Revit finds room boundaries. Use Cut Geometry to embed one wall within the other.
2026-07-26 18:46:23.989 [FailureIntercept] Severity=Warning, Id=988a6cb2-7050-4a5c-a946-60d652df66c3, Text=Highlighted walls overlap. One of them may be ignored when Revit finds room boundaries. Use Cut Geometry to embed one wall within the other.
2026-07-26 18:46:23.989 [FailureIntercept] Severity=Warning, Id=988a6cb2-7050-4a5c-a946-60d652df66c3, Text=Highlighted walls overlap. One of them may be ignored when Revit finds room boundaries. Use Cut Geometry to embed one wall within the other.
2026-07-26 18:46:23.990 [FailureIntercept] Severity=Warning, Id=988a6cb2-7050-4a5c-a946-60d652df66c3, Text=Highlighted walls overlap. One of them may be ignored when Revit finds room boundaries. Use Cut Geometry to embed one wall within the other.
2026-07-26 18:46:23.990 [FailureIntercept] Severity=Warning, Id=988a6cb2-7050-4a5c-a946-60d652df66c3, Text=Highlighted walls overlap. One of them may be ignored when Revit finds room boundaries. Use Cut Geometry to embed one wall within the other.
2026-07-26 18:46:23.990 [FailureIntercept] Severity=Warning, Id=988a6cb2-7050-4a5c-a946-60d652df66c3, Text=Highlighted walls overlap. One of them may be ignored when Revit finds room boundaries. Use Cut Geometry to embed one wall within the other.
2026-07-26 18:46:23.991 [FailureIntercept] Severity=Warning, Id=988a6cb2-7050-4a5c-a946-60d652df66c3, Text=Highlighted walls overlap. One of them may be ignored when Revit finds room boundaries. Use Cut Geometry to embed one wall within the other.
2026-07-26 18:46:23.991 [FailureIntercept] Severity=Warning, Id=988a6cb2-7050-4a5c-a946-60d652df66c3, Text=Highlighted walls overlap. One of them may be ignored when Revit finds room boundaries. Use Cut Geometry to embed one wall within the other.
2026-07-26 18:46:23.991 [FailureIntercept] Severity=Warning, Id=988a6cb2-7050-4a5c-a946-60d652df66c3, Text=Highlighted walls overlap. One of them may be ignored when Revit finds room boundaries. Use Cut Geometry to embed one wall within the other.
2026-07-26 18:46:23.991 [FailureIntercept] Severity=Warning, Id=988a6cb2-7050-4a5c-a946-60d652df66c3, Text=Highlighted walls overlap. One of them may be ignored when Revit finds room boundaries. Use Cut Geometry to embed one wall within the other.
2026-07-26 18:46:23.992 [FailureIntercept] Severity=Warning, Id=988a6cb2-7050-4a5c-a946-60d652df66c3, Text=Highlighted walls overlap. One of them may be ignored when Revit finds room boundaries. Use Cut Geometry to embed one wall within the other.
2026-07-26 18:46:23.992 [FailureIntercept] Severity=Warning, Id=988a6cb2-7050-4a5c-a946-60d652df66c3, Text=Highlighted walls overlap. One of them may be ignored when Revit finds room boundaries. Use Cut Geometry to embed one wall within the other.
2026-07-26 18:46:23.992 [FailureIntercept] Severity=Warning, Id=988a6cb2-7050-4a5c-a946-60d652df66c3, Text=Highlighted walls overlap. One of them may be ignored when Revit finds room boundaries. Use Cut Geometry to embed one wall within the other.
2026-07-26 18:46:23.992 [FailureIntercept] Severity=Warning, Id=988a6cb2-7050-4a5c-a946-60d652df66c3, Text=Highlighted walls overlap. One of them may be ignored when Revit finds room boundaries. Use Cut Geometry to embed one wall within the other.
2026-07-26 18:46:23.992 [FailureIntercept] Severity=Warning, Id=988a6cb2-7050-4a5c-a946-60d652df66c3, Text=Highlighted walls overlap. One of them may be ignored when Revit finds room boundaries. Use Cut Geometry to embed one wall within the other.
2026-07-26 18:46:23.992 [FailureIntercept] Severity=Warning, Id=988a6cb2-7050-4a5c-a946-60d652df66c3, Text=Highlighted walls overlap. One of them may be ignored when Revit finds room boundaries. Use Cut Geometry to embed one wall within the other.
2026-07-26 18:46:23.993 [FailureIntercept] Severity=Warning, Id=988a6cb2-7050-4a5c-a946-60d652df66c3, Text=Highlighted walls overlap. One of them may be ignored when Revit finds room boundaries. Use Cut Geometry to embed one wall within the other.
2026-07-26 18:46:23.993 [FailureIntercept] Severity=Warning, Id=988a6cb2-7050-4a5c-a946-60d652df66c3, Text=Highlighted walls overlap. One of them may be ignored when Revit finds room boundaries. Use Cut Geometry to embed one wall within the other.
2026-07-26 18:46:23.994 [FailureIntercept] Severity=Warning, Id=988a6cb2-7050-4a5c-a946-60d652df66c3, Text=Highlighted walls overlap. One of them may be ignored when Revit finds room boundaries. Use Cut Geometry to embed one wall within the other.
2026-07-26 18:46:23.994 [FailureIntercept] Severity=Warning, Id=988a6cb2-7050-4a5c-a946-60d652df66c3, Text=Highlighted walls overlap. One of them may be ignored when Revit finds room boundaries. Use Cut Geometry to embed one wall within the other.
2026-07-26 18:46:23.994 [FailureIntercept] Severity=Warning, Id=988a6cb2-7050-4a5c-a946-60d652df66c3, Text=Highlighted walls overlap. One of them may be ignored when Revit finds room boundaries. Use Cut Geometry to embed one wall within the other.
2026-07-26 18:46:23.994 [FailureIntercept] Severity=Warning, Id=988a6cb2-7050-4a5c-a946-60d652df66c3, Text=Highlighted walls overlap. One of them may be ignored when Revit finds room boundaries. Use Cut Geometry to embed one wall within the other.
2026-07-26 18:46:23.995 [FailureIntercept] Severity=Warning, Id=988a6cb2-7050-4a5c-a946-60d652df66c3, Text=Highlighted walls overlap. One of them may be ignored when Revit finds room boundaries. Use Cut Geometry to embed one wall within the other.
2026-07-26 18:46:23.995 [FailureIntercept] Severity=Warning, Id=988a6cb2-7050-4a5c-a946-60d652df66c3, Text=Highlighted walls overlap. One of them may be ignored when Revit finds room boundaries. Use Cut Geometry to embed one wall within the other.
2026-07-26 18:46:23.995 [FailureIntercept] Severity=Warning, Id=988a6cb2-7050-4a5c-a946-60d652df66c3, Text=Highlighted walls overlap. One of them may be ignored when Revit finds room boundaries. Use Cut Geometry to embed one wall within the other.
2026-07-26 18:46:23.995 [FailureIntercept] Severity=Warning, Id=988a6cb2-7050-4a5c-a946-60d652df66c3, Text=Highlighted walls overlap. One of them may be ignored when Revit finds room boundaries. Use Cut Geometry to embed one wall within the other.
2026-07-26 18:46:23.996 [FailureIntercept] Severity=Warning, Id=988a6cb2-7050-4a5c-a946-60d652df66c3, Text=Highlighted walls overlap. One of them may be ignored when Revit finds room boundaries. Use Cut Geometry to embed one wall within the other.
2026-07-26 18:46:23.996 [FailureIntercept] Severity=Warning, Id=988a6cb2-7050-4a5c-a946-60d652df66c3, Text=Highlighted walls overlap. One of them may be ignored when Revit finds room boundaries. Use Cut Geometry to embed one wall within the other.
2026-07-26 18:46:23.996 [FailureIntercept] Severity=Warning, Id=988a6cb2-7050-4a5c-a946-60d652df66c3, Text=Highlighted walls overlap. One of them may be ignored when Revit finds room boundaries. Use Cut Geometry to embed one wall within the other.
2026-07-26 18:46:23.996 [FailureIntercept] Severity=Warning, Id=988a6cb2-7050-4a5c-a946-60d652df66c3, Text=Highlighted walls overlap. One of them may be ignored when Revit finds room boundaries. Use Cut Geometry to embed one wall within the other.
2026-07-26 18:46:23.996 [FailureIntercept] Severity=Warning, Id=988a6cb2-7050-4a5c-a946-60d652df66c3, Text=Highlighted walls overlap. One of them may be ignored when Revit finds room boundaries. Use Cut Geometry to embed one wall within the other.
2026-07-26 18:46:23.997 [FailureIntercept] Severity=Warning, Id=988a6cb2-7050-4a5c-a946-60d652df66c3, Text=Highlighted walls overlap. One of them may be ignored when Revit finds room boundaries. Use Cut Geometry to embed one wall within the other.
2026-07-26 18:46:23.997 [FailureIntercept] Severity=Warning, Id=988a6cb2-7050-4a5c-a946-60d652df66c3, Text=Highlighted walls overlap. One of them may be ignored when Revit finds room boundaries. Use Cut Geometry to embed one wall within the other.
2026-07-26 18:46:23.997 [FailureIntercept] Severity=Warning, Id=988a6cb2-7050-4a5c-a946-60d652df66c3, Text=Highlighted walls overlap. One of them may be ignored when Revit finds room boundaries. Use Cut Geometry to embed one wall within the other.
2026-07-26 18:46:23.998 [FailureIntercept] Severity=Warning, Id=988a6cb2-7050-4a5c-a946-60d652df66c3, Text=Highlighted walls overlap. One of them may be ignored when Revit finds room boundaries. Use Cut Geometry to embed one wall within the other.
2026-07-26 18:46:23.998 [FailureIntercept] Severity=Warning, Id=988a6cb2-7050-4a5c-a946-60d652df66c3, Text=Highlighted walls overlap. One of them may be ignored when Revit finds room boundaries. Use Cut Geometry to embed one wall within the other.
2026-07-26 18:46:23.998 [FailureIntercept] Severity=Warning, Id=988a6cb2-7050-4a5c-a946-60d652df66c3, Text=Highlighted walls overlap. One of them may be ignored when Revit finds room boundaries. Use Cut Geometry to embed one wall within the other.
2026-07-26 18:46:23.998 [FailureIntercept] Severity=Warning, Id=988a6cb2-7050-4a5c-a946-60d652df66c3, Text=Highlighted walls overlap. One of them may be ignored when Revit finds room boundaries. Use Cut Geometry to embed one wall within the other.
2026-07-26 18:46:23.998 [FailureIntercept] Severity=Warning, Id=988a6cb2-7050-4a5c-a946-60d652df66c3, Text=Highlighted walls overlap. One of them may be ignored when Revit finds room boundaries. Use Cut Geometry to embed one wall within the other.
2026-07-26 18:46:23.999 [FailureIntercept] Severity=Warning, Id=988a6cb2-7050-4a5c-a946-60d652df66c3, Text=Highlighted walls overlap. One of them may be ignored when Revit finds room boundaries. Use Cut Geometry to embed one wall within the other.
2026-07-26 18:46:23.999 [FailureIntercept] Severity=Warning, Id=988a6cb2-7050-4a5c-a946-60d652df66c3, Text=Highlighted walls overlap. One of them may be ignored when Revit finds room boundaries. Use Cut Geometry to embed one wall within the other.
2026-07-26 18:46:23.999 [FailureIntercept] Severity=Warning, Id=988a6cb2-7050-4a5c-a946-60d652df66c3, Text=Highlighted walls overlap. One of them may be ignored when Revit finds room boundaries. Use Cut Geometry to embed one wall within the other.
2026-07-26 18:46:23.999 [FailureIntercept] Severity=Warning, Id=988a6cb2-7050-4a5c-a946-60d652df66c3, Text=Highlighted walls overlap. One of them may be ignored when Revit finds room boundaries. Use Cut Geometry to embed one wall within the other.
2026-07-26 18:46:24.000 [FailureIntercept] Severity=Warning, Id=988a6cb2-7050-4a5c-a946-60d652df66c3, Text=Highlighted walls overlap. One of them may be ignored when Revit finds room boundaries. Use Cut Geometry to embed one wall within the other.
2026-07-26 18:46:24.000 [FailureIntercept] Severity=Warning, Id=988a6cb2-7050-4a5c-a946-60d652df66c3, Text=Highlighted walls overlap. One of them may be ignored when Revit finds room boundaries. Use Cut Geometry to embed one wall within the other.
2026-07-26 18:46:24.000 [FailureIntercept] Severity=Warning, Id=988a6cb2-7050-4a5c-a946-60d652df66c3, Text=Highlighted walls overlap. One of them may be ignored when Revit finds room boundaries. Use Cut Geometry to embed one wall within the other.
2026-07-26 18:46:24.000 [FailureIntercept] Severity=Warning, Id=988a6cb2-7050-4a5c-a946-60d652df66c3, Text=Highlighted walls overlap. One of them may be ignored when Revit finds room boundaries. Use Cut Geometry to embed one wall within the other.
2026-07-26 18:46:24.001 [FailureIntercept] Severity=Warning, Id=988a6cb2-7050-4a5c-a946-60d652df66c3, Text=Highlighted walls overlap. One of them may be ignored when Revit finds room boundaries. Use Cut Geometry to embed one wall within the other.
2026-07-26 18:46:24.001 [FailureIntercept] Severity=Warning, Id=988a6cb2-7050-4a5c-a946-60d652df66c3, Text=Highlighted walls overlap. One of them may be ignored when Revit finds room boundaries. Use Cut Geometry to embed one wall within the other.
2026-07-26 18:46:24.001 [FailureIntercept] Severity=Warning, Id=988a6cb2-7050-4a5c-a946-60d652df66c3, Text=Highlighted walls overlap. One of them may be ignored when Revit finds room boundaries. Use Cut Geometry to embed one wall within the other.
2026-07-26 18:46:24.001 [FailureIntercept] Severity=Warning, Id=988a6cb2-7050-4a5c-a946-60d652df66c3, Text=Highlighted walls overlap. One of them may be ignored when Revit finds room boundaries. Use Cut Geometry to embed one wall within the other.
2026-07-26 18:46:24.002 [FailureIntercept] Severity=Warning, Id=988a6cb2-7050-4a5c-a946-60d652df66c3, Text=Highlighted walls overlap. One of them may be ignored when Revit finds room boundaries. Use Cut Geometry to embed one wall within the other.
2026-07-26 18:46:24.002 [FailureIntercept] Severity=Warning, Id=988a6cb2-7050-4a5c-a946-60d652df66c3, Text=Highlighted walls overlap. One of them may be ignored when Revit finds room boundaries. Use Cut Geometry to embed one wall within the other.
2026-07-26 18:46:24.002 [FailureIntercept] Severity=Warning, Id=988a6cb2-7050-4a5c-a946-60d652df66c3, Text=Highlighted walls overlap. One of them may be ignored when Revit finds room boundaries. Use Cut Geometry to embed one wall within the other.
2026-07-26 18:46:24.002 [FailureIntercept] Severity=Warning, Id=988a6cb2-7050-4a5c-a946-60d652df66c3, Text=Highlighted walls overlap. One of them may be ignored when Revit finds room boundaries. Use Cut Geometry to embed one wall within the other.
2026-07-26 18:46:24.003 [FailureIntercept] Severity=Warning, Id=988a6cb2-7050-4a5c-a946-60d652df66c3, Text=Highlighted walls overlap. One of them may be ignored when Revit finds room boundaries. Use Cut Geometry to embed one wall within the other.
2026-07-26 18:46:24.003 [FailureIntercept] Severity=Warning, Id=988a6cb2-7050-4a5c-a946-60d652df66c3, Text=Highlighted walls overlap. One of them may be ignored when Revit finds room boundaries. Use Cut Geometry to embed one wall within the other.
2026-07-26 18:46:24.003 [FailureIntercept] Severity=Warning, Id=988a6cb2-7050-4a5c-a946-60d652df66c3, Text=Highlighted walls overlap. One of them may be ignored when Revit finds room boundaries. Use Cut Geometry to embed one wall within the other.
2026-07-26 18:46:24.003 [FailureIntercept] Severity=Warning, Id=988a6cb2-7050-4a5c-a946-60d652df66c3, Text=Highlighted walls overlap. One of them may be ignored when Revit finds room boundaries. Use Cut Geometry to embed one wall within the other.
2026-07-26 18:46:24.003 [FailureIntercept] Severity=Warning, Id=988a6cb2-7050-4a5c-a946-60d652df66c3, Text=Highlighted walls overlap. One of them may be ignored when Revit finds room boundaries. Use Cut Geometry to embed one wall within the other.
2026-07-26 18:46:24.003 [FailureIntercept] Severity=Warning, Id=988a6cb2-7050-4a5c-a946-60d652df66c3, Text=Highlighted walls overlap. One of them may be ignored when Revit finds room boundaries. Use Cut Geometry to embed one wall within the other.
2026-07-26 18:46:24.003 [FailureIntercept] Severity=Warning, Id=988a6cb2-7050-4a5c-a946-60d652df66c3, Text=Highlighted walls overlap. One of them may be ignored when Revit finds room boundaries. Use Cut Geometry to embed one wall within the other.
2026-07-26 18:46:24.004 [FailureIntercept] Severity=Warning, Id=988a6cb2-7050-4a5c-a946-60d652df66c3, Text=Highlighted walls overlap. One of them may be ignored when Revit finds room boundaries. Use Cut Geometry to embed one wall within the other.
2026-07-26 18:46:24.004 [FailureIntercept] Severity=Warning, Id=988a6cb2-7050-4a5c-a946-60d652df66c3, Text=Highlighted walls overlap. One of them may be ignored when Revit finds room boundaries. Use Cut Geometry to embed one wall within the other.
2026-07-26 18:46:24.004 [FailureIntercept] Severity=Warning, Id=988a6cb2-7050-4a5c-a946-60d652df66c3, Text=Highlighted walls overlap. One of them may be ignored when Revit finds room boundaries. Use Cut Geometry to embed one wall within the other.
2026-07-26 18:46:24.004 [FailureIntercept] Severity=Warning, Id=988a6cb2-7050-4a5c-a946-60d652df66c3, Text=Highlighted walls overlap. One of them may be ignored when Revit finds room boundaries. Use Cut Geometry to embed one wall within the other.
2026-07-26 18:46:24.005 [FailureIntercept] Severity=Warning, Id=988a6cb2-7050-4a5c-a946-60d652df66c3, Text=Highlighted walls overlap. One of them may be ignored when Revit finds room boundaries. Use Cut Geometry to embed one wall within the other.
2026-07-26 18:46:24.005 [FailureIntercept] Severity=Warning, Id=988a6cb2-7050-4a5c-a946-60d652df66c3, Text=Highlighted walls overlap. One of them may be ignored when Revit finds room boundaries. Use Cut Geometry to embed one wall within the other.
2026-07-26 18:46:24.005 [FailureIntercept] Severity=Warning, Id=988a6cb2-7050-4a5c-a946-60d652df66c3, Text=Highlighted walls overlap. One of them may be ignored when Revit finds room boundaries. Use Cut Geometry to embed one wall within the other.
2026-07-26 18:46:24.005 [FailureIntercept] Severity=Warning, Id=988a6cb2-7050-4a5c-a946-60d652df66c3, Text=Highlighted walls overlap. One of them may be ignored when Revit finds room boundaries. Use Cut Geometry to embed one wall within the other.
2026-07-26 18:46:24.006 [FailureIntercept] Severity=Warning, Id=988a6cb2-7050-4a5c-a946-60d652df66c3, Text=Highlighted walls overlap. One of them may be ignored when Revit finds room boundaries. Use Cut Geometry to embed one wall within the other.
2026-07-26 18:46:24.006 [FailureIntercept] Severity=Warning, Id=988a6cb2-7050-4a5c-a946-60d652df66c3, Text=Highlighted walls overlap. One of them may be ignored when Revit finds room boundaries. Use Cut Geometry to embed one wall within the other.
2026-07-26 18:46:24.006 [FailureIntercept] Severity=Warning, Id=988a6cb2-7050-4a5c-a946-60d652df66c3, Text=Highlighted walls overlap. One of them may be ignored when Revit finds room boundaries. Use Cut Geometry to embed one wall within the other.
2026-07-26 18:46:24.006 [FailureIntercept] Severity=Warning, Id=988a6cb2-7050-4a5c-a946-60d652df66c3, Text=Highlighted walls overlap. One of them may be ignored when Revit finds room boundaries. Use Cut Geometry to embed one wall within the other.
2026-07-26 18:46:24.007 [FailureIntercept] Severity=Warning, Id=988a6cb2-7050-4a5c-a946-60d652df66c3, Text=Highlighted walls overlap. One of them may be ignored when Revit finds room boundaries. Use Cut Geometry to embed one wall within the other.
2026-07-26 18:46:24.007 [FailureIntercept] Severity=Warning, Id=988a6cb2-7050-4a5c-a946-60d652df66c3, Text=Highlighted walls overlap. One of them may be ignored when Revit finds room boundaries. Use Cut Geometry to embed one wall within the other.
2026-07-26 18:46:24.007 [FailureIntercept] Severity=Warning, Id=988a6cb2-7050-4a5c-a946-60d652df66c3, Text=Highlighted walls overlap. One of them may be ignored when Revit finds room boundaries. Use Cut Geometry to embed one wall within the other.
2026-07-26 18:46:24.007 [FailureIntercept] Severity=Warning, Id=988a6cb2-7050-4a5c-a946-60d652df66c3, Text=Highlighted walls overlap. One of them may be ignored when Revit finds room boundaries. Use Cut Geometry to embed one wall within the other.
2026-07-26 18:46:24.008 [FailureIntercept] Severity=Warning, Id=988a6cb2-7050-4a5c-a946-60d652df66c3, Text=Highlighted walls overlap. One of them may be ignored when Revit finds room boundaries. Use Cut Geometry to embed one wall within the other.
2026-07-26 18:46:24.008 [FailureIntercept] Severity=Warning, Id=988a6cb2-7050-4a5c-a946-60d652df66c3, Text=Highlighted walls overlap. One of them may be ignored when Revit finds room boundaries. Use Cut Geometry to embed one wall within the other.
2026-07-26 18:46:24.008 [FailureIntercept] Severity=Warning, Id=988a6cb2-7050-4a5c-a946-60d652df66c3, Text=Highlighted walls overlap. One of them may be ignored when Revit finds room boundaries. Use Cut Geometry to embed one wall within the other.
2026-07-26 18:46:24.008 [FailureIntercept] Severity=Warning, Id=988a6cb2-7050-4a5c-a946-60d652df66c3, Text=Highlighted walls overlap. One of them may be ignored when Revit finds room boundaries. Use Cut Geometry to embed one wall within the other.
2026-07-26 18:46:24.009 [FailureIntercept] Severity=Warning, Id=988a6cb2-7050-4a5c-a946-60d652df66c3, Text=Highlighted walls overlap. One of them may be ignored when Revit finds room boundaries. Use Cut Geometry to embed one wall within the other.
2026-07-26 18:46:24.009 [FailureIntercept] Severity=Warning, Id=988a6cb2-7050-4a5c-a946-60d652df66c3, Text=Highlighted walls overlap. One of them may be ignored when Revit finds room boundaries. Use Cut Geometry to embed one wall within the other.
2026-07-26 18:46:24.009 [FailureIntercept] Severity=Warning, Id=988a6cb2-7050-4a5c-a946-60d652df66c3, Text=Highlighted walls overlap. One of them may be ignored when Revit finds room boundaries. Use Cut Geometry to embed one wall within the other.
2026-07-26 18:46:24.010 [FailureIntercept] Severity=Warning, Id=988a6cb2-7050-4a5c-a946-60d652df66c3, Text=Highlighted walls overlap. One of them may be ignored when Revit finds room boundaries. Use Cut Geometry to embed one wall within the other.
2026-07-26 18:46:24.010 [FailureIntercept] Severity=Warning, Id=988a6cb2-7050-4a5c-a946-60d652df66c3, Text=Highlighted walls overlap. One of them may be ignored when Revit finds room boundaries. Use Cut Geometry to embed one wall within the other.
2026-07-26 18:46:24.010 [FailureIntercept] Severity=Warning, Id=988a6cb2-7050-4a5c-a946-60d652df66c3, Text=Highlighted walls overlap. One of them may be ignored when Revit finds room boundaries. Use Cut Geometry to embed one wall within the other.
2026-07-26 18:46:24.010 [FailureIntercept] Severity=Warning, Id=988a6cb2-7050-4a5c-a946-60d652df66c3, Text=Highlighted walls overlap. One of them may be ignored when Revit finds room boundaries. Use Cut Geometry to embed one wall within the other.
2026-07-26 18:46:24.011 [FailureIntercept] Severity=Warning, Id=988a6cb2-7050-4a5c-a946-60d652df66c3, Text=Highlighted walls overlap. One of them may be ignored when Revit finds room boundaries. Use Cut Geometry to embed one wall within the other.
2026-07-26 18:46:24.011 [FailureIntercept] Severity=Warning, Id=988a6cb2-7050-4a5c-a946-60d652df66c3, Text=Highlighted walls overlap. One of them may be ignored when Revit finds room boundaries. Use Cut Geometry to embed one wall within the other.
2026-07-26 18:46:24.011 [FailureIntercept] Severity=Warning, Id=988a6cb2-7050-4a5c-a946-60d652df66c3, Text=Highlighted walls overlap. One of them may be ignored when Revit finds room boundaries. Use Cut Geometry to embed one wall within the other.
2026-07-26 18:46:24.011 [FailureIntercept] Severity=Warning, Id=988a6cb2-7050-4a5c-a946-60d652df66c3, Text=Highlighted walls overlap. One of them may be ignored when Revit finds room boundaries. Use Cut Geometry to embed one wall within the other.
2026-07-26 18:46:24.012 [FailureIntercept] Severity=Warning, Id=988a6cb2-7050-4a5c-a946-60d652df66c3, Text=Highlighted walls overlap. One of them may be ignored when Revit finds room boundaries. Use Cut Geometry to embed one wall within the other.
2026-07-26 18:46:24.012 [FailureIntercept] Severity=Warning, Id=988a6cb2-7050-4a5c-a946-60d652df66c3, Text=Highlighted walls overlap. One of them may be ignored when Revit finds room boundaries. Use Cut Geometry to embed one wall within the other.
2026-07-26 18:46:24.012 [FailureIntercept] Severity=Warning, Id=988a6cb2-7050-4a5c-a946-60d652df66c3, Text=Highlighted walls overlap. One of them may be ignored when Revit finds room boundaries. Use Cut Geometry to embed one wall within the other.
2026-07-26 18:46:24.012 [FailureIntercept] Severity=Warning, Id=988a6cb2-7050-4a5c-a946-60d652df66c3, Text=Highlighted walls overlap. One of them may be ignored when Revit finds room boundaries. Use Cut Geometry to embed one wall within the other.
2026-07-26 18:46:24.012 [FailureIntercept] Severity=Warning, Id=988a6cb2-7050-4a5c-a946-60d652df66c3, Text=Highlighted walls overlap. One of them may be ignored when Revit finds room boundaries. Use Cut Geometry to embed one wall within the other.
2026-07-26 18:46:24.013 [FailureIntercept] Severity=Warning, Id=988a6cb2-7050-4a5c-a946-60d652df66c3, Text=Highlighted walls overlap. One of them may be ignored when Revit finds room boundaries. Use Cut Geometry to embed one wall within the other.
2026-07-26 18:46:24.013 [FailureIntercept] Severity=Warning, Id=988a6cb2-7050-4a5c-a946-60d652df66c3, Text=Highlighted walls overlap. One of them may be ignored when Revit finds room boundaries. Use Cut Geometry to embed one wall within the other.
2026-07-26 18:46:24.013 [FailureIntercept] Severity=Warning, Id=988a6cb2-7050-4a5c-a946-60d652df66c3, Text=Highlighted walls overlap. One of them may be ignored when Revit finds room boundaries. Use Cut Geometry to embed one wall within the other.
2026-07-26 18:46:24.013 [FailureIntercept] Severity=Warning, Id=988a6cb2-7050-4a5c-a946-60d652df66c3, Text=Highlighted walls overlap. One of them may be ignored when Revit finds room boundaries. Use Cut Geometry to embed one wall within the other.
2026-07-26 18:46:24.015 [FailureIntercept] Severity=Warning, Id=988a6cb2-7050-4a5c-a946-60d652df66c3, Text=Highlighted walls overlap. One of them may be ignored when Revit finds room boundaries. Use Cut Geometry to embed one wall within the other.
2026-07-26 18:46:24.015 [FailureIntercept] Severity=Warning, Id=988a6cb2-7050-4a5c-a946-60d652df66c3, Text=Highlighted walls overlap. One of them may be ignored when Revit finds room boundaries. Use Cut Geometry to embed one wall within the other.
2026-07-26 18:46:24.015 [FailureIntercept] Severity=Warning, Id=988a6cb2-7050-4a5c-a946-60d652df66c3, Text=Highlighted walls overlap. One of them may be ignored when Revit finds room boundaries. Use Cut Geometry to embed one wall within the other.
2026-07-26 18:46:24.016 [FailureIntercept] Severity=Warning, Id=988a6cb2-7050-4a5c-a946-60d652df66c3, Text=Highlighted walls overlap. One of them may be ignored when Revit finds room boundaries. Use Cut Geometry to embed one wall within the other.
2026-07-26 18:46:24.016 [FailureIntercept] Severity=Warning, Id=988a6cb2-7050-4a5c-a946-60d652df66c3, Text=Highlighted walls overlap. One of them may be ignored when Revit finds room boundaries. Use Cut Geometry to embed one wall within the other.
2026-07-26 18:46:24.016 [FailureIntercept] Severity=Warning, Id=988a6cb2-7050-4a5c-a946-60d652df66c3, Text=Highlighted walls overlap. One of them may be ignored when Revit finds room boundaries. Use Cut Geometry to embed one wall within the other.
2026-07-26 18:46:24.017 [FailureIntercept] Severity=Warning, Id=988a6cb2-7050-4a5c-a946-60d652df66c3, Text=Highlighted walls overlap. One of them may be ignored when Revit finds room boundaries. Use Cut Geometry to embed one wall within the other.
2026-07-26 18:46:24.017 [FailureIntercept] Severity=Warning, Id=988a6cb2-7050-4a5c-a946-60d652df66c3, Text=Highlighted walls overlap. One of them may be ignored when Revit finds room boundaries. Use Cut Geometry to embed one wall within the other.
2026-07-26 18:46:24.017 [FailureIntercept] Severity=Warning, Id=988a6cb2-7050-4a5c-a946-60d652df66c3, Text=Highlighted walls overlap. One of them may be ignored when Revit finds room boundaries. Use Cut Geometry to embed one wall within the other.
2026-07-26 18:46:24.018 [FailureIntercept] Severity=Warning, Id=988a6cb2-7050-4a5c-a946-60d652df66c3, Text=Highlighted walls overlap. One of them may be ignored when Revit finds room boundaries. Use Cut Geometry to embed one wall within the other.
2026-07-26 18:46:24.018 [FailureIntercept] Severity=Warning, Id=988a6cb2-7050-4a5c-a946-60d652df66c3, Text=Highlighted walls overlap. One of them may be ignored when Revit finds room boundaries. Use Cut Geometry to embed one wall within the other.
2026-07-26 18:46:24.020 [FailureIntercept] Severity=Warning, Id=988a6cb2-7050-4a5c-a946-60d652df66c3, Text=Highlighted walls overlap. One of them may be ignored when Revit finds room boundaries. Use Cut Geometry to embed one wall within the other.
2026-07-26 18:46:24.020 [FailureIntercept] Severity=Warning, Id=988a6cb2-7050-4a5c-a946-60d652df66c3, Text=Highlighted walls overlap. One of them may be ignored when Revit finds room boundaries. Use Cut Geometry to embed one wall within the other.
2026-07-26 18:46:24.020 [FailureIntercept] Severity=Warning, Id=988a6cb2-7050-4a5c-a946-60d652df66c3, Text=Highlighted walls overlap. One of them may be ignored when Revit finds room boundaries. Use Cut Geometry to embed one wall within the other.
2026-07-26 18:46:24.020 [FailureIntercept] Severity=Warning, Id=988a6cb2-7050-4a5c-a946-60d652df66c3, Text=Highlighted walls overlap. One of them may be ignored when Revit finds room boundaries. Use Cut Geometry to embed one wall within the other.
2026-07-26 18:46:24.021 [FailureIntercept] Severity=Warning, Id=988a6cb2-7050-4a5c-a946-60d652df66c3, Text=Highlighted walls overlap. One of them may be ignored when Revit finds room boundaries. Use Cut Geometry to embed one wall within the other.
2026-07-26 18:46:24.021 [FailureIntercept] Severity=Warning, Id=988a6cb2-7050-4a5c-a946-60d652df66c3, Text=Highlighted walls overlap. One of them may be ignored when Revit finds room boundaries. Use Cut Geometry to embed one wall within the other.
2026-07-26 18:46:24.021 [FailureIntercept] Severity=Warning, Id=988a6cb2-7050-4a5c-a946-60d652df66c3, Text=Highlighted walls overlap. One of them may be ignored when Revit finds room boundaries. Use Cut Geometry to embed one wall within the other.
2026-07-26 18:46:24.021 [FailureIntercept] Severity=Warning, Id=988a6cb2-7050-4a5c-a946-60d652df66c3, Text=Highlighted walls overlap. One of them may be ignored when Revit finds room boundaries. Use Cut Geometry to embed one wall within the other.
2026-07-26 18:46:24.022 [FailureIntercept] Severity=Warning, Id=988a6cb2-7050-4a5c-a946-60d652df66c3, Text=Highlighted walls overlap. One of them may be ignored when Revit finds room boundaries. Use Cut Geometry to embed one wall within the other.
2026-07-26 18:46:24.022 [FailureIntercept] Severity=Warning, Id=988a6cb2-7050-4a5c-a946-60d652df66c3, Text=Highlighted walls overlap. One of them may be ignored when Revit finds room boundaries. Use Cut Geometry to embed one wall within the other.
2026-07-26 18:46:24.022 [FailureIntercept] Severity=Warning, Id=988a6cb2-7050-4a5c-a946-60d652df66c3, Text=Highlighted walls overlap. One of them may be ignored when Revit finds room boundaries. Use Cut Geometry to embed one wall within the other.
2026-07-26 18:46:24.022 [FailureIntercept] Severity=Warning, Id=988a6cb2-7050-4a5c-a946-60d652df66c3, Text=Highlighted walls overlap. One of them may be ignored when Revit finds room boundaries. Use Cut Geometry to embed one wall within the other.
2026-07-26 18:46:24.023 [FailureIntercept] Severity=Warning, Id=988a6cb2-7050-4a5c-a946-60d652df66c3, Text=Highlighted walls overlap. One of them may be ignored when Revit finds room boundaries. Use Cut Geometry to embed one wall within the other.
2026-07-26 18:46:24.023 [FailureIntercept] Severity=Warning, Id=988a6cb2-7050-4a5c-a946-60d652df66c3, Text=Highlighted walls overlap. One of them may be ignored when Revit finds room boundaries. Use Cut Geometry to embed one wall within the other.
2026-07-26 18:46:24.023 [FailureIntercept] Severity=Warning, Id=988a6cb2-7050-4a5c-a946-60d652df66c3, Text=Highlighted walls overlap. One of them may be ignored when Revit finds room boundaries. Use Cut Geometry to embed one wall within the other.
2026-07-26 18:46:24.023 [FailureIntercept] Severity=Warning, Id=988a6cb2-7050-4a5c-a946-60d652df66c3, Text=Highlighted walls overlap. One of them may be ignored when Revit finds room boundaries. Use Cut Geometry to embed one wall within the other.
2026-07-26 18:46:24.023 [FailureIntercept] Severity=Warning, Id=988a6cb2-7050-4a5c-a946-60d652df66c3, Text=Highlighted walls overlap. One of them may be ignored when Revit finds room boundaries. Use Cut Geometry to embed one wall within the other.
2026-07-26 18:46:24.024 [FailureIntercept] Severity=Warning, Id=988a6cb2-7050-4a5c-a946-60d652df66c3, Text=Highlighted walls overlap. One of them may be ignored when Revit finds room boundaries. Use Cut Geometry to embed one wall within the other.
2026-07-26 18:46:24.024 [FailureIntercept] Severity=Warning, Id=988a6cb2-7050-4a5c-a946-60d652df66c3, Text=Highlighted walls overlap. One of them may be ignored when Revit finds room boundaries. Use Cut Geometry to embed one wall within the other.
2026-07-26 18:46:24.024 [FailureIntercept] Severity=Warning, Id=988a6cb2-7050-4a5c-a946-60d652df66c3, Text=Highlighted walls overlap. One of them may be ignored when Revit finds room boundaries. Use Cut Geometry to embed one wall within the other.
2026-07-26 18:46:24.024 [FailureIntercept] Severity=Warning, Id=988a6cb2-7050-4a5c-a946-60d652df66c3, Text=Highlighted walls overlap. One of them may be ignored when Revit finds room boundaries. Use Cut Geometry to embed one wall within the other.
2026-07-26 18:46:24.025 [FailureIntercept] Severity=Warning, Id=988a6cb2-7050-4a5c-a946-60d652df66c3, Text=Highlighted walls overlap. One of them may be ignored when Revit finds room boundaries. Use Cut Geometry to embed one wall within the other.
2026-07-26 18:46:24.026 [FailureIntercept] Severity=Warning, Id=988a6cb2-7050-4a5c-a946-60d652df66c3, Text=Highlighted walls overlap. One of them may be ignored when Revit finds room boundaries. Use Cut Geometry to embed one wall within the other.
2026-07-26 18:46:24.026 [FailureIntercept] Severity=Warning, Id=988a6cb2-7050-4a5c-a946-60d652df66c3, Text=Highlighted walls overlap. One of them may be ignored when Revit finds room boundaries. Use Cut Geometry to embed one wall within the other.
2026-07-26 18:46:24.026 [FailureIntercept] Severity=Warning, Id=988a6cb2-7050-4a5c-a946-60d652df66c3, Text=Highlighted walls overlap. One of them may be ignored when Revit finds room boundaries. Use Cut Geometry to embed one wall within the other.
2026-07-26 18:46:24.027 [FailureIntercept] Severity=Warning, Id=988a6cb2-7050-4a5c-a946-60d652df66c3, Text=Highlighted walls overlap. One of them may be ignored when Revit finds room boundaries. Use Cut Geometry to embed one wall within the other.
2026-07-26 18:46:24.027 [FailureIntercept] Severity=Warning, Id=988a6cb2-7050-4a5c-a946-60d652df66c3, Text=Highlighted walls overlap. One of them may be ignored when Revit finds room boundaries. Use Cut Geometry to embed one wall within the other.
2026-07-26 18:46:24.027 [FailureIntercept] Severity=Warning, Id=988a6cb2-7050-4a5c-a946-60d652df66c3, Text=Highlighted walls overlap. One of them may be ignored when Revit finds room boundaries. Use Cut Geometry to embed one wall within the other.
2026-07-26 18:46:24.027 [FailureIntercept] Severity=Warning, Id=988a6cb2-7050-4a5c-a946-60d652df66c3, Text=Highlighted walls overlap. One of them may be ignored when Revit finds room boundaries. Use Cut Geometry to embed one wall within the other.
2026-07-26 18:46:24.028 [FailureIntercept] Severity=Warning, Id=988a6cb2-7050-4a5c-a946-60d652df66c3, Text=Highlighted walls overlap. One of them may be ignored when Revit finds room boundaries. Use Cut Geometry to embed one wall within the other.
2026-07-26 18:46:24.028 [FailureIntercept] Severity=Warning, Id=988a6cb2-7050-4a5c-a946-60d652df66c3, Text=Highlighted walls overlap. One of them may be ignored when Revit finds room boundaries. Use Cut Geometry to embed one wall within the other.
2026-07-26 18:46:24.028 [FailureIntercept] Severity=Warning, Id=988a6cb2-7050-4a5c-a946-60d652df66c3, Text=Highlighted walls overlap. One of them may be ignored when Revit finds room boundaries. Use Cut Geometry to embed one wall within the other.
2026-07-26 18:46:24.028 [FailureIntercept] Severity=Warning, Id=988a6cb2-7050-4a5c-a946-60d652df66c3, Text=Highlighted walls overlap. One of them may be ignored when Revit finds room boundaries. Use Cut Geometry to embed one wall within the other.
2026-07-26 18:46:24.029 [FailureIntercept] Severity=Warning, Id=988a6cb2-7050-4a5c-a946-60d652df66c3, Text=Highlighted walls overlap. One of them may be ignored when Revit finds room boundaries. Use Cut Geometry to embed one wall within the other.
2026-07-26 18:46:24.029 [FailureIntercept] Severity=Warning, Id=988a6cb2-7050-4a5c-a946-60d652df66c3, Text=Highlighted walls overlap. One of them may be ignored when Revit finds room boundaries. Use Cut Geometry to embed one wall within the other.
2026-07-26 18:46:24.029 [FailureIntercept] Severity=Warning, Id=988a6cb2-7050-4a5c-a946-60d652df66c3, Text=Highlighted walls overlap. One of them may be ignored when Revit finds room boundaries. Use Cut Geometry to embed one wall within the other.
2026-07-26 18:46:24.029 [FailureIntercept] Severity=Warning, Id=988a6cb2-7050-4a5c-a946-60d652df66c3, Text=Highlighted walls overlap. One of them may be ignored when Revit finds room boundaries. Use Cut Geometry to embed one wall within the other.
2026-07-26 18:46:24.030 [FailureIntercept] Severity=Warning, Id=988a6cb2-7050-4a5c-a946-60d652df66c3, Text=Highlighted walls overlap. One of them may be ignored when Revit finds room boundaries. Use Cut Geometry to embed one wall within the other.
2026-07-26 18:46:24.030 [FailureIntercept] Severity=Warning, Id=988a6cb2-7050-4a5c-a946-60d652df66c3, Text=Highlighted walls overlap. One of them may be ignored when Revit finds room boundaries. Use Cut Geometry to embed one wall within the other.
2026-07-26 18:46:24.030 [FailureIntercept] Severity=Warning, Id=988a6cb2-7050-4a5c-a946-60d652df66c3, Text=Highlighted walls overlap. One of them may be ignored when Revit finds room boundaries. Use Cut Geometry to embed one wall within the other.
2026-07-26 18:46:24.030 [FailureIntercept] Severity=Warning, Id=988a6cb2-7050-4a5c-a946-60d652df66c3, Text=Highlighted walls overlap. One of them may be ignored when Revit finds room boundaries. Use Cut Geometry to embed one wall within the other.
2026-07-26 18:46:24.031 [FailureIntercept] Severity=Warning, Id=988a6cb2-7050-4a5c-a946-60d652df66c3, Text=Highlighted walls overlap. One of them may be ignored when Revit finds room boundaries. Use Cut Geometry to embed one wall within the other.
2026-07-26 18:46:24.031 [FailureIntercept] Severity=Warning, Id=988a6cb2-7050-4a5c-a946-60d652df66c3, Text=Highlighted walls overlap. One of them may be ignored when Revit finds room boundaries. Use Cut Geometry to embed one wall within the other.
2026-07-26 18:46:24.031 [FailureIntercept] Severity=Warning, Id=988a6cb2-7050-4a5c-a946-60d652df66c3, Text=Highlighted walls overlap. One of them may be ignored when Revit finds room boundaries. Use Cut Geometry to embed one wall within the other.
2026-07-26 18:46:24.032 [FailureIntercept] Severity=Warning, Id=988a6cb2-7050-4a5c-a946-60d652df66c3, Text=Highlighted walls overlap. One of them may be ignored when Revit finds room boundaries. Use Cut Geometry to embed one wall within the other.
2026-07-26 18:46:24.032 [FailureIntercept] Severity=Warning, Id=988a6cb2-7050-4a5c-a946-60d652df66c3, Text=Highlighted walls overlap. One of them may be ignored when Revit finds room boundaries. Use Cut Geometry to embed one wall within the other.
2026-07-26 18:46:24.032 [FailureIntercept] Severity=Warning, Id=988a6cb2-7050-4a5c-a946-60d652df66c3, Text=Highlighted walls overlap. One of them may be ignored when Revit finds room boundaries. Use Cut Geometry to embed one wall within the other.
2026-07-26 18:46:24.032 [FailureIntercept] Severity=Warning, Id=988a6cb2-7050-4a5c-a946-60d652df66c3, Text=Highlighted walls overlap. One of them may be ignored when Revit finds room boundaries. Use Cut Geometry to embed one wall within the other.
2026-07-26 18:46:24.033 [FailureIntercept] Severity=Warning, Id=988a6cb2-7050-4a5c-a946-60d652df66c3, Text=Highlighted walls overlap. One of them may be ignored when Revit finds room boundaries. Use Cut Geometry to embed one wall within the other.
2026-07-26 18:46:24.033 [FailureIntercept] Severity=Warning, Id=988a6cb2-7050-4a5c-a946-60d652df66c3, Text=Highlighted walls overlap. One of them may be ignored when Revit finds room boundaries. Use Cut Geometry to embed one wall within the other.
2026-07-26 18:46:24.033 [FailureIntercept] Severity=Warning, Id=988a6cb2-7050-4a5c-a946-60d652df66c3, Text=Highlighted walls overlap. One of them may be ignored when Revit finds room boundaries. Use Cut Geometry to embed one wall within the other.
2026-07-26 18:46:24.034 [FailureIntercept] Severity=Warning, Id=988a6cb2-7050-4a5c-a946-60d652df66c3, Text=Highlighted walls overlap. One of them may be ignored when Revit finds room boundaries. Use Cut Geometry to embed one wall within the other.
2026-07-26 18:46:24.034 [FailureIntercept] Severity=Warning, Id=988a6cb2-7050-4a5c-a946-60d652df66c3, Text=Highlighted walls overlap. One of them may be ignored when Revit finds room boundaries. Use Cut Geometry to embed one wall within the other.
2026-07-26 18:46:24.034 [FailureIntercept] Severity=Warning, Id=988a6cb2-7050-4a5c-a946-60d652df66c3, Text=Highlighted walls overlap. One of them may be ignored when Revit finds room boundaries. Use Cut Geometry to embed one wall within the other.
2026-07-26 18:46:24.035 [FailureIntercept] Severity=Warning, Id=988a6cb2-7050-4a5c-a946-60d652df66c3, Text=Highlighted walls overlap. One of them may be ignored when Revit finds room boundaries. Use Cut Geometry to embed one wall within the other.
2026-07-26 18:46:24.035 [FailureIntercept] Severity=Warning, Id=988a6cb2-7050-4a5c-a946-60d652df66c3, Text=Highlighted walls overlap. One of them may be ignored when Revit finds room boundaries. Use Cut Geometry to embed one wall within the other.
2026-07-26 18:46:24.035 [FailureIntercept] Severity=Warning, Id=988a6cb2-7050-4a5c-a946-60d652df66c3, Text=Highlighted walls overlap. One of them may be ignored when Revit finds room boundaries. Use Cut Geometry to embed one wall within the other.
2026-07-26 18:46:24.035 [FailureIntercept] Severity=Warning, Id=988a6cb2-7050-4a5c-a946-60d652df66c3, Text=Highlighted walls overlap. One of them may be ignored when Revit finds room boundaries. Use Cut Geometry to embed one wall within the other.
2026-07-26 18:46:24.036 [FailureIntercept] Severity=Warning, Id=988a6cb2-7050-4a5c-a946-60d652df66c3, Text=Highlighted walls overlap. One of them may be ignored when Revit finds room boundaries. Use Cut Geometry to embed one wall within the other.
2026-07-26 18:46:24.036 [FailureIntercept] Severity=Warning, Id=988a6cb2-7050-4a5c-a946-60d652df66c3, Text=Highlighted walls overlap. One of them may be ignored when Revit finds room boundaries. Use Cut Geometry to embed one wall within the other.
2026-07-26 18:46:24.036 [FailureIntercept] Severity=Warning, Id=988a6cb2-7050-4a5c-a946-60d652df66c3, Text=Highlighted walls overlap. One of them may be ignored when Revit finds room boundaries. Use Cut Geometry to embed one wall within the other.
2026-07-26 18:46:24.036 [FailureIntercept] Severity=Warning, Id=988a6cb2-7050-4a5c-a946-60d652df66c3, Text=Highlighted walls overlap. One of them may be ignored when Revit finds room boundaries. Use Cut Geometry to embed one wall within the other.
2026-07-26 18:46:24.037 [FailureIntercept] Severity=Warning, Id=988a6cb2-7050-4a5c-a946-60d652df66c3, Text=Highlighted walls overlap. One of them may be ignored when Revit finds room boundaries. Use Cut Geometry to embed one wall within the other.
2026-07-26 18:46:24.037 [FailureIntercept] Severity=Warning, Id=988a6cb2-7050-4a5c-a946-60d652df66c3, Text=Highlighted walls overlap. One of them may be ignored when Revit finds room boundaries. Use Cut Geometry to embed one wall within the other.
2026-07-26 18:46:24.037 [FailureIntercept] Severity=Warning, Id=988a6cb2-7050-4a5c-a946-60d652df66c3, Text=Highlighted walls overlap. One of them may be ignored when Revit finds room boundaries. Use Cut Geometry to embed one wall within the other.
2026-07-26 18:46:24.037 [FailureIntercept] Severity=Warning, Id=988a6cb2-7050-4a5c-a946-60d652df66c3, Text=Highlighted walls overlap. One of them may be ignored when Revit finds room boundaries. Use Cut Geometry to embed one wall within the other.
2026-07-26 18:46:24.038 [FailureIntercept] Severity=Warning, Id=988a6cb2-7050-4a5c-a946-60d652df66c3, Text=Highlighted walls overlap. One of them may be ignored when Revit finds room boundaries. Use Cut Geometry to embed one wall within the other.
2026-07-26 18:46:24.038 [FailureIntercept] Severity=Warning, Id=988a6cb2-7050-4a5c-a946-60d652df66c3, Text=Highlighted walls overlap. One of them may be ignored when Revit finds room boundaries. Use Cut Geometry to embed one wall within the other.
2026-07-26 18:46:24.038 [FailureIntercept] Severity=Warning, Id=988a6cb2-7050-4a5c-a946-60d652df66c3, Text=Highlighted walls overlap. One of them may be ignored when Revit finds room boundaries. Use Cut Geometry to embed one wall within the other.
2026-07-26 18:46:24.038 [FailureIntercept] Severity=Warning, Id=988a6cb2-7050-4a5c-a946-60d652df66c3, Text=Highlighted walls overlap. One of them may be ignored when Revit finds room boundaries. Use Cut Geometry to embed one wall within the other.
2026-07-26 18:46:24.039 [FailureIntercept] Severity=Warning, Id=988a6cb2-7050-4a5c-a946-60d652df66c3, Text=Highlighted walls overlap. One of them may be ignored when Revit finds room boundaries. Use Cut Geometry to embed one wall within the other.
2026-07-26 18:46:24.039 [FailureIntercept] Severity=Warning, Id=988a6cb2-7050-4a5c-a946-60d652df66c3, Text=Highlighted walls overlap. One of them may be ignored when Revit finds room boundaries. Use Cut Geometry to embed one wall within the other.
2026-07-26 18:46:24.039 [FailureIntercept] Severity=Warning, Id=988a6cb2-7050-4a5c-a946-60d652df66c3, Text=Highlighted walls overlap. One of them may be ignored when Revit finds room boundaries. Use Cut Geometry to embed one wall within the other.
2026-07-26 18:46:24.039 [FailureIntercept] Severity=Warning, Id=988a6cb2-7050-4a5c-a946-60d652df66c3, Text=Highlighted walls overlap. One of them may be ignored when Revit finds room boundaries. Use Cut Geometry to embed one wall within the other.
2026-07-26 18:46:24.040 [FailureIntercept] Severity=Warning, Id=988a6cb2-7050-4a5c-a946-60d652df66c3, Text=Highlighted walls overlap. One of them may be ignored when Revit finds room boundaries. Use Cut Geometry to embed one wall within the other.
2026-07-26 18:46:24.074 [WallCreated] Id=1590412, Mid=(163.8451,153.1988,0.0000), SourceRawLayer=ADA214_ _, ThicknessMm=200.00
2026-07-26 18:46:24.075 [WallCreated] Id=1590413, Mid=(184.9573,64.3373,0.0000), SourceRawLayer=ADA214_ _, ThicknessMm=200.00
2026-07-26 18:46:24.092 [FailureIntercept] Severity=Warning, Id=988a6cb2-7050-4a5c-a946-60d652df66c3, Text=Highlighted walls overlap. One of them may be ignored when Revit finds room boundaries. Use Cut Geometry to embed one wall within the other.
2026-07-26 18:46:24.093 [FailureIntercept] Severity=Warning, Id=988a6cb2-7050-4a5c-a946-60d652df66c3, Text=Highlighted walls overlap. One of them may be ignored when Revit finds room boundaries. Use Cut Geometry to embed one wall within the other.
2026-07-26 18:46:24.093 [FailureIntercept] Severity=Warning, Id=988a6cb2-7050-4a5c-a946-60d652df66c3, Text=Highlighted walls overlap. One of them may be ignored when Revit finds room boundaries. Use Cut Geometry to embed one wall within the other.
2026-07-26 18:46:24.093 [FailureIntercept] Severity=Warning, Id=988a6cb2-7050-4a5c-a946-60d652df66c3, Text=Highlighted walls overlap. One of them may be ignored when Revit finds room boundaries. Use Cut Geometry to embed one wall within the other.
2026-07-26 18:46:24.094 [FailureIntercept] Severity=Warning, Id=988a6cb2-7050-4a5c-a946-60d652df66c3, Text=Highlighted walls overlap. One of them may be ignored when Revit finds room boundaries. Use Cut Geometry to embed one wall within the other.
2026-07-26 18:46:24.120 [WallCreated] Id=1590419, Mid=(151.9357,123.6713,0.0000), SourceRawLayer=ADA214_ _, ThicknessMm=400.00
2026-07-26 18:46:24.121 [WallCreated] Id=1590420, Mid=(151.9357,135.4823,0.0000), SourceRawLayer=ADA214_ _, ThicknessMm=400.00
2026-07-26 18:46:24.174 [LiftGeometry] Lift=Service Lift, GeometryResolved=True, Layers=[DT001], CenterMode=XIntersection, Center=20164,33344, Dimension=5910 x 4130 x 2500 mm, DoorSize=5910 x 2300 mm, BoundaryPointCount=5
2026-07-26 18:46:24.174 [LiftGeometry] Lift=Passenger Lift, GeometryResolved=True, Layers=[DT001], CenterMode=XIntersection, Center=56401,46548, Dimension=4290 x 2840 x 2500 mm, DoorSize=4290 x 2300 mm, BoundaryPointCount=5
2026-07-26 18:46:24.177 [TargetSeed] Saved=5, LiftSaved=2, LevelId=30, TextScope=ALL_TEXTS, Keywords=[A/C, AHU, PAU], SeedLayers=[ADA040_A:5]
2026-07-26 18:46:24.498 [RowBuildFinish] RowKey=ADA214_ _|L30|D1588951, Created=308
2026-07-26 18:46:24.503 [WpfGenerationRun] Action=Create, Category=Columns, Layer=ADA280_P
2026-07-26 18:46:24.504 [RowAction] RowKey=ADA280_P|L30|D1588951, LayerName=ADA280_P, Action=Create, Reason=NewSelected
2026-07-26 18:46:24.531 [RoomText] PathResolver: resolved from DwgSessionManager -> D:\EMSDRevitPlugs文档相关\20260610-meeting\final version&玻璃幕墙.dwg
2026-07-26 18:46:24.532 [RoomText] TransformResolver: Origin=(0.000,0.000,0.000), ScaleApprox=(1.000000,1.000000,1.000000).
2026-07-26 18:46:24.532 [Analyze] DWG Session Source Unit: SourceUnit=Millimeter, Evidence=LUNITS=Decimal; INSUNITS=Millimeters; LUPREC=4; Suggested=Millimeter; AskUserConfirm=False; UserConfirmed=False; RevitImportUnit=Millimeter
2026-07-26 18:46:24.532 [CAD] Runtime detect => Status=Ready, InstallLocation=C:\Program Files\Autodesk\AutoCAD 2023\, Version=24.2.53.0.0, Message=Detected supported AutoCAD 2023 runtime.
2026-07-26 18:46:24.533 [RoomText] DwgTextReader: cache hit, Layer=(ALL_TEXTS), Extracted=189.
2026-07-26 18:46:24.534 [Analyze] DWG=location <Not Shared>, ImportId=1588951, Unit=Millimeter, Layers=16, ValidLayers=16, Segments=2680, Arc=89, Polyline=1873, TimeSec=0.02, Status=Success
2026-07-26 18:46:24.829 [ColumnDetect] Layer=ADA280_P, Input=153, Prefilter=153, Cluster=39, Accepted=38, Rejected=1, Report=D:\EMSDRevitPlugs\Solution\CadToRevit\CadToRevit\LOG\m10_5_column_report_20260726_184624.json
2026-07-26 18:46:24.831 [ColumnReject] Layer=ADA280_P, Rejected=1
2026-07-26 18:46:24.831 [ColumnReport] Layer=ADA280_P, Path=D:\EMSDRevitPlugs\Solution\CadToRevit\CadToRevit\LOG\m10_5_column_report_20260726_184624.json
2026-07-26 18:46:25.024 [LiftGeometry] Lift=Service Lift, GeometryResolved=True, Layers=[DT001], CenterMode=XIntersection, Center=20164,33344, Dimension=5910 x 4130 x 2500 mm, DoorSize=5910 x 2300 mm, BoundaryPointCount=5
2026-07-26 18:46:25.024 [LiftGeometry] Lift=Passenger Lift, GeometryResolved=True, Layers=[DT001], CenterMode=XIntersection, Center=56401,46548, Dimension=4290 x 2840 x 2500 mm, DoorSize=4290 x 2300 mm, BoundaryPointCount=5
2026-07-26 18:46:25.029 [TargetSeed] Saved=5, LiftSaved=2, LevelId=30, TextScope=ALL_TEXTS, Keywords=[A/C, AHU, PAU], SeedLayers=[ADA040_A:5]
2026-07-26 18:46:25.062 [RowBuildFinish] RowKey=ADA280_P|L30|D1588951, Created=38
2026-07-26 18:46:25.066 [WpfGenerationRun] Action=Create, Category=Doors, Layer=ADA315_H
2026-07-26 18:46:25.066 [RowAction] RowKey=ADA315_H|L30|D1588951, LayerName=ADA315_H, Action=Create, Reason=NewSelected
2026-07-26 18:46:25.085 [RoomText] PathResolver: resolved from DwgSessionManager -> D:\EMSDRevitPlugs文档相关\20260610-meeting\final version&玻璃幕墙.dwg
2026-07-26 18:46:25.085 [RoomText] TransformResolver: Origin=(0.000,0.000,0.000), ScaleApprox=(1.000000,1.000000,1.000000).
2026-07-26 18:46:25.087 [Analyze] DWG Session Source Unit: SourceUnit=Millimeter, Evidence=LUNITS=Decimal; INSUNITS=Millimeters; LUPREC=4; Suggested=Millimeter; AskUserConfirm=False; UserConfirmed=False; RevitImportUnit=Millimeter
2026-07-26 18:46:25.087 [CAD] Runtime detect => Status=Ready, InstallLocation=C:\Program Files\Autodesk\AutoCAD 2023\, Version=24.2.53.0.0, Message=Detected supported AutoCAD 2023 runtime.
2026-07-26 18:46:25.087 [RoomText] DwgTextReader: cache hit, Layer=(ALL_TEXTS), Extracted=189.
2026-07-26 18:46:25.093 [Analyze] DWG=location <Not Shared>, ImportId=1588951, Unit=Millimeter, Layers=16, ValidLayers=16, Segments=2680, Arc=89, Polyline=1873, TimeSec=0.02, Status=Success
2026-07-26 18:46:25.247 [DoorComponentCluster] ClusterTolMm=60.0, Rule=EndpointOnly
2026-07-26 18:46:25.252 [DoorComponentMerge] A=1, B=2, Reason=EndpointNear, EndpointDistMm=0.0, ClusterTolMm=60.0, BarrierBlocked=False
2026-07-26 18:46:25.253 [DoorComponentMerge] A=1, B=4, Reason=EndpointNear, EndpointDistMm=0.0, ClusterTolMm=60.0, BarrierBlocked=False
2026-07-26 18:46:25.253 [DoorComponentMerge] A=1, B=5, Reason=EndpointNear, EndpointDistMm=0.0, ClusterTolMm=60.0, BarrierBlocked=False
2026-07-26 18:46:25.253 [DoorComponentMerge] A=1, B=6, Reason=EndpointNear, EndpointDistMm=0.0, ClusterTolMm=60.0, BarrierBlocked=False
2026-07-26 18:46:25.254 [DoorComponentMerge] A=1, B=7, Reason=EndpointNear, EndpointDistMm=55.1, ClusterTolMm=60.0, BarrierBlocked=False
2026-07-26 18:46:25.254 [DoorComponentMerge] A=2, B=3, Reason=EndpointNear, EndpointDistMm=0.0, ClusterTolMm=60.0, BarrierBlocked=False
2026-07-26 18:46:25.255 [DoorComponentMerge] A=5, B=8, Reason=EndpointNear, EndpointDistMm=0.0, ClusterTolMm=60.0, BarrierBlocked=False
2026-07-26 18:46:25.256 [DoorComponentMerge] A=5, B=18, Reason=EndpointNear, EndpointDistMm=55.2, ClusterTolMm=60.0, BarrierBlocked=False
2026-07-26 18:46:25.257 [DoorComponentMerge] A=18, B=17, Reason=EndpointNear, EndpointDistMm=0.0, ClusterTolMm=60.0, BarrierBlocked=False
2026-07-26 18:46:25.264 [DoorComponentMerge] A=17, B=9, Reason=EndpointNear, EndpointDistMm=0.0, ClusterTolMm=60.0, BarrierBlocked=False
2026-07-26 18:46:25.265 [DoorComponentMerge] A=17, B=10, Reason=EndpointNear, EndpointDistMm=55.1, ClusterTolMm=60.0, BarrierBlocked=False
2026-07-26 18:46:25.266 [DoorComponentMerge] A=17, B=16, Reason=EndpointNear, EndpointDistMm=0.0, ClusterTolMm=60.0, BarrierBlocked=False
2026-07-26 18:46:25.267 [DoorComponentMerge] A=10, B=11, Reason=EndpointNear, EndpointDistMm=0.0, ClusterTolMm=60.0, BarrierBlocked=False
2026-07-26 18:46:25.268 [DoorComponentMerge] A=10, B=12, Reason=EndpointNear, EndpointDistMm=55.1, ClusterTolMm=60.0, BarrierBlocked=False
2026-07-26 18:46:25.268 [DoorComponentMerge] A=10, B=15, Reason=EndpointNear, EndpointDistMm=55.1, ClusterTolMm=60.0, BarrierBlocked=False
2026-07-26 18:46:25.269 [DoorComponentMerge] A=16, B=13, Reason=EndpointNear, EndpointDistMm=55.1, ClusterTolMm=60.0, BarrierBlocked=False
2026-07-26 18:46:25.270 [DoorComponentMerge] A=15, B=14, Reason=EndpointNear, EndpointDistMm=0.0, ClusterTolMm=60.0, BarrierBlocked=False
2026-07-26 18:46:25.270 [DoorComponentMerge] A=19, B=20, Reason=EndpointNear, EndpointDistMm=0.0, ClusterTolMm=60.0, BarrierBlocked=False
2026-07-26 18:46:25.271 [DoorComponentMerge] A=19, B=22, Reason=EndpointNear, EndpointDistMm=0.0, ClusterTolMm=60.0, BarrierBlocked=False
2026-07-26 18:46:25.271 [DoorComponentMerge] A=19, B=23, Reason=EndpointNear, EndpointDistMm=0.0, ClusterTolMm=60.0, BarrierBlocked=False
2026-07-26 18:46:25.271 [DoorComponentMerge] A=19, B=24, Reason=EndpointNear, EndpointDistMm=0.0, ClusterTolMm=60.0, BarrierBlocked=False
2026-07-26 18:46:25.272 [DoorComponentMerge] A=19, B=25, Reason=EndpointNear, EndpointDistMm=55.1, ClusterTolMm=60.0, BarrierBlocked=False
2026-07-26 18:46:25.272 [DoorComponentMerge] A=20, B=21, Reason=EndpointNear, EndpointDistMm=0.0, ClusterTolMm=60.0, BarrierBlocked=False
2026-07-26 18:46:25.273 [DoorComponentMerge] A=23, B=26, Reason=EndpointNear, EndpointDistMm=0.0, ClusterTolMm=60.0, BarrierBlocked=False
2026-07-26 18:46:25.273 [DoorComponentMerge] A=23, B=36, Reason=EndpointNear, EndpointDistMm=55.2, ClusterTolMm=60.0, BarrierBlocked=False
2026-07-26 18:46:25.274 [DoorComponentMerge] A=36, B=35, Reason=EndpointNear, EndpointDistMm=0.0, ClusterTolMm=60.0, BarrierBlocked=False
2026-07-26 18:46:25.275 [DoorComponentMerge] A=35, B=27, Reason=EndpointNear, EndpointDistMm=0.0, ClusterTolMm=60.0, BarrierBlocked=False
2026-07-26 18:46:25.275 [DoorComponentMerge] A=35, B=28, Reason=EndpointNear, EndpointDistMm=55.1, ClusterTolMm=60.0, BarrierBlocked=False
2026-07-26 18:46:25.276 [DoorComponentMerge] A=35, B=34, Reason=EndpointNear, EndpointDistMm=0.0, ClusterTolMm=60.0, BarrierBlocked=False
2026-07-26 18:46:25.276 [DoorComponentMerge] A=28, B=29, Reason=EndpointNear, EndpointDistMm=0.0, ClusterTolMm=60.0, BarrierBlocked=False
2026-07-26 18:46:25.277 [DoorComponentMerge] A=28, B=30, Reason=EndpointNear, EndpointDistMm=55.1, ClusterTolMm=60.0, BarrierBlocked=False
2026-07-26 18:46:25.277 [DoorComponentMerge] A=28, B=33, Reason=EndpointNear, EndpointDistMm=55.1, ClusterTolMm=60.0, BarrierBlocked=False
2026-07-26 18:46:25.277 [DoorComponentMerge] A=34, B=31, Reason=EndpointNear, EndpointDistMm=55.1, ClusterTolMm=60.0, BarrierBlocked=False
2026-07-26 18:46:25.278 [DoorComponentMerge] A=33, B=32, Reason=EndpointNear, EndpointDistMm=0.0, ClusterTolMm=60.0, BarrierBlocked=False
2026-07-26 18:46:25.279 [DoorComponentMerge] A=37, B=38, Reason=EndpointNear, EndpointDistMm=0.0, ClusterTolMm=60.0, BarrierBlocked=False
2026-07-26 18:46:25.281 [DoorComponentMerge] A=37, B=40, Reason=EndpointNear, EndpointDistMm=0.0, ClusterTolMm=60.0, BarrierBlocked=False
2026-07-26 18:46:25.282 [DoorComponentMerge] A=37, B=41, Reason=EndpointNear, EndpointDistMm=0.0, ClusterTolMm=60.0, BarrierBlocked=False
2026-07-26 18:46:25.282 [DoorComponentMerge] A=37, B=42, Reason=EndpointNear, EndpointDistMm=0.0, ClusterTolMm=60.0, BarrierBlocked=False
2026-07-26 18:46:25.283 [DoorComponentMerge] A=37, B=43, Reason=EndpointNear, EndpointDistMm=55.1, ClusterTolMm=60.0, BarrierBlocked=False
2026-07-26 18:46:25.283 [DoorComponentMerge] A=38, B=39, Reason=EndpointNear, EndpointDistMm=0.0, ClusterTolMm=60.0, BarrierBlocked=False
2026-07-26 18:46:25.284 [DoorComponentMerge] A=41, B=44, Reason=EndpointNear, EndpointDistMm=0.0, ClusterTolMm=60.0, BarrierBlocked=False
2026-07-26 18:46:25.284 [DoorComponentMerge] A=41, B=54, Reason=EndpointNear, EndpointDistMm=55.2, ClusterTolMm=60.0, BarrierBlocked=False
2026-07-26 18:46:25.286 [DoorComponentMerge] A=54, B=53, Reason=EndpointNear, EndpointDistMm=0.0, ClusterTolMm=60.0, BarrierBlocked=False
2026-07-26 18:46:25.286 [DoorComponentMerge] A=53, B=45, Reason=EndpointNear, EndpointDistMm=0.0, ClusterTolMm=60.0, BarrierBlocked=False
2026-07-26 18:46:25.286 [DoorComponentMerge] A=53, B=46, Reason=EndpointNear, EndpointDistMm=55.1, ClusterTolMm=60.0, BarrierBlocked=False
2026-07-26 18:46:25.287 [DoorComponentMerge] A=53, B=52, Reason=EndpointNear, EndpointDistMm=0.0, ClusterTolMm=60.0, BarrierBlocked=False
2026-07-26 18:46:25.287 [DoorComponentMerge] A=46, B=47, Reason=EndpointNear, EndpointDistMm=0.0, ClusterTolMm=60.0, BarrierBlocked=False
2026-07-26 18:46:25.288 [DoorComponentMerge] A=46, B=48, Reason=EndpointNear, EndpointDistMm=55.1, ClusterTolMm=60.0, BarrierBlocked=False
2026-07-26 18:46:25.288 [DoorComponentMerge] A=46, B=51, Reason=EndpointNear, EndpointDistMm=55.1, ClusterTolMm=60.0, BarrierBlocked=False
2026-07-26 18:46:25.288 [DoorComponentMerge] A=52, B=49, Reason=EndpointNear, EndpointDistMm=55.1, ClusterTolMm=60.0, BarrierBlocked=False
2026-07-26 18:46:25.289 [DoorComponentMerge] A=51, B=50, Reason=EndpointNear, EndpointDistMm=0.0, ClusterTolMm=60.0, BarrierBlocked=False
2026-07-26 18:46:25.289 [DoorComponentMerge] A=55, B=56, Reason=EndpointNear, EndpointDistMm=0.0, ClusterTolMm=60.0, BarrierBlocked=False
2026-07-26 18:46:25.290 [DoorComponentMerge] A=55, B=58, Reason=EndpointNear, EndpointDistMm=0.0, ClusterTolMm=60.0, BarrierBlocked=False
2026-07-26 18:46:25.291 [DoorComponentMerge] A=55, B=59, Reason=EndpointNear, EndpointDistMm=0.0, ClusterTolMm=60.0, BarrierBlocked=False
2026-07-26 18:46:25.291 [DoorComponentMerge] A=55, B=60, Reason=EndpointNear, EndpointDistMm=0.0, ClusterTolMm=60.0, BarrierBlocked=False
2026-07-26 18:46:25.291 [DoorComponentMerge] A=55, B=61, Reason=EndpointNear, EndpointDistMm=55.1, ClusterTolMm=60.0, BarrierBlocked=False
2026-07-26 18:46:25.292 [DoorComponentMerge] A=56, B=57, Reason=EndpointNear, EndpointDistMm=0.0, ClusterTolMm=60.0, BarrierBlocked=False
2026-07-26 18:46:25.292 [DoorComponentMerge] A=59, B=62, Reason=EndpointNear, EndpointDistMm=0.0, ClusterTolMm=60.0, BarrierBlocked=False
2026-07-26 18:46:25.293 [DoorComponentMerge] A=59, B=72, Reason=EndpointNear, EndpointDistMm=55.2, ClusterTolMm=60.0, BarrierBlocked=False
2026-07-26 18:46:25.293 [DoorComponentMerge] A=72, B=71, Reason=EndpointNear, EndpointDistMm=0.0, ClusterTolMm=60.0, BarrierBlocked=False
2026-07-26 18:46:25.294 [DoorComponentMerge] A=71, B=63, Reason=EndpointNear, EndpointDistMm=0.0, ClusterTolMm=60.0, BarrierBlocked=False
2026-07-26 18:46:25.294 [DoorComponentMerge] A=71, B=64, Reason=EndpointNear, EndpointDistMm=55.1, ClusterTolMm=60.0, BarrierBlocked=False
2026-07-26 18:46:25.295 [DoorComponentMerge] A=71, B=70, Reason=EndpointNear, EndpointDistMm=0.0, ClusterTolMm=60.0, BarrierBlocked=False
2026-07-26 18:46:25.298 [DoorComponentMerge] A=64, B=65, Reason=EndpointNear, EndpointDistMm=0.0, ClusterTolMm=60.0, BarrierBlocked=False
2026-07-26 18:46:25.299 [DoorComponentMerge] A=64, B=66, Reason=EndpointNear, EndpointDistMm=55.1, ClusterTolMm=60.0, BarrierBlocked=False
2026-07-26 18:46:25.299 [DoorComponentMerge] A=64, B=69, Reason=EndpointNear, EndpointDistMm=55.1, ClusterTolMm=60.0, BarrierBlocked=False
2026-07-26 18:46:25.300 [DoorComponentMerge] A=70, B=67, Reason=EndpointNear, EndpointDistMm=55.1, ClusterTolMm=60.0, BarrierBlocked=False
2026-07-26 18:46:25.300 [DoorComponentMerge] A=69, B=68, Reason=EndpointNear, EndpointDistMm=0.0, ClusterTolMm=60.0, BarrierBlocked=False
2026-07-26 18:46:25.301 [DoorComponentMerge] A=73, B=74, Reason=EndpointNear, EndpointDistMm=0.0, ClusterTolMm=60.0, BarrierBlocked=False
2026-07-26 18:46:25.301 [DoorComponentMerge] A=73, B=76, Reason=EndpointNear, EndpointDistMm=0.0, ClusterTolMm=60.0, BarrierBlocked=False
2026-07-26 18:46:25.302 [DoorComponentMerge] A=73, B=77, Reason=EndpointNear, EndpointDistMm=0.0, ClusterTolMm=60.0, BarrierBlocked=False
2026-07-26 18:46:25.302 [DoorComponentMerge] A=73, B=78, Reason=EndpointNear, EndpointDistMm=0.0, ClusterTolMm=60.0, BarrierBlocked=False
2026-07-26 18:46:25.302 [DoorComponentMerge] A=73, B=79, Reason=EndpointNear, EndpointDistMm=55.1, ClusterTolMm=60.0, BarrierBlocked=False
2026-07-26 18:46:25.303 [DoorComponentMerge] A=74, B=75, Reason=EndpointNear, EndpointDistMm=0.0, ClusterTolMm=60.0, BarrierBlocked=False
2026-07-26 18:46:25.303 [DoorComponentMerge] A=77, B=80, Reason=EndpointNear, EndpointDistMm=0.0, ClusterTolMm=60.0, BarrierBlocked=False
2026-07-26 18:46:25.304 [DoorComponentMerge] A=77, B=90, Reason=EndpointNear, EndpointDistMm=55.2, ClusterTolMm=60.0, BarrierBlocked=False
2026-07-26 18:46:25.304 [DoorComponentMerge] A=90, B=89, Reason=EndpointNear, EndpointDistMm=0.0, ClusterTolMm=60.0, BarrierBlocked=False
2026-07-26 18:46:25.306 [DoorComponentMerge] A=89, B=81, Reason=EndpointNear, EndpointDistMm=0.0, ClusterTolMm=60.0, BarrierBlocked=False
2026-07-26 18:46:25.306 [DoorComponentMerge] A=89, B=82, Reason=EndpointNear, EndpointDistMm=55.1, ClusterTolMm=60.0, BarrierBlocked=False
2026-07-26 18:46:25.307 [DoorComponentMerge] A=89, B=88, Reason=EndpointNear, EndpointDistMm=0.0, ClusterTolMm=60.0, BarrierBlocked=False
2026-07-26 18:46:25.307 [DoorComponentMerge] A=82, B=83, Reason=EndpointNear, EndpointDistMm=0.0, ClusterTolMm=60.0, BarrierBlocked=False
2026-07-26 18:46:25.308 [DoorComponentMerge] A=82, B=84, Reason=EndpointNear, EndpointDistMm=55.1, ClusterTolMm=60.0, BarrierBlocked=False
2026-07-26 18:46:25.308 [DoorComponentMerge] A=82, B=87, Reason=EndpointNear, EndpointDistMm=55.1, ClusterTolMm=60.0, BarrierBlocked=False
2026-07-26 18:46:25.308 [DoorComponentMerge] A=88, B=85, Reason=EndpointNear, EndpointDistMm=55.1, ClusterTolMm=60.0, BarrierBlocked=False
2026-07-26 18:46:25.309 [DoorComponentMerge] A=87, B=86, Reason=EndpointNear, EndpointDistMm=0.0, ClusterTolMm=60.0, BarrierBlocked=False
2026-07-26 18:46:25.310 [DoorComponentMerge] A=91, B=92, Reason=EndpointNear, EndpointDistMm=0.0, ClusterTolMm=60.0, BarrierBlocked=False
2026-07-26 18:46:25.310 [DoorComponentMerge] A=91, B=94, Reason=EndpointNear, EndpointDistMm=0.0, ClusterTolMm=60.0, BarrierBlocked=False
2026-07-26 18:46:25.310 [DoorComponentMerge] A=91, B=95, Reason=EndpointNear, EndpointDistMm=0.0, ClusterTolMm=60.0, BarrierBlocked=False
2026-07-26 18:46:25.311 [DoorComponentMerge] A=91, B=96, Reason=EndpointNear, EndpointDistMm=0.0, ClusterTolMm=60.0, BarrierBlocked=False
2026-07-26 18:46:25.311 [DoorComponentMerge] A=91, B=97, Reason=EndpointNear, EndpointDistMm=55.1, ClusterTolMm=60.0, BarrierBlocked=False
2026-07-26 18:46:25.311 [DoorComponentMerge] A=92, B=93, Reason=EndpointNear, EndpointDistMm=0.0, ClusterTolMm=60.0, BarrierBlocked=False
2026-07-26 18:46:25.312 [DoorComponentMerge] A=95, B=98, Reason=EndpointNear, EndpointDistMm=0.0, ClusterTolMm=60.0, BarrierBlocked=False
2026-07-26 18:46:25.314 [DoorComponentMerge] A=95, B=108, Reason=EndpointNear, EndpointDistMm=55.2, ClusterTolMm=60.0, BarrierBlocked=False
2026-07-26 18:46:25.315 [DoorComponentMerge] A=108, B=107, Reason=EndpointNear, EndpointDistMm=0.0, ClusterTolMm=60.0, BarrierBlocked=False
2026-07-26 18:46:25.315 [DoorComponentMerge] A=107, B=99, Reason=EndpointNear, EndpointDistMm=0.0, ClusterTolMm=60.0, BarrierBlocked=False
2026-07-26 18:46:25.315 [DoorComponentMerge] A=107, B=100, Reason=EndpointNear, EndpointDistMm=55.1, ClusterTolMm=60.0, BarrierBlocked=False
2026-07-26 18:46:25.316 [DoorComponentMerge] A=107, B=106, Reason=EndpointNear, EndpointDistMm=0.0, ClusterTolMm=60.0, BarrierBlocked=False
2026-07-26 18:46:25.316 [DoorComponentMerge] A=100, B=101, Reason=EndpointNear, EndpointDistMm=0.0, ClusterTolMm=60.0, BarrierBlocked=False
2026-07-26 18:46:25.317 [DoorComponentMerge] A=100, B=102, Reason=EndpointNear, EndpointDistMm=55.1, ClusterTolMm=60.0, BarrierBlocked=False
2026-07-26 18:46:25.317 [DoorComponentMerge] A=100, B=105, Reason=EndpointNear, EndpointDistMm=55.1, ClusterTolMm=60.0, BarrierBlocked=False
2026-07-26 18:46:25.318 [DoorComponentMerge] A=106, B=103, Reason=EndpointNear, EndpointDistMm=55.1, ClusterTolMm=60.0, BarrierBlocked=False
2026-07-26 18:46:25.318 [DoorComponentMerge] A=105, B=104, Reason=EndpointNear, EndpointDistMm=0.0, ClusterTolMm=60.0, BarrierBlocked=False
2026-07-26 18:46:25.319 [DoorComponentMerge] A=109, B=110, Reason=EndpointNear, EndpointDistMm=0.0, ClusterTolMm=60.0, BarrierBlocked=False
2026-07-26 18:46:25.319 [DoorComponentMerge] A=109, B=112, Reason=EndpointNear, EndpointDistMm=0.0, ClusterTolMm=60.0, BarrierBlocked=False
2026-07-26 18:46:25.319 [DoorComponentMerge] A=109, B=113, Reason=EndpointNear, EndpointDistMm=0.0, ClusterTolMm=60.0, BarrierBlocked=False
2026-07-26 18:46:25.320 [DoorComponentMerge] A=109, B=114, Reason=EndpointNear, EndpointDistMm=0.0, ClusterTolMm=60.0, BarrierBlocked=False
2026-07-26 18:46:25.320 [DoorComponentMerge] A=109, B=115, Reason=EndpointNear, EndpointDistMm=55.1, ClusterTolMm=60.0, BarrierBlocked=False
2026-07-26 18:46:25.321 [DoorComponentMerge] A=110, B=111, Reason=EndpointNear, EndpointDistMm=0.0, ClusterTolMm=60.0, BarrierBlocked=False
2026-07-26 18:46:25.321 [DoorComponentMerge] A=113, B=116, Reason=EndpointNear, EndpointDistMm=0.0, ClusterTolMm=60.0, BarrierBlocked=False
2026-07-26 18:46:25.322 [DoorComponentMerge] A=113, B=126, Reason=EndpointNear, EndpointDistMm=55.2, ClusterTolMm=60.0, BarrierBlocked=False
2026-07-26 18:46:25.322 [DoorComponentMerge] A=126, B=125, Reason=EndpointNear, EndpointDistMm=0.0, ClusterTolMm=60.0, BarrierBlocked=False
2026-07-26 18:46:25.323 [DoorComponentMerge] A=125, B=117, Reason=EndpointNear, EndpointDistMm=0.0, ClusterTolMm=60.0, BarrierBlocked=False
2026-07-26 18:46:25.323 [DoorComponentMerge] A=125, B=118, Reason=EndpointNear, EndpointDistMm=55.1, ClusterTolMm=60.0, BarrierBlocked=False
2026-07-26 18:46:25.323 [DoorComponentMerge] A=125, B=124, Reason=EndpointNear, EndpointDistMm=0.0, ClusterTolMm=60.0, BarrierBlocked=False
2026-07-26 18:46:25.324 [DoorComponentMerge] A=118, B=119, Reason=EndpointNear, EndpointDistMm=0.0, ClusterTolMm=60.0, BarrierBlocked=False
2026-07-26 18:46:25.324 [DoorComponentMerge] A=118, B=120, Reason=EndpointNear, EndpointDistMm=55.1, ClusterTolMm=60.0, BarrierBlocked=False
2026-07-26 18:46:25.325 [DoorComponentMerge] A=118, B=123, Reason=EndpointNear, EndpointDistMm=55.1, ClusterTolMm=60.0, BarrierBlocked=False
2026-07-26 18:46:25.325 [DoorComponentMerge] A=124, B=121, Reason=EndpointNear, EndpointDistMm=55.1, ClusterTolMm=60.0, BarrierBlocked=False
2026-07-26 18:46:25.326 [DoorComponentMerge] A=123, B=122, Reason=EndpointNear, EndpointDistMm=0.0, ClusterTolMm=60.0, BarrierBlocked=False
2026-07-26 18:46:25.327 [DoorComponentMerge] A=642, B=643, Reason=EndpointNear, EndpointDistMm=0.0, ClusterTolMm=60.0, BarrierBlocked=False
2026-07-26 18:46:25.327 [DoorComponentMerge] A=642, B=644, Reason=EndpointNear, EndpointDistMm=0.0, ClusterTolMm=60.0, BarrierBlocked=False
2026-07-26 18:46:25.329 [DoorComponentMerge] A=642, B=646, Reason=EndpointNear, EndpointDistMm=45.0, ClusterTolMm=60.0, BarrierBlocked=False
2026-07-26 18:46:25.329 [DoorComponentMerge] A=642, B=647, Reason=EndpointNear, EndpointDistMm=0.0, ClusterTolMm=60.0, BarrierBlocked=False
2026-07-26 18:46:25.329 [DoorComponentMerge] A=642, B=648, Reason=EndpointNear, EndpointDistMm=45.0, ClusterTolMm=60.0, BarrierBlocked=False
2026-07-26 18:46:25.330 [DoorComponentMerge] A=642, B=654, Reason=EndpointNear, EndpointDistMm=0.0, ClusterTolMm=60.0, BarrierBlocked=False
2026-07-26 18:46:25.330 [DoorComponentMerge] A=644, B=645, Reason=EndpointNear, EndpointDistMm=0.0, ClusterTolMm=60.0, BarrierBlocked=False
2026-07-26 18:46:25.331 [DoorComponentMerge] A=648, B=649, Reason=EndpointNear, EndpointDistMm=0.0, ClusterTolMm=60.0, BarrierBlocked=False
2026-07-26 18:46:25.332 [DoorComponentMerge] A=648, B=650, Reason=EndpointNear, EndpointDistMm=45.0, ClusterTolMm=60.0, BarrierBlocked=False
2026-07-26 18:46:25.332 [DoorComponentMerge] A=648, B=653, Reason=EndpointNear, EndpointDistMm=45.0, ClusterTolMm=60.0, BarrierBlocked=False
2026-07-26 18:46:25.333 [DoorComponentMerge] A=654, B=651, Reason=EndpointNear, EndpointDistMm=45.0, ClusterTolMm=60.0, BarrierBlocked=False
2026-07-26 18:46:25.333 [DoorComponentMerge] A=653, B=652, Reason=EndpointNear, EndpointDistMm=0.0, ClusterTolMm=60.0, BarrierBlocked=False
2026-07-26 18:46:25.334 [DoorComponentMerge] A=655, B=656, Reason=EndpointNear, EndpointDistMm=0.0, ClusterTolMm=60.0, BarrierBlocked=False
2026-07-26 18:46:25.334 [DoorComponentMerge] A=655, B=657, Reason=EndpointNear, EndpointDistMm=0.0, ClusterTolMm=60.0, BarrierBlocked=False
2026-07-26 18:46:25.335 [DoorComponentMerge] A=655, B=659, Reason=EndpointNear, EndpointDistMm=45.0, ClusterTolMm=60.0, BarrierBlocked=False
2026-07-26 18:46:25.335 [DoorComponentMerge] A=655, B=660, Reason=EndpointNear, EndpointDistMm=0.0, ClusterTolMm=60.0, BarrierBlocked=False
2026-07-26 18:46:25.336 [DoorComponentMerge] A=655, B=661, Reason=EndpointNear, EndpointDistMm=45.0, ClusterTolMm=60.0, BarrierBlocked=False
2026-07-26 18:46:25.336 [DoorComponentMerge] A=655, B=667, Reason=EndpointNear, EndpointDistMm=0.0, ClusterTolMm=60.0, BarrierBlocked=False
2026-07-26 18:46:25.336 [DoorComponentMerge] A=657, B=658, Reason=EndpointNear, EndpointDistMm=0.0, ClusterTolMm=60.0, BarrierBlocked=False
2026-07-26 18:46:25.337 [DoorComponentMerge] A=661, B=662, Reason=EndpointNear, EndpointDistMm=0.0, ClusterTolMm=60.0, BarrierBlocked=False
2026-07-26 18:46:25.337 [DoorComponentMerge] A=661, B=663, Reason=EndpointNear, EndpointDistMm=45.0, ClusterTolMm=60.0, BarrierBlocked=False
2026-07-26 18:46:25.338 [DoorComponentMerge] A=661, B=666, Reason=EndpointNear, EndpointDistMm=45.0, ClusterTolMm=60.0, BarrierBlocked=False
2026-07-26 18:46:25.338 [DoorComponentMerge] A=667, B=664, Reason=EndpointNear, EndpointDistMm=45.0, ClusterTolMm=60.0, BarrierBlocked=False
2026-07-26 18:46:25.339 [DoorComponentMerge] A=666, B=665, Reason=EndpointNear, EndpointDistMm=0.0, ClusterTolMm=60.0, BarrierBlocked=False
2026-07-26 18:46:25.340 [DoorComponentMerge] A=668, B=669, Reason=EndpointNear, EndpointDistMm=0.0, ClusterTolMm=60.0, BarrierBlocked=False
2026-07-26 18:46:25.340 [DoorComponentMerge] A=668, B=670, Reason=EndpointNear, EndpointDistMm=0.0, ClusterTolMm=60.0, BarrierBlocked=False
2026-07-26 18:46:25.340 [DoorComponentMerge] A=668, B=672, Reason=EndpointNear, EndpointDistMm=45.0, ClusterTolMm=60.0, BarrierBlocked=False
2026-07-26 18:46:25.341 [DoorComponentMerge] A=668, B=673, Reason=EndpointNear, EndpointDistMm=0.0, ClusterTolMm=60.0, BarrierBlocked=False
2026-07-26 18:46:25.341 [DoorComponentMerge] A=668, B=674, Reason=EndpointNear, EndpointDistMm=45.0, ClusterTolMm=60.0, BarrierBlocked=False
2026-07-26 18:46:25.341 [DoorComponentMerge] A=668, B=680, Reason=EndpointNear, EndpointDistMm=0.0, ClusterTolMm=60.0, BarrierBlocked=False
2026-07-26 18:46:25.342 [DoorComponentMerge] A=670, B=671, Reason=EndpointNear, EndpointDistMm=0.0, ClusterTolMm=60.0, BarrierBlocked=False
2026-07-26 18:46:25.342 [DoorComponentMerge] A=674, B=675, Reason=EndpointNear, EndpointDistMm=0.0, ClusterTolMm=60.0, BarrierBlocked=False
2026-07-26 18:46:25.343 [DoorComponentMerge] A=674, B=676, Reason=EndpointNear, EndpointDistMm=45.0, ClusterTolMm=60.0, BarrierBlocked=False
2026-07-26 18:46:25.343 [DoorComponentMerge] A=674, B=679, Reason=EndpointNear, EndpointDistMm=45.0, ClusterTolMm=60.0, BarrierBlocked=False
2026-07-26 18:46:25.345 [DoorComponentMerge] A=680, B=677, Reason=EndpointNear, EndpointDistMm=45.0, ClusterTolMm=60.0, BarrierBlocked=False
2026-07-26 18:46:25.346 [DoorComponentMerge] A=679, B=678, Reason=EndpointNear, EndpointDistMm=0.0, ClusterTolMm=60.0, BarrierBlocked=False
2026-07-26 18:46:25.346 [DoorComponentMerge] A=681, B=682, Reason=EndpointNear, EndpointDistMm=0.0, ClusterTolMm=60.0, BarrierBlocked=False
2026-07-26 18:46:25.347 [DoorComponentMerge] A=681, B=683, Reason=EndpointNear, EndpointDistMm=0.0, ClusterTolMm=60.0, BarrierBlocked=False
2026-07-26 18:46:25.347 [DoorComponentMerge] A=681, B=685, Reason=EndpointNear, EndpointDistMm=45.0, ClusterTolMm=60.0, BarrierBlocked=False
2026-07-26 18:46:25.347 [DoorComponentMerge] A=681, B=686, Reason=EndpointNear, EndpointDistMm=0.0, ClusterTolMm=60.0, BarrierBlocked=False
2026-07-26 18:46:25.348 [DoorComponentMerge] A=681, B=687, Reason=EndpointNear, EndpointDistMm=45.0, ClusterTolMm=60.0, BarrierBlocked=False
2026-07-26 18:46:25.348 [DoorComponentMerge] A=681, B=693, Reason=EndpointNear, EndpointDistMm=0.0, ClusterTolMm=60.0, BarrierBlocked=False
2026-07-26 18:46:25.349 [DoorComponentMerge] A=683, B=684, Reason=EndpointNear, EndpointDistMm=0.0, ClusterTolMm=60.0, BarrierBlocked=False
2026-07-26 18:46:25.349 [DoorComponentMerge] A=687, B=688, Reason=EndpointNear, EndpointDistMm=0.0, ClusterTolMm=60.0, BarrierBlocked=False
2026-07-26 18:46:25.350 [DoorComponentMerge] A=687, B=689, Reason=EndpointNear, EndpointDistMm=45.0, ClusterTolMm=60.0, BarrierBlocked=False
2026-07-26 18:46:25.350 [DoorComponentMerge] A=687, B=692, Reason=EndpointNear, EndpointDistMm=45.0, ClusterTolMm=60.0, BarrierBlocked=False
2026-07-26 18:46:25.350 [DoorComponentMerge] A=693, B=690, Reason=EndpointNear, EndpointDistMm=45.0, ClusterTolMm=60.0, BarrierBlocked=False
2026-07-26 18:46:25.351 [DoorComponentMerge] A=692, B=691, Reason=EndpointNear, EndpointDistMm=0.0, ClusterTolMm=60.0, BarrierBlocked=False
2026-07-26 18:46:25.352 [DoorComponentMerge] A=694, B=695, Reason=EndpointNear, EndpointDistMm=0.0, ClusterTolMm=60.0, BarrierBlocked=False
2026-07-26 18:46:25.352 [DoorComponentMerge] A=694, B=696, Reason=EndpointNear, EndpointDistMm=0.0, ClusterTolMm=60.0, BarrierBlocked=False
2026-07-26 18:46:25.352 [DoorComponentMerge] A=694, B=698, Reason=EndpointNear, EndpointDistMm=45.0, ClusterTolMm=60.0, BarrierBlocked=False
2026-07-26 18:46:25.353 [DoorComponentMerge] A=694, B=699, Reason=EndpointNear, EndpointDistMm=0.0, ClusterTolMm=60.0, BarrierBlocked=False
2026-07-26 18:46:25.353 [DoorComponentMerge] A=694, B=700, Reason=EndpointNear, EndpointDistMm=45.0, ClusterTolMm=60.0, BarrierBlocked=False
2026-07-26 18:46:25.353 [DoorComponentMerge] A=694, B=706, Reason=EndpointNear, EndpointDistMm=0.0, ClusterTolMm=60.0, BarrierBlocked=False
2026-07-26 18:46:25.354 [DoorComponentMerge] A=696, B=697, Reason=EndpointNear, EndpointDistMm=0.0, ClusterTolMm=60.0, BarrierBlocked=False
2026-07-26 18:46:25.354 [DoorComponentMerge] A=700, B=701, Reason=EndpointNear, EndpointDistMm=0.0, ClusterTolMm=60.0, BarrierBlocked=False
2026-07-26 18:46:25.355 [DoorComponentMerge] A=700, B=702, Reason=EndpointNear, EndpointDistMm=45.0, ClusterTolMm=60.0, BarrierBlocked=False
2026-07-26 18:46:25.356 [DoorComponentMerge] A=700, B=705, Reason=EndpointNear, EndpointDistMm=45.0, ClusterTolMm=60.0, BarrierBlocked=False
2026-07-26 18:46:25.356 [DoorComponentMerge] A=706, B=703, Reason=EndpointNear, EndpointDistMm=45.0, ClusterTolMm=60.0, BarrierBlocked=False
2026-07-26 18:46:25.356 [DoorComponentMerge] A=705, B=704, Reason=EndpointNear, EndpointDistMm=0.0, ClusterTolMm=60.0, BarrierBlocked=False
2026-07-26 18:46:25.357 [DoorComponentMerge] A=707, B=708, Reason=EndpointNear, EndpointDistMm=0.0, ClusterTolMm=60.0, BarrierBlocked=False
2026-07-26 18:46:25.357 [DoorComponentMerge] A=707, B=710, Reason=EndpointNear, EndpointDistMm=0.0, ClusterTolMm=60.0, BarrierBlocked=False
2026-07-26 18:46:25.358 [DoorComponentMerge] A=707, B=711, Reason=EndpointNear, EndpointDistMm=0.0, ClusterTolMm=60.0, BarrierBlocked=False
2026-07-26 18:46:25.358 [DoorComponentMerge] A=707, B=712, Reason=EndpointNear, EndpointDistMm=0.0, ClusterTolMm=60.0, BarrierBlocked=False
2026-07-26 18:46:25.358 [DoorComponentMerge] A=707, B=713, Reason=EndpointNear, EndpointDistMm=37.5, ClusterTolMm=60.0, BarrierBlocked=False
2026-07-26 18:46:25.359 [DoorComponentMerge] A=708, B=709, Reason=EndpointNear, EndpointDistMm=0.0, ClusterTolMm=60.0, BarrierBlocked=False
2026-07-26 18:46:25.359 [DoorComponentMerge] A=711, B=714, Reason=EndpointNear, EndpointDistMm=0.0, ClusterTolMm=60.0, BarrierBlocked=False
2026-07-26 18:46:25.361 [DoorComponentMerge] A=711, B=724, Reason=EndpointNear, EndpointDistMm=20.2, ClusterTolMm=60.0, BarrierBlocked=False
2026-07-26 18:46:25.362 [DoorComponentMerge] A=724, B=723, Reason=EndpointNear, EndpointDistMm=0.0, ClusterTolMm=60.0, BarrierBlocked=False
2026-07-26 18:46:25.362 [DoorComponentMerge] A=723, B=715, Reason=EndpointNear, EndpointDistMm=0.0, ClusterTolMm=60.0, BarrierBlocked=False
2026-07-26 18:46:25.363 [DoorComponentMerge] A=723, B=716, Reason=EndpointNear, EndpointDistMm=37.5, ClusterTolMm=60.0, BarrierBlocked=False
2026-07-26 18:46:25.363 [DoorComponentMerge] A=723, B=722, Reason=EndpointNear, EndpointDistMm=0.0, ClusterTolMm=60.0, BarrierBlocked=False
2026-07-26 18:46:25.364 [DoorComponentMerge] A=716, B=717, Reason=EndpointNear, EndpointDistMm=0.0, ClusterTolMm=60.0, BarrierBlocked=False
2026-07-26 18:46:25.364 [DoorComponentMerge] A=716, B=718, Reason=EndpointNear, EndpointDistMm=37.5, ClusterTolMm=60.0, BarrierBlocked=False
2026-07-26 18:46:25.364 [DoorComponentMerge] A=716, B=721, Reason=EndpointNear, EndpointDistMm=37.5, ClusterTolMm=60.0, BarrierBlocked=False
2026-07-26 18:46:25.365 [DoorComponentMerge] A=722, B=719, Reason=EndpointNear, EndpointDistMm=37.5, ClusterTolMm=60.0, BarrierBlocked=False
2026-07-26 18:46:25.366 [DoorComponentMerge] A=721, B=720, Reason=EndpointNear, EndpointDistMm=0.0, ClusterTolMm=60.0, BarrierBlocked=False
2026-07-26 18:46:25.366 [DoorComponentMerge] A=725, B=726, Reason=EndpointNear, EndpointDistMm=0.0, ClusterTolMm=60.0, BarrierBlocked=False
2026-07-26 18:46:25.366 [DoorComponentMerge] A=725, B=727, Reason=EndpointNear, EndpointDistMm=0.0, ClusterTolMm=60.0, BarrierBlocked=False
2026-07-26 18:46:25.367 [DoorComponentMerge] A=725, B=729, Reason=EndpointNear, EndpointDistMm=45.0, ClusterTolMm=60.0, BarrierBlocked=False
2026-07-26 18:46:25.367 [DoorComponentMerge] A=725, B=730, Reason=EndpointNear, EndpointDistMm=0.0, ClusterTolMm=60.0, BarrierBlocked=False
2026-07-26 18:46:25.368 [DoorComponentMerge] A=725, B=731, Reason=EndpointNear, EndpointDistMm=45.0, ClusterTolMm=60.0, BarrierBlocked=False
2026-07-26 18:46:25.368 [DoorComponentMerge] A=725, B=737, Reason=EndpointNear, EndpointDistMm=0.0, ClusterTolMm=60.0, BarrierBlocked=False
2026-07-26 18:46:25.368 [DoorComponentMerge] A=727, B=728, Reason=EndpointNear, EndpointDistMm=0.0, ClusterTolMm=60.0, BarrierBlocked=False
2026-07-26 18:46:25.369 [DoorComponentMerge] A=731, B=732, Reason=EndpointNear, EndpointDistMm=0.0, ClusterTolMm=60.0, BarrierBlocked=False
2026-07-26 18:46:25.369 [DoorComponentMerge] A=731, B=733, Reason=EndpointNear, EndpointDistMm=45.0, ClusterTolMm=60.0, BarrierBlocked=False
2026-07-26 18:46:25.370 [DoorComponentMerge] A=731, B=736, Reason=EndpointNear, EndpointDistMm=45.0, ClusterTolMm=60.0, BarrierBlocked=False
2026-07-26 18:46:25.370 [DoorComponentMerge] A=737, B=734, Reason=EndpointNear, EndpointDistMm=45.0, ClusterTolMm=60.0, BarrierBlocked=False
2026-07-26 18:46:25.371 [DoorComponentMerge] A=736, B=735, Reason=EndpointNear, EndpointDistMm=0.0, ClusterTolMm=60.0, BarrierBlocked=False
2026-07-26 18:46:25.371 [DoorComponentMerge] A=738, B=739, Reason=EndpointNear, EndpointDistMm=0.0, ClusterTolMm=60.0, BarrierBlocked=False
2026-07-26 18:46:25.372 [DoorComponentMerge] A=738, B=740, Reason=EndpointNear, EndpointDistMm=0.0, ClusterTolMm=60.0, BarrierBlocked=False
2026-07-26 18:46:25.372 [DoorComponentMerge] A=738, B=742, Reason=EndpointNear, EndpointDistMm=45.0, ClusterTolMm=60.0, BarrierBlocked=False
2026-07-26 18:46:25.373 [DoorComponentMerge] A=738, B=743, Reason=EndpointNear, EndpointDistMm=0.0, ClusterTolMm=60.0, BarrierBlocked=False
2026-07-26 18:46:25.373 [DoorComponentMerge] A=738, B=744, Reason=EndpointNear, EndpointDistMm=45.0, ClusterTolMm=60.0, BarrierBlocked=False
2026-07-26 18:46:25.374 [DoorComponentMerge] A=738, B=750, Reason=EndpointNear, EndpointDistMm=0.0, ClusterTolMm=60.0, BarrierBlocked=False
2026-07-26 18:46:25.374 [DoorComponentMerge] A=740, B=741, Reason=EndpointNear, EndpointDistMm=0.0, ClusterTolMm=60.0, BarrierBlocked=False
2026-07-26 18:46:25.375 [DoorComponentMerge] A=744, B=745, Reason=EndpointNear, EndpointDistMm=0.0, ClusterTolMm=60.0, BarrierBlocked=False
2026-07-26 18:46:25.375 [DoorComponentMerge] A=744, B=746, Reason=EndpointNear, EndpointDistMm=45.0, ClusterTolMm=60.0, BarrierBlocked=False
2026-07-26 18:46:25.375 [DoorComponentMerge] A=744, B=749, Reason=EndpointNear, EndpointDistMm=45.0, ClusterTolMm=60.0, BarrierBlocked=False
2026-07-26 18:46:25.376 [DoorComponentMerge] A=750, B=747, Reason=EndpointNear, EndpointDistMm=45.0, ClusterTolMm=60.0, BarrierBlocked=False
2026-07-26 18:46:25.376 [DoorComponentMerge] A=749, B=748, Reason=EndpointNear, EndpointDistMm=0.0, ClusterTolMm=60.0, BarrierBlocked=False
2026-07-26 18:46:25.377 [DoorComponentMerge] A=751, B=752, Reason=EndpointNear, EndpointDistMm=0.0, ClusterTolMm=60.0, BarrierBlocked=False
2026-07-26 18:46:25.377 [DoorComponentMerge] A=751, B=753, Reason=EndpointNear, EndpointDistMm=0.0, ClusterTolMm=60.0, BarrierBlocked=False
2026-07-26 18:46:25.379 [DoorComponentMerge] A=751, B=755, Reason=EndpointNear, EndpointDistMm=45.0, ClusterTolMm=60.0, BarrierBlocked=False
2026-07-26 18:46:25.379 [DoorComponentMerge] A=751, B=756, Reason=EndpointNear, EndpointDistMm=0.0, ClusterTolMm=60.0, BarrierBlocked=False
2026-07-26 18:46:25.380 [DoorComponentMerge] A=751, B=757, Reason=EndpointNear, EndpointDistMm=45.0, ClusterTolMm=60.0, BarrierBlocked=False
2026-07-26 18:46:25.380 [DoorComponentMerge] A=751, B=763, Reason=EndpointNear, EndpointDistMm=0.0, ClusterTolMm=60.0, BarrierBlocked=False
2026-07-26 18:46:25.380 [DoorComponentMerge] A=753, B=754, Reason=EndpointNear, EndpointDistMm=0.0, ClusterTolMm=60.0, BarrierBlocked=False
2026-07-26 18:46:25.381 [DoorComponentMerge] A=757, B=758, Reason=EndpointNear, EndpointDistMm=0.0, ClusterTolMm=60.0, BarrierBlocked=False
2026-07-26 18:46:25.382 [DoorComponentMerge] A=757, B=759, Reason=EndpointNear, EndpointDistMm=45.0, ClusterTolMm=60.0, BarrierBlocked=False
2026-07-26 18:46:25.382 [DoorComponentMerge] A=757, B=762, Reason=EndpointNear, EndpointDistMm=45.0, ClusterTolMm=60.0, BarrierBlocked=False
2026-07-26 18:46:25.382 [DoorComponentMerge] A=763, B=760, Reason=EndpointNear, EndpointDistMm=45.0, ClusterTolMm=60.0, BarrierBlocked=False
2026-07-26 18:46:25.383 [DoorComponentMerge] A=762, B=761, Reason=EndpointNear, EndpointDistMm=0.0, ClusterTolMm=60.0, BarrierBlocked=False
2026-07-26 18:46:25.383 [DoorComponentMerge] A=806, B=807, Reason=EndpointNear, EndpointDistMm=0.0, ClusterTolMm=60.0, BarrierBlocked=False
2026-07-26 18:46:25.384 [DoorComponentMerge] A=806, B=808, Reason=EndpointNear, EndpointDistMm=0.0, ClusterTolMm=60.0, BarrierBlocked=False
2026-07-26 18:46:25.384 [DoorComponentMerge] A=806, B=810, Reason=EndpointNear, EndpointDistMm=35.0, ClusterTolMm=60.0, BarrierBlocked=False
2026-07-26 18:46:25.384 [DoorComponentMerge] A=806, B=811, Reason=EndpointNear, EndpointDistMm=0.0, ClusterTolMm=60.0, BarrierBlocked=False
2026-07-26 18:46:25.385 [DoorComponentMerge] A=806, B=812, Reason=EndpointNear, EndpointDistMm=35.0, ClusterTolMm=60.0, BarrierBlocked=False
2026-07-26 18:46:25.385 [DoorComponentMerge] A=806, B=818, Reason=EndpointNear, EndpointDistMm=0.0, ClusterTolMm=60.0, BarrierBlocked=False
2026-07-26 18:46:25.386 [DoorComponentMerge] A=808, B=809, Reason=EndpointNear, EndpointDistMm=0.0, ClusterTolMm=60.0, BarrierBlocked=False
2026-07-26 18:46:25.386 [DoorComponentMerge] A=812, B=813, Reason=EndpointNear, EndpointDistMm=0.0, ClusterTolMm=60.0, BarrierBlocked=False
2026-07-26 18:46:25.386 [DoorComponentMerge] A=812, B=814, Reason=EndpointNear, EndpointDistMm=35.0, ClusterTolMm=60.0, BarrierBlocked=False
2026-07-26 18:46:25.386 [DoorComponentMerge] A=812, B=817, Reason=EndpointNear, EndpointDistMm=35.0, ClusterTolMm=60.0, BarrierBlocked=False
2026-07-26 18:46:25.387 [DoorComponentMerge] A=818, B=815, Reason=EndpointNear, EndpointDistMm=35.0, ClusterTolMm=60.0, BarrierBlocked=False
2026-07-26 18:46:25.388 [DoorComponentMerge] A=817, B=816, Reason=EndpointNear, EndpointDistMm=0.0, ClusterTolMm=60.0, BarrierBlocked=False
2026-07-26 18:46:25.388 [DoorComponentMerge] A=819, B=820, Reason=EndpointNear, EndpointDistMm=0.0, ClusterTolMm=60.0, BarrierBlocked=False
2026-07-26 18:46:25.389 [DoorComponentMerge] A=819, B=821, Reason=EndpointNear, EndpointDistMm=0.0, ClusterTolMm=60.0, BarrierBlocked=False
2026-07-26 18:46:25.389 [DoorComponentMerge] A=819, B=823, Reason=EndpointNear, EndpointDistMm=47.5, ClusterTolMm=60.0, BarrierBlocked=False
2026-07-26 18:46:25.389 [DoorComponentMerge] A=819, B=824, Reason=EndpointNear, EndpointDistMm=0.0, ClusterTolMm=60.0, BarrierBlocked=False
2026-07-26 18:46:25.390 [DoorComponentMerge] A=819, B=825, Reason=EndpointNear, EndpointDistMm=47.5, ClusterTolMm=60.0, BarrierBlocked=False
2026-07-26 18:46:25.390 [DoorComponentMerge] A=819, B=831, Reason=EndpointNear, EndpointDistMm=0.0, ClusterTolMm=60.0, BarrierBlocked=False
2026-07-26 18:46:25.391 [DoorComponentMerge] A=821, B=822, Reason=EndpointNear, EndpointDistMm=0.0, ClusterTolMm=60.0, BarrierBlocked=False
2026-07-26 18:46:25.391 [DoorComponentMerge] A=825, B=826, Reason=EndpointNear, EndpointDistMm=0.0, ClusterTolMm=60.0, BarrierBlocked=False
2026-07-26 18:46:25.391 [DoorComponentMerge] A=825, B=827, Reason=EndpointNear, EndpointDistMm=47.5, ClusterTolMm=60.0, BarrierBlocked=False
2026-07-26 18:46:25.391 [DoorComponentMerge] A=825, B=830, Reason=EndpointNear, EndpointDistMm=47.5, ClusterTolMm=60.0, BarrierBlocked=False
2026-07-26 18:46:25.392 [DoorComponentMerge] A=831, B=828, Reason=EndpointNear, EndpointDistMm=47.5, ClusterTolMm=60.0, BarrierBlocked=False
2026-07-26 18:46:25.392 [DoorComponentMerge] A=830, B=829, Reason=EndpointNear, EndpointDistMm=0.0, ClusterTolMm=60.0, BarrierBlocked=False
2026-07-26 18:46:25.393 [DoorComponentMerge] A=832, B=833, Reason=EndpointNear, EndpointDistMm=0.0, ClusterTolMm=60.0, BarrierBlocked=False
2026-07-26 18:46:25.393 [DoorComponentMerge] A=832, B=834, Reason=EndpointNear, EndpointDistMm=0.0, ClusterTolMm=60.0, BarrierBlocked=False
2026-07-26 18:46:25.393 [DoorComponentMerge] A=832, B=836, Reason=EndpointNear, EndpointDistMm=50.0, ClusterTolMm=60.0, BarrierBlocked=False
2026-07-26 18:46:25.394 [DoorComponentMerge] A=832, B=837, Reason=EndpointNear, EndpointDistMm=0.0, ClusterTolMm=60.0, BarrierBlocked=False
2026-07-26 18:46:25.394 [DoorComponentMerge] A=832, B=838, Reason=EndpointNear, EndpointDistMm=50.0, ClusterTolMm=60.0, BarrierBlocked=False
2026-07-26 18:46:25.395 [DoorComponentMerge] A=832, B=844, Reason=EndpointNear, EndpointDistMm=0.0, ClusterTolMm=60.0, BarrierBlocked=False
2026-07-26 18:46:25.396 [DoorComponentMerge] A=834, B=835, Reason=EndpointNear, EndpointDistMm=0.0, ClusterTolMm=60.0, BarrierBlocked=False
2026-07-26 18:46:25.397 [DoorComponentMerge] A=838, B=839, Reason=EndpointNear, EndpointDistMm=0.0, ClusterTolMm=60.0, BarrierBlocked=False
2026-07-26 18:46:25.398 [DoorComponentMerge] A=838, B=840, Reason=EndpointNear, EndpointDistMm=50.0, ClusterTolMm=60.0, BarrierBlocked=False
2026-07-26 18:46:25.398 [DoorComponentMerge] A=838, B=843, Reason=EndpointNear, EndpointDistMm=50.0, ClusterTolMm=60.0, BarrierBlocked=False
2026-07-26 18:46:25.398 [DoorComponentMerge] A=844, B=841, Reason=EndpointNear, EndpointDistMm=50.0, ClusterTolMm=60.0, BarrierBlocked=False
2026-07-26 18:46:25.399 [DoorComponentMerge] A=843, B=842, Reason=EndpointNear, EndpointDistMm=0.0, ClusterTolMm=60.0, BarrierBlocked=False
2026-07-26 18:46:25.399 [DoorComponentMerge] A=2162, B=2163, Reason=EndpointNear, EndpointDistMm=0.0, ClusterTolMm=60.0, BarrierBlocked=False
2026-07-26 18:46:25.400 [DoorComponentMerge] A=2162, B=2165, Reason=EndpointNear, EndpointDistMm=0.0, ClusterTolMm=60.0, BarrierBlocked=False
2026-07-26 18:46:25.401 [DoorComponentMerge] A=2162, B=2166, Reason=EndpointNear, EndpointDistMm=0.0, ClusterTolMm=60.0, BarrierBlocked=False
2026-07-26 18:46:25.401 [DoorComponentMerge] A=2162, B=2167, Reason=EndpointNear, EndpointDistMm=0.0, ClusterTolMm=60.0, BarrierBlocked=False
2026-07-26 18:46:25.401 [DoorComponentMerge] A=2162, B=2168, Reason=EndpointNear, EndpointDistMm=37.5, ClusterTolMm=60.0, BarrierBlocked=False
2026-07-26 18:46:25.402 [DoorComponentMerge] A=2163, B=2164, Reason=EndpointNear, EndpointDistMm=0.0, ClusterTolMm=60.0, BarrierBlocked=False
2026-07-26 18:46:25.402 [DoorComponentMerge] A=2166, B=2169, Reason=EndpointNear, EndpointDistMm=0.0, ClusterTolMm=60.0, BarrierBlocked=False
2026-07-26 18:46:25.403 [DoorComponentMerge] A=2166, B=2219, Reason=EndpointNear, EndpointDistMm=20.2, ClusterTolMm=60.0, BarrierBlocked=False
2026-07-26 18:46:25.403 [DoorComponentMerge] A=2219, B=2218, Reason=EndpointNear, EndpointDistMm=0.0, ClusterTolMm=60.0, BarrierBlocked=False
2026-07-26 18:46:25.403 [DoorComponentMerge] A=2218, B=2170, Reason=EndpointNear, EndpointDistMm=0.0, ClusterTolMm=60.0, BarrierBlocked=False
2026-07-26 18:46:25.404 [DoorComponentMerge] A=2218, B=2171, Reason=EndpointNear, EndpointDistMm=37.5, ClusterTolMm=60.0, BarrierBlocked=False
2026-07-26 18:46:25.404 [DoorComponentMerge] A=2218, B=2177, Reason=EndpointNear, EndpointDistMm=0.0, ClusterTolMm=60.0, BarrierBlocked=False
2026-07-26 18:46:25.405 [DoorComponentMerge] A=2171, B=2172, Reason=EndpointNear, EndpointDistMm=0.0, ClusterTolMm=60.0, BarrierBlocked=False
2026-07-26 18:46:25.405 [DoorComponentMerge] A=2171, B=2173, Reason=EndpointNear, EndpointDistMm=37.5, ClusterTolMm=60.0, BarrierBlocked=False
2026-07-26 18:46:25.406 [DoorComponentMerge] A=2171, B=2176, Reason=EndpointNear, EndpointDistMm=37.5, ClusterTolMm=60.0, BarrierBlocked=False
2026-07-26 18:46:25.406 [DoorComponentMerge] A=2177, B=2174, Reason=EndpointNear, EndpointDistMm=37.5, ClusterTolMm=60.0, BarrierBlocked=False
2026-07-26 18:46:25.406 [DoorComponentMerge] A=2176, B=2175, Reason=EndpointNear, EndpointDistMm=0.0, ClusterTolMm=60.0, BarrierBlocked=False
2026-07-26 18:46:25.407 [DoorComponentMerge] A=2178, B=2179, Reason=EndpointNear, EndpointDistMm=0.0, ClusterTolMm=60.0, BarrierBlocked=False
2026-07-26 18:46:25.407 [DoorComponentMerge] A=2178, B=2181, Reason=EndpointNear, EndpointDistMm=0.0, ClusterTolMm=60.0, BarrierBlocked=False
2026-07-26 18:46:25.407 [DoorComponentMerge] A=2178, B=2182, Reason=EndpointNear, EndpointDistMm=0.0, ClusterTolMm=60.0, BarrierBlocked=False
2026-07-26 18:46:25.408 [DoorComponentMerge] A=2178, B=2183, Reason=EndpointNear, EndpointDistMm=0.0, ClusterTolMm=60.0, BarrierBlocked=False
2026-07-26 18:46:25.408 [DoorComponentMerge] A=2178, B=2184, Reason=EndpointNear, EndpointDistMm=37.5, ClusterTolMm=60.0, BarrierBlocked=False
2026-07-26 18:46:25.409 [DoorComponentMerge] A=2179, B=2180, Reason=EndpointNear, EndpointDistMm=0.0, ClusterTolMm=60.0, BarrierBlocked=False
2026-07-26 18:46:25.409 [DoorComponentMerge] A=2182, B=2185, Reason=EndpointNear, EndpointDistMm=0.0, ClusterTolMm=60.0, BarrierBlocked=False
2026-07-26 18:46:25.409 [DoorComponentMerge] A=2182, B=2221, Reason=EndpointNear, EndpointDistMm=37.6, ClusterTolMm=60.0, BarrierBlocked=False
2026-07-26 18:46:25.410 [DoorComponentMerge] A=2221, B=2220, Reason=EndpointNear, EndpointDistMm=0.0, ClusterTolMm=60.0, BarrierBlocked=False
2026-07-26 18:46:25.411 [DoorComponentMerge] A=2220, B=2186, Reason=EndpointNear, EndpointDistMm=0.0, ClusterTolMm=60.0, BarrierBlocked=False
2026-07-26 18:46:25.411 [DoorComponentMerge] A=2220, B=2187, Reason=EndpointNear, EndpointDistMm=37.5, ClusterTolMm=60.0, BarrierBlocked=False
2026-07-26 18:46:25.412 [DoorComponentMerge] A=2220, B=2193, Reason=EndpointNear, EndpointDistMm=0.0, ClusterTolMm=60.0, BarrierBlocked=False
2026-07-26 18:46:25.412 [DoorComponentMerge] A=2187, B=2188, Reason=EndpointNear, EndpointDistMm=0.0, ClusterTolMm=60.0, BarrierBlocked=False
2026-07-26 18:46:25.413 [DoorComponentMerge] A=2187, B=2189, Reason=EndpointNear, EndpointDistMm=37.5, ClusterTolMm=60.0, BarrierBlocked=False
2026-07-26 18:46:25.413 [DoorComponentMerge] A=2187, B=2192, Reason=EndpointNear, EndpointDistMm=37.5, ClusterTolMm=60.0, BarrierBlocked=False
2026-07-26 18:46:25.414 [DoorComponentMerge] A=2193, B=2190, Reason=EndpointNear, EndpointDistMm=37.5, ClusterTolMm=60.0, BarrierBlocked=False
2026-07-26 18:46:25.414 [DoorComponentMerge] A=2192, B=2191, Reason=EndpointNear, EndpointDistMm=0.0, ClusterTolMm=60.0, BarrierBlocked=False
2026-07-26 18:46:25.415 [DoorComponentMerge] A=2194, B=2195, Reason=EndpointNear, EndpointDistMm=0.0, ClusterTolMm=60.0, BarrierBlocked=False
2026-07-26 18:46:25.415 [DoorComponentMerge] A=2194, B=2197, Reason=EndpointNear, EndpointDistMm=0.0, ClusterTolMm=60.0, BarrierBlocked=False
2026-07-26 18:46:25.416 [DoorComponentMerge] A=2194, B=2222, Reason=EndpointNear, EndpointDistMm=0.0, ClusterTolMm=60.0, BarrierBlocked=False
2026-07-26 18:46:25.416 [DoorComponentMerge] A=2195, B=2196, Reason=EndpointNear, EndpointDistMm=0.0, ClusterTolMm=60.0, BarrierBlocked=False
2026-07-26 18:46:25.419 [DoorComponentMerge] A=2222, B=2198, Reason=EndpointNear, EndpointDistMm=0.0, ClusterTolMm=60.0, BarrierBlocked=False
2026-07-26 18:46:25.419 [DoorComponentMerge] A=2222, B=2199, Reason=EndpointNear, EndpointDistMm=45.0, ClusterTolMm=60.0, BarrierBlocked=False
2026-07-26 18:46:25.420 [DoorComponentMerge] A=2222, B=2205, Reason=EndpointNear, EndpointDistMm=0.0, ClusterTolMm=60.0, BarrierBlocked=False
2026-07-26 18:46:25.421 [DoorComponentMerge] A=2199, B=2200, Reason=EndpointNear, EndpointDistMm=0.0, ClusterTolMm=60.0, BarrierBlocked=False
2026-07-26 18:46:25.421 [DoorComponentMerge] A=2199, B=2201, Reason=EndpointNear, EndpointDistMm=45.0, ClusterTolMm=60.0, BarrierBlocked=False
2026-07-26 18:46:25.422 [DoorComponentMerge] A=2199, B=2204, Reason=EndpointNear, EndpointDistMm=45.0, ClusterTolMm=60.0, BarrierBlocked=False
2026-07-26 18:46:25.422 [DoorComponentMerge] A=2205, B=2202, Reason=EndpointNear, EndpointDistMm=45.0, ClusterTolMm=60.0, BarrierBlocked=False
2026-07-26 18:46:25.422 [DoorComponentMerge] A=2204, B=2203, Reason=EndpointNear, EndpointDistMm=0.0, ClusterTolMm=60.0, BarrierBlocked=False
2026-07-26 18:46:25.423 [DoorComponentMerge] A=2206, B=2207, Reason=EndpointNear, EndpointDistMm=0.0, ClusterTolMm=60.0, BarrierBlocked=False
2026-07-26 18:46:25.423 [DoorComponentMerge] A=2206, B=2209, Reason=EndpointNear, EndpointDistMm=0.0, ClusterTolMm=60.0, BarrierBlocked=False
2026-07-26 18:46:25.424 [DoorComponentMerge] A=2206, B=2223, Reason=EndpointNear, EndpointDistMm=0.0, ClusterTolMm=60.0, BarrierBlocked=False
2026-07-26 18:46:25.424 [DoorComponentMerge] A=2207, B=2208, Reason=EndpointNear, EndpointDistMm=0.0, ClusterTolMm=60.0, BarrierBlocked=False
2026-07-26 18:46:25.424 [DoorComponentMerge] A=2223, B=2210, Reason=EndpointNear, EndpointDistMm=0.0, ClusterTolMm=60.0, BarrierBlocked=False
2026-07-26 18:46:25.425 [DoorComponentMerge] A=2223, B=2211, Reason=EndpointNear, EndpointDistMm=35.0, ClusterTolMm=60.0, BarrierBlocked=False
2026-07-26 18:46:25.425 [DoorComponentMerge] A=2223, B=2217, Reason=EndpointNear, EndpointDistMm=0.0, ClusterTolMm=60.0, BarrierBlocked=False
2026-07-26 18:46:25.425 [DoorComponentMerge] A=2211, B=2212, Reason=EndpointNear, EndpointDistMm=0.0, ClusterTolMm=60.0, BarrierBlocked=False
2026-07-26 18:46:25.426 [DoorComponentMerge] A=2211, B=2213, Reason=EndpointNear, EndpointDistMm=35.0, ClusterTolMm=60.0, BarrierBlocked=False
2026-07-26 18:46:25.426 [DoorComponentMerge] A=2211, B=2216, Reason=EndpointNear, EndpointDistMm=35.0, ClusterTolMm=60.0, BarrierBlocked=False
2026-07-26 18:46:25.427 [DoorComponentMerge] A=2217, B=2214, Reason=EndpointNear, EndpointDistMm=35.0, ClusterTolMm=60.0, BarrierBlocked=False
2026-07-26 18:46:25.427 [DoorComponentMerge] A=2216, B=2215, Reason=EndpointNear, EndpointDistMm=0.0, ClusterTolMm=60.0, BarrierBlocked=False
2026-07-26 18:46:25.430 [DoorRouteComponent] ComponentId=1, Segments=18, Arcs=2, Lines=16, ContextSegments=2680, WallContextCount=582, BBoxMin=(94.992,78.501,0.000), BBoxMax=(102.309,82.396,0.000), SegmentIds=1|2|3|4|5|6|7|8|9|10|11|12|13|14|15|16|17|18
2026-07-26 18:46:25.435 [R3TPrecheck] ComponentId=1, MainArcCount=2, RouteContextCount=2680, WallContextCount=582
2026-07-26 18:46:25.448 [DoorRouteHardWallContact] ComponentId=1, ArcCount=2, ArcSegmentIds=18|17, LeafCandidateCount=4, ContextCandidateCount=582, TouchTolMm=120.0, ReferenceCenter=(98.719,80.959,0.000), SharedJunction=(98.693,79.057,0.000), ExpectedWallDir=(1.0000,0.0000,0.0000)
2026-07-26 18:46:25.453 [DoorRouteHardWallContactCandidate] ComponentId=1, ArcSegmentId=18, LeafSegmentId=5, WallSegmentId=-2000006, PreferredWallId=1589150, IsFromHostWall=True, WallLengthMm=7250.0, CenterDistMm=696.2, JunctionDistMm=116.7, LeafDistMm=57.4, DirectionPenalty=0.0000, ArcSupportCount=0, Score=1128.90
2026-07-26 18:46:25.457 [DoorRouteHardWallContactCandidate] ComponentId=1, ArcSegmentId=18, LeafSegmentId=7, WallSegmentId=-2000006, PreferredWallId=1589150, IsFromHostWall=True, WallLengthMm=7250.0, CenterDistMm=696.2, JunctionDistMm=116.7, LeafDistMm=57.4, DirectionPenalty=0.0000, ArcSupportCount=0, Score=1128.90
2026-07-26 18:46:25.460 [DoorRouteHardWallContactCandidate] ComponentId=1, ArcSegmentId=18, LeafSegmentId=10, WallSegmentId=-2000006, PreferredWallId=1589150, IsFromHostWall=True, WallLengthMm=7250.0, CenterDistMm=696.2, JunctionDistMm=116.7, LeafDistMm=57.4, DirectionPenalty=0.0000, ArcSupportCount=0, Score=1128.90
2026-07-26 18:46:25.462 [DoorRouteHardWallContactCandidate] ComponentId=1, ArcSegmentId=18, LeafSegmentId=16, WallSegmentId=-2000006, PreferredWallId=1589150, IsFromHostWall=True, WallLengthMm=7250.0, CenterDistMm=696.2, JunctionDistMm=116.7, LeafDistMm=57.4, DirectionPenalty=0.0000, ArcSupportCount=0, Score=1128.90
2026-07-26 18:46:25.464 [DoorRouteHardWallContactHit] ComponentId=1, ArcSegmentId=18, LeafSegmentId=5, WallSegmentId=-2000006, PreferredWallId=1589150, IsFromHostWall=True, WallLengthMm=7250.0, CenterDistMm=696.2, JunctionDistMm=116.7, LeafDistMm=57.4, DirectionPenalty=0.0000, ArcSupportCount=0, Score=1128.90, Result=True
2026-07-26 18:46:25.469 [R3BDFeature] ArcCount=2, LineCount=16, RadiusClose=True, SymmetryLike=True, LeftSideGroupCount=2, RightSideGroupCount=2, OpeningDirFromGroup=True, LightWeightStructure=True
2026-07-26 18:46:25.478 [DoorRouteDecision] ComponentId=1, ArcCount=2, LineCount=16, ShortCount=12, HasHardWallCrossingContact=True, RouteContextCount=2680, WallContextCount=582, IsMinimalDoubleNoWallDoorSymbol=True, RadiusClose=True, SymmetryLike=True, LeftSideGroupCount=2, RightSideGroupCount=2, LightWeightStructure=True, HasStrongMainBaseLikeLine=False, HasLeafSideLikeLine=False, HasStandardDoorStructure=False, R3CDArcCountGatePassed=True, HasR3CDRoutePrecheck=False, HasValidR3CDDoorLineGE500=False, R3CDDoorLineCandidateCount=8, R3CDValidDoorLineCount=0, R3CDSideCandidateCount=4, R3CDPrecheckLeftGroupCount=2, R3CDPrecheckRightGroupCount=2, HasBilateralR3CDSideGroups=True, IsComplexStandardNoWallDoorSymbol=True, ResolvedKind=DoubleArcDoorWithWallCrossing
2026-07-26 18:46:25.479 [R3CDHardRouteDecision] ComponentId=1, ArcCountMatched=True, HasDoorLineGE500=False, HasBilateralSideGroups=True, Reason=NoDoorLineGE500, RoutedTo=R3C
2026-07-26 18:46:25.481 [DoorRouteHardWallContact] ComponentId=1, ArcCount=2, ArcSegmentIds=18|17, LeafCandidateCount=4, ContextCandidateCount=582, TouchTolMm=120.0, ReferenceCenter=(98.719,80.959,0.000), SharedJunction=(98.693,79.057,0.000), ExpectedWallDir=(1.0000,0.0000,0.0000)
2026-07-26 18:46:25.485 [DoorRouteHardWallContactCandidate] ComponentId=1, ArcSegmentId=18, LeafSegmentId=5, WallSegmentId=-2000006, PreferredWallId=1589150, IsFromHostWall=True, WallLengthMm=7250.0, CenterDistMm=696.2, JunctionDistMm=116.7, LeafDistMm=57.4, DirectionPenalty=0.0000, ArcSupportCount=0, Score=1128.90
2026-07-26 18:46:25.488 [DoorRouteHardWallContactCandidate] ComponentId=1, ArcSegmentId=18, LeafSegmentId=7, WallSegmentId=-2000006, PreferredWallId=1589150, IsFromHostWall=True, WallLengthMm=7250.0, CenterDistMm=696.2, JunctionDistMm=116.7, LeafDistMm=57.4, DirectionPenalty=0.0000, ArcSupportCount=0, Score=1128.90
2026-07-26 18:46:25.490 [DoorRouteHardWallContactCandidate] ComponentId=1, ArcSegmentId=18, LeafSegmentId=10, WallSegmentId=-2000006, PreferredWallId=1589150, IsFromHostWall=True, WallLengthMm=7250.0, CenterDistMm=696.2, JunctionDistMm=116.7, LeafDistMm=57.4, DirectionPenalty=0.0000, ArcSupportCount=0, Score=1128.90
2026-07-26 18:46:25.494 [DoorRouteHardWallContactCandidate] ComponentId=1, ArcSegmentId=18, LeafSegmentId=16, WallSegmentId=-2000006, PreferredWallId=1589150, IsFromHostWall=True, WallLengthMm=7250.0, CenterDistMm=696.2, JunctionDistMm=116.7, LeafDistMm=57.4, DirectionPenalty=0.0000, ArcSupportCount=0, Score=1128.90
2026-07-26 18:46:25.494 [DoorRouteHardWallContactHit] ComponentId=1, ArcSegmentId=18, LeafSegmentId=5, WallSegmentId=-2000006, PreferredWallId=1589150, IsFromHostWall=True, WallLengthMm=7250.0, CenterDistMm=696.2, JunctionDistMm=116.7, LeafDistMm=57.4, DirectionPenalty=0.0000, ArcSupportCount=0, Score=1128.90, Result=True
2026-07-26 18:46:25.495 [DoorRouteComponentKind] ComponentId=1, RoutedKind=DoubleArcDoorWithWallCrossing, SelectedRule=R3D
2026-07-26 18:46:25.502 [R3DOpening] ArcCount=2, OpeningWidthMm=2060.6, OpeningCenter=(98.735,79.015,0.000), OpeningDir=(0.9999,-0.0125,0.0000)
2026-07-26 18:46:25.503 [DoorRoutePreferredHostWallBinding] ComponentId=1, Rule=R3D, CandidateRuleSource=R3D, PreferredWallId=1589150, SourceWallSegmentId=-2000006, ArcSegmentId=18, LeafSegmentId=5, PreferredHostPoint=(98.735,79.015,0.000)
2026-07-26 18:46:25.504 [DoorRouteCandidate] ComponentId=1, RuleSource=R3D, DoorKind=Double, OpeningCenter=(98.735,79.015,0.000), OpeningDir=(0.9999,-0.0125,0.0000), OpeningWidthMm=2060.6
2026-07-26 18:46:25.504 [DoorRouteComponent] ComponentId=2, Segments=18, Arcs=2, Lines=16, ContextSegments=2680, WallContextCount=582, BBoxMin=(57.545,78.977,0.000), BBoxMax=(64.862,82.872,0.000), SegmentIds=19|20|21|22|23|24|25|26|27|28|29|30|31|32|33|34|35|36
2026-07-26 18:46:25.504 [R3TPrecheck] ComponentId=2, MainArcCount=2, RouteContextCount=2680, WallContextCount=582
2026-07-26 18:46:25.506 [DoorRouteHardWallContact] ComponentId=2, ArcCount=2, ArcSegmentIds=36|35, LeafCandidateCount=4, ContextCandidateCount=582, TouchTolMm=120.0, ReferenceCenter=(61.271,81.435,0.000), SharedJunction=(61.245,79.533,0.000), ExpectedWallDir=(1.0000,0.0000,0.0000)
2026-07-26 18:46:25.509 [DoorRouteHardWallContactCandidate] ComponentId=2, ArcSegmentId=36, LeafSegmentId=23, WallSegmentId=-2000007, PreferredWallId=1589151, IsFromHostWall=True, WallLengthMm=7230.0, CenterDistMm=696.3, JunctionDistMm=116.8, LeafDistMm=57.4, DirectionPenalty=0.0000, ArcSupportCount=0, Score=1129.25
2026-07-26 18:46:25.513 [DoorRouteHardWallContactCandidate] ComponentId=2, ArcSegmentId=36, LeafSegmentId=25, WallSegmentId=-2000007, PreferredWallId=1589151, IsFromHostWall=True, WallLengthMm=7230.0, CenterDistMm=696.3, JunctionDistMm=116.8, LeafDistMm=57.4, DirectionPenalty=0.0000, ArcSupportCount=0, Score=1129.25
2026-07-26 18:46:25.516 [DoorRouteHardWallContactCandidate] ComponentId=2, ArcSegmentId=36, LeafSegmentId=28, WallSegmentId=-2000007, PreferredWallId=1589151, IsFromHostWall=True, WallLengthMm=7230.0, CenterDistMm=696.3, JunctionDistMm=116.8, LeafDistMm=57.4, DirectionPenalty=0.0000, ArcSupportCount=0, Score=1129.25
2026-07-26 18:46:25.519 [DoorRouteHardWallContactCandidate] ComponentId=2, ArcSegmentId=36, LeafSegmentId=34, WallSegmentId=-2000007, PreferredWallId=1589151, IsFromHostWall=True, WallLengthMm=7230.0, CenterDistMm=696.3, JunctionDistMm=116.8, LeafDistMm=57.4, DirectionPenalty=0.0000, ArcSupportCount=0, Score=1129.25
2026-07-26 18:46:25.519 [DoorRouteHardWallContactHit] ComponentId=2, ArcSegmentId=36, LeafSegmentId=23, WallSegmentId=-2000007, PreferredWallId=1589151, IsFromHostWall=True, WallLengthMm=7230.0, CenterDistMm=696.3, JunctionDistMm=116.8, LeafDistMm=57.4, DirectionPenalty=0.0000, ArcSupportCount=0, Score=1129.25, Result=True
2026-07-26 18:46:25.519 [R3BDFeature] ArcCount=2, LineCount=16, RadiusClose=True, SymmetryLike=True, LeftSideGroupCount=2, RightSideGroupCount=2, OpeningDirFromGroup=True, LightWeightStructure=True
2026-07-26 18:46:25.520 [DoorRouteDecision] ComponentId=2, ArcCount=2, LineCount=16, ShortCount=12, HasHardWallCrossingContact=True, RouteContextCount=2680, WallContextCount=582, IsMinimalDoubleNoWallDoorSymbol=True, RadiusClose=True, SymmetryLike=True, LeftSideGroupCount=2, RightSideGroupCount=2, LightWeightStructure=True, HasStrongMainBaseLikeLine=False, HasLeafSideLikeLine=False, HasStandardDoorStructure=False, R3CDArcCountGatePassed=True, HasR3CDRoutePrecheck=False, HasValidR3CDDoorLineGE500=False, R3CDDoorLineCandidateCount=8, R3CDValidDoorLineCount=0, R3CDSideCandidateCount=4, R3CDPrecheckLeftGroupCount=2, R3CDPrecheckRightGroupCount=2, HasBilateralR3CDSideGroups=True, IsComplexStandardNoWallDoorSymbol=True, ResolvedKind=DoubleArcDoorWithWallCrossing
2026-07-26 18:46:25.520 [R3CDHardRouteDecision] ComponentId=2, ArcCountMatched=True, HasDoorLineGE500=False, HasBilateralSideGroups=True, Reason=NoDoorLineGE500, RoutedTo=R3C
2026-07-26 18:46:25.521 [DoorRouteHardWallContact] ComponentId=2, ArcCount=2, ArcSegmentIds=36|35, LeafCandidateCount=4, ContextCandidateCount=582, TouchTolMm=120.0, ReferenceCenter=(61.271,81.435,0.000), SharedJunction=(61.245,79.533,0.000), ExpectedWallDir=(1.0000,0.0000,0.0000)
2026-07-26 18:46:25.525 [DoorRouteHardWallContactCandidate] ComponentId=2, ArcSegmentId=36, LeafSegmentId=23, WallSegmentId=-2000007, PreferredWallId=1589151, IsFromHostWall=True, WallLengthMm=7230.0, CenterDistMm=696.3, JunctionDistMm=116.8, LeafDistMm=57.4, DirectionPenalty=0.0000, ArcSupportCount=0, Score=1129.25
2026-07-26 18:46:25.528 [DoorRouteHardWallContactCandidate] ComponentId=2, ArcSegmentId=36, LeafSegmentId=25, WallSegmentId=-2000007, PreferredWallId=1589151, IsFromHostWall=True, WallLengthMm=7230.0, CenterDistMm=696.3, JunctionDistMm=116.8, LeafDistMm=57.4, DirectionPenalty=0.0000, ArcSupportCount=0, Score=1129.25
2026-07-26 18:46:25.531 [DoorRouteHardWallContactCandidate] ComponentId=2, ArcSegmentId=36, LeafSegmentId=28, WallSegmentId=-2000007, PreferredWallId=1589151, IsFromHostWall=True, WallLengthMm=7230.0, CenterDistMm=696.3, JunctionDistMm=116.8, LeafDistMm=57.4, DirectionPenalty=0.0000, ArcSupportCount=0, Score=1129.25
2026-07-26 18:46:25.535 [DoorRouteHardWallContactCandidate] ComponentId=2, ArcSegmentId=36, LeafSegmentId=34, WallSegmentId=-2000007, PreferredWallId=1589151, IsFromHostWall=True, WallLengthMm=7230.0, CenterDistMm=696.3, JunctionDistMm=116.8, LeafDistMm=57.4, DirectionPenalty=0.0000, ArcSupportCount=0, Score=1129.25
2026-07-26 18:46:25.535 [DoorRouteHardWallContactHit] ComponentId=2, ArcSegmentId=36, LeafSegmentId=23, WallSegmentId=-2000007, PreferredWallId=1589151, IsFromHostWall=True, WallLengthMm=7230.0, CenterDistMm=696.3, JunctionDistMm=116.8, LeafDistMm=57.4, DirectionPenalty=0.0000, ArcSupportCount=0, Score=1129.25, Result=True
2026-07-26 18:46:25.536 [DoorRouteComponentKind] ComponentId=2, RoutedKind=DoubleArcDoorWithWallCrossing, SelectedRule=R3D
2026-07-26 18:46:25.536 [R3DOpening] ArcCount=2, OpeningWidthMm=2060.6, OpeningCenter=(61.287,79.491,0.000), OpeningDir=(0.9999,-0.0125,0.0000)
2026-07-26 18:46:25.536 [DoorRoutePreferredHostWallBinding] ComponentId=2, Rule=R3D, CandidateRuleSource=R3D, PreferredWallId=1589151, SourceWallSegmentId=-2000007, ArcSegmentId=36, LeafSegmentId=23, PreferredHostPoint=(61.287,79.491,0.000)
2026-07-26 18:46:25.536 [DoorRouteCandidate] ComponentId=2, RuleSource=R3D, DoorKind=Double, OpeningCenter=(61.287,79.491,0.000), OpeningDir=(0.9999,-0.0125,0.0000), OpeningWidthMm=2060.6
2026-07-26 18:46:25.537 [DoorRouteComponent] ComponentId=3, Segments=18, Arcs=2, Lines=16, ContextSegments=2680, WallContextCount=582, BBoxMin=(108.937,100.705,0.000), BBoxMax=(116.254,104.600,0.000), SegmentIds=37|38|39|40|41|42|43|44|45|46|47|48|49|50|51|52|53|54
2026-07-26 18:46:25.537 [R3TPrecheck] ComponentId=3, MainArcCount=2, RouteContextCount=2680, WallContextCount=582
2026-07-26 18:46:25.539 [DoorRouteHardWallContact] ComponentId=3, ArcCount=2, ArcSegmentIds=54|53, LeafCandidateCount=4, ContextCandidateCount=582, TouchTolMm=120.0, ReferenceCenter=(112.664,103.163,0.000), SharedJunction=(112.638,101.262,0.000), ExpectedWallDir=(1.0000,0.0000,0.0000)
2026-07-26 18:46:25.540 [DoorRouteHardWallContactCandidate] ComponentId=3, ArcSegmentId=54, LeafSegmentId=41, WallSegmentId=-2000057, PreferredWallId=1589202, IsFromHostWall=True, WallLengthMm=3200.0, CenterDistMm=674.0, JunctionDistMm=94.5, LeafDistMm=35.2, DirectionPenalty=0.0000, ArcSupportCount=0, Score=1033.54
2026-07-26 18:46:25.544 [DoorRouteHardWallContactCandidate] ComponentId=3, ArcSegmentId=54, LeafSegmentId=43, WallSegmentId=-2000057, PreferredWallId=1589202, IsFromHostWall=True, WallLengthMm=3200.0, CenterDistMm=674.0, JunctionDistMm=94.5, LeafDistMm=35.2, DirectionPenalty=0.0000, ArcSupportCount=0, Score=1033.54
2026-07-26 18:46:25.548 [DoorRouteHardWallContactCandidate] ComponentId=3, ArcSegmentId=54, LeafSegmentId=46, WallSegmentId=-2000057, PreferredWallId=1589202, IsFromHostWall=True, WallLengthMm=3200.0, CenterDistMm=674.0, JunctionDistMm=94.5, LeafDistMm=35.2, DirectionPenalty=0.0000, ArcSupportCount=0, Score=1033.54
2026-07-26 18:46:25.552 [DoorRouteHardWallContactCandidate] ComponentId=3, ArcSegmentId=54, LeafSegmentId=52, WallSegmentId=-2000057, PreferredWallId=1589202, IsFromHostWall=True, WallLengthMm=3200.0, CenterDistMm=674.0, JunctionDistMm=94.5, LeafDistMm=35.2, DirectionPenalty=0.0000, ArcSupportCount=0, Score=1033.54
2026-07-26 18:46:25.553 [DoorRouteHardWallContactHit] ComponentId=3, ArcSegmentId=54, LeafSegmentId=41, WallSegmentId=-2000057, PreferredWallId=1589202, IsFromHostWall=True, WallLengthMm=3200.0, CenterDistMm=674.0, JunctionDistMm=94.5, LeafDistMm=35.2, DirectionPenalty=0.0000, ArcSupportCount=0, Score=1033.54, Result=True
2026-07-26 18:46:25.553 [R3BDFeature] ArcCount=2, LineCount=16, RadiusClose=True, SymmetryLike=True, LeftSideGroupCount=2, RightSideGroupCount=2, OpeningDirFromGroup=True, LightWeightStructure=True
2026-07-26 18:46:25.554 [DoorRouteDecision] ComponentId=3, ArcCount=2, LineCount=16, ShortCount=12, HasHardWallCrossingContact=True, RouteContextCount=2680, WallContextCount=582, IsMinimalDoubleNoWallDoorSymbol=True, RadiusClose=True, SymmetryLike=True, LeftSideGroupCount=2, RightSideGroupCount=2, LightWeightStructure=True, HasStrongMainBaseLikeLine=False, HasLeafSideLikeLine=False, HasStandardDoorStructure=False, R3CDArcCountGatePassed=True, HasR3CDRoutePrecheck=False, HasValidR3CDDoorLineGE500=False, R3CDDoorLineCandidateCount=8, R3CDValidDoorLineCount=0, R3CDSideCandidateCount=4, R3CDPrecheckLeftGroupCount=2, R3CDPrecheckRightGroupCount=2, HasBilateralR3CDSideGroups=True, IsComplexStandardNoWallDoorSymbol=True, ResolvedKind=DoubleArcDoorWithWallCrossing
2026-07-26 18:46:25.554 [R3CDHardRouteDecision] ComponentId=3, ArcCountMatched=True, HasDoorLineGE500=False, HasBilateralSideGroups=True, Reason=NoDoorLineGE500, RoutedTo=R3C
2026-07-26 18:46:25.555 [DoorRouteHardWallContact] ComponentId=3, ArcCount=2, ArcSegmentIds=54|53, LeafCandidateCount=4, ContextCandidateCount=582, TouchTolMm=120.0, ReferenceCenter=(112.664,103.163,0.000), SharedJunction=(112.638,101.262,0.000), ExpectedWallDir=(1.0000,0.0000,0.0000)
2026-07-26 18:46:25.558 [DoorRouteHardWallContactCandidate] ComponentId=3, ArcSegmentId=54, LeafSegmentId=41, WallSegmentId=-2000057, PreferredWallId=1589202, IsFromHostWall=True, WallLengthMm=3200.0, CenterDistMm=674.0, JunctionDistMm=94.5, LeafDistMm=35.2, DirectionPenalty=0.0000, ArcSupportCount=0, Score=1033.54
2026-07-26 18:46:25.561 [DoorRouteHardWallContactCandidate] ComponentId=3, ArcSegmentId=54, LeafSegmentId=43, WallSegmentId=-2000057, PreferredWallId=1589202, IsFromHostWall=True, WallLengthMm=3200.0, CenterDistMm=674.0, JunctionDistMm=94.5, LeafDistMm=35.2, DirectionPenalty=0.0000, ArcSupportCount=0, Score=1033.54
2026-07-26 18:46:25.564 [DoorRouteHardWallContactCandidate] ComponentId=3, ArcSegmentId=54, LeafSegmentId=46, WallSegmentId=-2000057, PreferredWallId=1589202, IsFromHostWall=True, WallLengthMm=3200.0, CenterDistMm=674.0, JunctionDistMm=94.5, LeafDistMm=35.2, DirectionPenalty=0.0000, ArcSupportCount=0, Score=1033.54
2026-07-26 18:46:25.566 [DoorRouteHardWallContactCandidate] ComponentId=3, ArcSegmentId=54, LeafSegmentId=52, WallSegmentId=-2000057, PreferredWallId=1589202, IsFromHostWall=True, WallLengthMm=3200.0, CenterDistMm=674.0, JunctionDistMm=94.5, LeafDistMm=35.2, DirectionPenalty=0.0000, ArcSupportCount=0, Score=1033.54
2026-07-26 18:46:25.567 [DoorRouteHardWallContactHit] ComponentId=3, ArcSegmentId=54, LeafSegmentId=41, WallSegmentId=-2000057, PreferredWallId=1589202, IsFromHostWall=True, WallLengthMm=3200.0, CenterDistMm=674.0, JunctionDistMm=94.5, LeafDistMm=35.2, DirectionPenalty=0.0000, ArcSupportCount=0, Score=1033.54, Result=True
2026-07-26 18:46:25.567 [DoorRouteComponentKind] ComponentId=3, RoutedKind=DoubleArcDoorWithWallCrossing, SelectedRule=R3D
2026-07-26 18:46:25.568 [R3DOpening] ArcCount=2, OpeningWidthMm=2060.6, OpeningCenter=(112.679,101.219,0.000), OpeningDir=(0.9999,-0.0125,0.0000)
2026-07-26 18:46:25.568 [DoorRoutePreferredHostWallBinding] ComponentId=3, Rule=R3D, CandidateRuleSource=R3D, PreferredWallId=1589202, SourceWallSegmentId=-2000057, ArcSegmentId=54, LeafSegmentId=41, PreferredHostPoint=(112.679,101.219,0.000)
2026-07-26 18:46:25.568 [DoorRouteCandidate] ComponentId=3, RuleSource=R3D, DoorKind=Double, OpeningCenter=(112.679,101.219,0.000), OpeningDir=(0.9999,-0.0125,0.0000), OpeningWidthMm=2060.6
2026-07-26 18:46:25.569 [DoorRouteComponent] ComponentId=4, Segments=18, Arcs=2, Lines=16, ContextSegments=2680, WallContextCount=582, BBoxMin=(95.369,138.142,0.000), BBoxMax=(99.263,145.459,0.000), SegmentIds=55|56|57|58|59|60|61|62|63|64|65|66|67|68|69|70|71|72
2026-07-26 18:46:25.569 [R3TPrecheck] ComponentId=4, MainArcCount=2, RouteContextCount=2680, WallContextCount=582
2026-07-26 18:46:25.572 [DoorRouteHardWallContact] ComponentId=4, ArcCount=2, ArcSegmentIds=72|71, LeafCandidateCount=4, ContextCandidateCount=582, TouchTolMm=120.0, ReferenceCenter=(97.826,141.733,0.000), SharedJunction=(95.925,141.759,0.000), ExpectedWallDir=(0.0000,-1.0000,0.0000)
2026-07-26 18:46:25.574 [DoorRouteHardWallContactCandidate] ComponentId=4, ArcSegmentId=72, LeafSegmentId=59, WallSegmentId=-2000038, PreferredWallId=1589183, IsFromHostWall=True, WallLengthMm=3335.0, CenterDistMm=697.4, JunctionDistMm=117.9, LeafDistMm=58.6, DirectionPenalty=0.0000, ArcSupportCount=0, Score=1134.11
2026-07-26 18:46:25.577 [DoorRouteHardWallContactCandidate] ComponentId=4, ArcSegmentId=72, LeafSegmentId=61, WallSegmentId=-2000038, PreferredWallId=1589183, IsFromHostWall=True, WallLengthMm=3335.0, CenterDistMm=697.4, JunctionDistMm=117.9, LeafDistMm=58.6, DirectionPenalty=0.0000, ArcSupportCount=0, Score=1134.11
2026-07-26 18:46:25.581 [DoorRouteHardWallContactCandidate] ComponentId=4, ArcSegmentId=72, LeafSegmentId=64, WallSegmentId=-2000038, PreferredWallId=1589183, IsFromHostWall=True, WallLengthMm=3335.0, CenterDistMm=697.4, JunctionDistMm=117.9, LeafDistMm=58.6, DirectionPenalty=0.0000, ArcSupportCount=0, Score=1134.11
2026-07-26 18:46:25.584 [DoorRouteHardWallContactCandidate] ComponentId=4, ArcSegmentId=72, LeafSegmentId=70, WallSegmentId=-2000038, PreferredWallId=1589183, IsFromHostWall=True, WallLengthMm=3335.0, CenterDistMm=697.4, JunctionDistMm=117.9, LeafDistMm=58.6, DirectionPenalty=0.0000, ArcSupportCount=0, Score=1134.11
2026-07-26 18:46:25.584 [DoorRouteHardWallContactHit] ComponentId=4, ArcSegmentId=72, LeafSegmentId=64, WallSegmentId=-2000038, PreferredWallId=1589183, IsFromHostWall=True, WallLengthMm=3335.0, CenterDistMm=697.4, JunctionDistMm=117.9, LeafDistMm=58.6, DirectionPenalty=0.0000, ArcSupportCount=0, Score=1134.11, Result=True
2026-07-26 18:46:25.585 [R3BDFeature] ArcCount=2, LineCount=16, RadiusClose=True, SymmetryLike=True, LeftSideGroupCount=2, RightSideGroupCount=2, OpeningDirFromGroup=True, LightWeightStructure=True
2026-07-26 18:46:25.585 [DoorRouteDecision] ComponentId=4, ArcCount=2, LineCount=16, ShortCount=12, HasHardWallCrossingContact=True, RouteContextCount=2680, WallContextCount=582, IsMinimalDoubleNoWallDoorSymbol=True, RadiusClose=True, SymmetryLike=True, LeftSideGroupCount=2, RightSideGroupCount=2, LightWeightStructure=True, HasStrongMainBaseLikeLine=False, HasLeafSideLikeLine=False, HasStandardDoorStructure=False, R3CDArcCountGatePassed=True, HasR3CDRoutePrecheck=False, HasValidR3CDDoorLineGE500=False, R3CDDoorLineCandidateCount=8, R3CDValidDoorLineCount=0, R3CDSideCandidateCount=4, R3CDPrecheckLeftGroupCount=2, R3CDPrecheckRightGroupCount=2, HasBilateralR3CDSideGroups=True, IsComplexStandardNoWallDoorSymbol=True, ResolvedKind=DoubleArcDoorWithWallCrossing
2026-07-26 18:46:25.585 [R3CDHardRouteDecision] ComponentId=4, ArcCountMatched=True, HasDoorLineGE500=False, HasBilateralSideGroups=True, Reason=NoDoorLineGE500, RoutedTo=R3C
2026-07-26 18:46:25.587 [DoorRouteHardWallContact] ComponentId=4, ArcCount=2, ArcSegmentIds=72|71, LeafCandidateCount=4, ContextCandidateCount=582, TouchTolMm=120.0, ReferenceCenter=(97.826,141.733,0.000), SharedJunction=(95.925,141.759,0.000), ExpectedWallDir=(0.0000,-1.0000,0.0000)
2026-07-26 18:46:25.590 [DoorRouteHardWallContactCandidate] ComponentId=4, ArcSegmentId=72, LeafSegmentId=59, WallSegmentId=-2000038, PreferredWallId=1589183, IsFromHostWall=True, WallLengthMm=3335.0, CenterDistMm=697.4, JunctionDistMm=117.9, LeafDistMm=58.6, DirectionPenalty=0.0000, ArcSupportCount=0, Score=1134.11
2026-07-26 18:46:25.594 [DoorRouteHardWallContactCandidate] ComponentId=4, ArcSegmentId=72, LeafSegmentId=61, WallSegmentId=-2000038, PreferredWallId=1589183, IsFromHostWall=True, WallLengthMm=3335.0, CenterDistMm=697.4, JunctionDistMm=117.9, LeafDistMm=58.6, DirectionPenalty=0.0000, ArcSupportCount=0, Score=1134.11
2026-07-26 18:46:25.596 [DoorRouteHardWallContactCandidate] ComponentId=4, ArcSegmentId=72, LeafSegmentId=64, WallSegmentId=-2000038, PreferredWallId=1589183, IsFromHostWall=True, WallLengthMm=3335.0, CenterDistMm=697.4, JunctionDistMm=117.9, LeafDistMm=58.6, DirectionPenalty=0.0000, ArcSupportCount=0, Score=1134.11
2026-07-26 18:46:25.599 [DoorRouteHardWallContactCandidate] ComponentId=4, ArcSegmentId=72, LeafSegmentId=70, WallSegmentId=-2000038, PreferredWallId=1589183, IsFromHostWall=True, WallLengthMm=3335.0, CenterDistMm=697.4, JunctionDistMm=117.9, LeafDistMm=58.6, DirectionPenalty=0.0000, ArcSupportCount=0, Score=1134.11
2026-07-26 18:46:25.599 [DoorRouteHardWallContactHit] ComponentId=4, ArcSegmentId=72, LeafSegmentId=64, WallSegmentId=-2000038, PreferredWallId=1589183, IsFromHostWall=True, WallLengthMm=3335.0, CenterDistMm=697.4, JunctionDistMm=117.9, LeafDistMm=58.6, DirectionPenalty=0.0000, ArcSupportCount=0, Score=1134.11, Result=True
2026-07-26 18:46:25.599 [DoorRouteComponentKind] ComponentId=4, RoutedKind=DoubleArcDoorWithWallCrossing, SelectedRule=R3D
2026-07-26 18:46:25.601 [R3DOpening] ArcCount=2, OpeningWidthMm=2064.9, OpeningCenter=(95.883,141.717,0.000), OpeningDir=(0.0000,1.0000,0.0000)
2026-07-26 18:46:25.601 [DoorRoutePreferredHostWallBinding] ComponentId=4, Rule=R3D, CandidateRuleSource=R3D, PreferredWallId=1589183, SourceWallSegmentId=-2000038, ArcSegmentId=72, LeafSegmentId=64, PreferredHostPoint=(95.883,141.717,0.000)
2026-07-26 18:46:25.601 [DoorRouteCandidate] ComponentId=4, RuleSource=R3D, DoorKind=Double, OpeningCenter=(95.883,141.717,0.000), OpeningDir=(0.0000,1.0000,0.0000), OpeningWidthMm=2064.9
2026-07-26 18:46:25.602 [DoorRouteComponent] ComponentId=5, Segments=18, Arcs=2, Lines=16, ContextSegments=2680, WallContextCount=582, BBoxMin=(49.903,129.058,0.000), BBoxMax=(57.220,132.952,0.000), SegmentIds=73|74|75|76|77|78|79|80|81|82|83|84|85|86|87|88|89|90
2026-07-26 18:46:25.602 [R3TPrecheck] ComponentId=5, MainArcCount=2, RouteContextCount=2680, WallContextCount=582
2026-07-26 18:46:25.605 [DoorRouteHardWallContact] ComponentId=5, ArcCount=2, ArcSegmentIds=90|89, LeafCandidateCount=4, ContextCandidateCount=582, TouchTolMm=120.0, ReferenceCenter=(53.630,131.515,0.000), SharedJunction=(53.604,129.614,0.000), ExpectedWallDir=(1.0000,0.0000,0.0000)
2026-07-26 18:46:25.608 [DoorRouteHardWallContactCandidate] ComponentId=5, ArcSegmentId=90, LeafSegmentId=77, WallSegmentId=-2000020, PreferredWallId=1589164, IsFromHostWall=True, WallLengthMm=4850.0, CenterDistMm=695.9, JunctionDistMm=116.3, LeafDistMm=57.0, DirectionPenalty=0.0000, ArcSupportCount=0, Score=1127.29
2026-07-26 18:46:25.610 [DoorRouteHardWallContactCandidate] ComponentId=5, ArcSegmentId=90, LeafSegmentId=79, WallSegmentId=-2000020, PreferredWallId=1589164, IsFromHostWall=True, WallLengthMm=4850.0, CenterDistMm=695.9, JunctionDistMm=116.3, LeafDistMm=57.0, DirectionPenalty=0.0000, ArcSupportCount=0, Score=1127.29
2026-07-26 18:46:25.613 [DoorRouteHardWallContactCandidate] ComponentId=5, ArcSegmentId=90, LeafSegmentId=82, WallSegmentId=-2000020, PreferredWallId=1589164, IsFromHostWall=True, WallLengthMm=4850.0, CenterDistMm=695.9, JunctionDistMm=116.3, LeafDistMm=57.0, DirectionPenalty=0.0000, ArcSupportCount=0, Score=1127.29
2026-07-26 18:46:25.617 [DoorRouteHardWallContactCandidate] ComponentId=5, ArcSegmentId=90, LeafSegmentId=88, WallSegmentId=-2000020, PreferredWallId=1589164, IsFromHostWall=True, WallLengthMm=4850.0, CenterDistMm=695.9, JunctionDistMm=116.3, LeafDistMm=57.0, DirectionPenalty=0.0000, ArcSupportCount=0, Score=1127.29
2026-07-26 18:46:25.618 [DoorRouteHardWallContactHit] ComponentId=5, ArcSegmentId=90, LeafSegmentId=77, WallSegmentId=-2000020, PreferredWallId=1589164, IsFromHostWall=True, WallLengthMm=4850.0, CenterDistMm=695.9, JunctionDistMm=116.3, LeafDistMm=57.0, DirectionPenalty=0.0000, ArcSupportCount=0, Score=1127.29, Result=True
2026-07-26 18:46:25.618 [R3BDFeature] ArcCount=2, LineCount=16, RadiusClose=True, SymmetryLike=True, LeftSideGroupCount=2, RightSideGroupCount=2, OpeningDirFromGroup=True, LightWeightStructure=True
2026-07-26 18:46:25.618 [DoorRouteDecision] ComponentId=5, ArcCount=2, LineCount=16, ShortCount=12, HasHardWallCrossingContact=True, RouteContextCount=2680, WallContextCount=582, IsMinimalDoubleNoWallDoorSymbol=True, RadiusClose=True, SymmetryLike=True, LeftSideGroupCount=2, RightSideGroupCount=2, LightWeightStructure=True, HasStrongMainBaseLikeLine=False, HasLeafSideLikeLine=False, HasStandardDoorStructure=False, R3CDArcCountGatePassed=True, HasR3CDRoutePrecheck=False, HasValidR3CDDoorLineGE500=False, R3CDDoorLineCandidateCount=8, R3CDValidDoorLineCount=0, R3CDSideCandidateCount=4, R3CDPrecheckLeftGroupCount=2, R3CDPrecheckRightGroupCount=2, HasBilateralR3CDSideGroups=True, IsComplexStandardNoWallDoorSymbol=True, ResolvedKind=DoubleArcDoorWithWallCrossing
2026-07-26 18:46:25.619 [R3CDHardRouteDecision] ComponentId=5, ArcCountMatched=True, HasDoorLineGE500=False, HasBilateralSideGroups=True, Reason=NoDoorLineGE500, RoutedTo=R3C
2026-07-26 18:46:25.620 [DoorRouteHardWallContact] ComponentId=5, ArcCount=2, ArcSegmentIds=90|89, LeafCandidateCount=4, ContextCandidateCount=582, TouchTolMm=120.0, ReferenceCenter=(53.630,131.515,0.000), SharedJunction=(53.604,129.614,0.000), ExpectedWallDir=(1.0000,0.0000,0.0000)
2026-07-26 18:46:25.622 [DoorRouteHardWallContactCandidate] ComponentId=5, ArcSegmentId=90, LeafSegmentId=77, WallSegmentId=-2000020, PreferredWallId=1589164, IsFromHostWall=True, WallLengthMm=4850.0, CenterDistMm=695.9, JunctionDistMm=116.3, LeafDistMm=57.0, DirectionPenalty=0.0000, ArcSupportCount=0, Score=1127.29
2026-07-26 18:46:25.625 [DoorRouteHardWallContactCandidate] ComponentId=5, ArcSegmentId=90, LeafSegmentId=79, WallSegmentId=-2000020, PreferredWallId=1589164, IsFromHostWall=True, WallLengthMm=4850.0, CenterDistMm=695.9, JunctionDistMm=116.3, LeafDistMm=57.0, DirectionPenalty=0.0000, ArcSupportCount=0, Score=1127.29
2026-07-26 18:46:25.629 [DoorRouteHardWallContactCandidate] ComponentId=5, ArcSegmentId=90, LeafSegmentId=82, WallSegmentId=-2000020, PreferredWallId=1589164, IsFromHostWall=True, WallLengthMm=4850.0, CenterDistMm=695.9, JunctionDistMm=116.3, LeafDistMm=57.0, DirectionPenalty=0.0000, ArcSupportCount=0, Score=1127.29
2026-07-26 18:46:25.631 [DoorRouteHardWallContactCandidate] ComponentId=5, ArcSegmentId=90, LeafSegmentId=88, WallSegmentId=-2000020, PreferredWallId=1589164, IsFromHostWall=True, WallLengthMm=4850.0, CenterDistMm=695.9, JunctionDistMm=116.3, LeafDistMm=57.0, DirectionPenalty=0.0000, ArcSupportCount=0, Score=1127.29
2026-07-26 18:46:25.632 [DoorRouteHardWallContactHit] ComponentId=5, ArcSegmentId=90, LeafSegmentId=77, WallSegmentId=-2000020, PreferredWallId=1589164, IsFromHostWall=True, WallLengthMm=4850.0, CenterDistMm=695.9, JunctionDistMm=116.3, LeafDistMm=57.0, DirectionPenalty=0.0000, ArcSupportCount=0, Score=1127.29, Result=True
2026-07-26 18:46:25.632 [DoorRouteComponentKind] ComponentId=5, RoutedKind=DoubleArcDoorWithWallCrossing, SelectedRule=R3D
2026-07-26 18:46:25.632 [R3DOpening] ArcCount=2, OpeningWidthMm=2060.6, OpeningCenter=(53.646,129.572,0.000), OpeningDir=(0.9999,-0.0125,0.0000)
2026-07-26 18:46:25.632 [DoorRoutePreferredHostWallBinding] ComponentId=5, Rule=R3D, CandidateRuleSource=R3D, PreferredWallId=1589164, SourceWallSegmentId=-2000020, ArcSegmentId=90, LeafSegmentId=77, PreferredHostPoint=(53.646,129.572,0.000)
2026-07-26 18:46:25.633 [DoorRouteCandidate] ComponentId=5, RuleSource=R3D, DoorKind=Double, OpeningCenter=(53.646,129.572,0.000), OpeningDir=(0.9999,-0.0125,0.0000), OpeningWidthMm=2060.6
2026-07-26 18:46:25.633 [DoorRouteComponent] ComponentId=6, Segments=18, Arcs=2, Lines=16, ContextSegments=2680, WallContextCount=582, BBoxMin=(160.244,125.799,0.000), BBoxMax=(164.139,133.116,0.000), SegmentIds=91|92|93|94|95|96|97|98|99|100|101|102|103|104|105|106|107|108
2026-07-26 18:46:25.633 [R3TPrecheck] ComponentId=6, MainArcCount=2, RouteContextCount=2680, WallContextCount=582
2026-07-26 18:46:25.635 [DoorRouteHardWallContact] ComponentId=6, ArcCount=2, ArcSegmentIds=108|107, LeafCandidateCount=4, ContextCandidateCount=582, TouchTolMm=120.0, ReferenceCenter=(161.681,129.526,0.000), SharedJunction=(163.583,129.500,0.000), ExpectedWallDir=(0.0000,1.0000,0.0000)
2026-07-26 18:46:25.638 [DoorRouteHardWallContactCandidate] ComponentId=6, ArcSegmentId=108, LeafSegmentId=95, WallSegmentId=-2000042, PreferredWallId=1589187, IsFromHostWall=True, WallLengthMm=3220.0, CenterDistMm=699.5, JunctionDistMm=120.0, LeafDistMm=60.6, DirectionPenalty=0.0000, ArcSupportCount=0, Score=1142.97
2026-07-26 18:46:25.643 [DoorRouteHardWallContactCandidate] ComponentId=6, ArcSegmentId=108, LeafSegmentId=97, WallSegmentId=-2000042, PreferredWallId=1589187, IsFromHostWall=True, WallLengthMm=3220.0, CenterDistMm=699.5, JunctionDistMm=120.0, LeafDistMm=60.6, DirectionPenalty=0.0000, ArcSupportCount=0, Score=1142.97
2026-07-26 18:46:25.647 [DoorRouteHardWallContactCandidate] ComponentId=6, ArcSegmentId=108, LeafSegmentId=100, WallSegmentId=-2000042, PreferredWallId=1589187, IsFromHostWall=True, WallLengthMm=3220.0, CenterDistMm=699.5, JunctionDistMm=120.0, LeafDistMm=60.6, DirectionPenalty=0.0000, ArcSupportCount=0, Score=1142.97
2026-07-26 18:46:25.651 [DoorRouteHardWallContactCandidate] ComponentId=6, ArcSegmentId=108, LeafSegmentId=106, WallSegmentId=-2000042, PreferredWallId=1589187, IsFromHostWall=True, WallLengthMm=3220.0, CenterDistMm=699.5, JunctionDistMm=120.0, LeafDistMm=60.6, DirectionPenalty=0.0000, ArcSupportCount=0, Score=1142.97
2026-07-26 18:46:25.652 [DoorRouteHardWallContactHit] ComponentId=6, ArcSegmentId=108, LeafSegmentId=95, WallSegmentId=-2000042, PreferredWallId=1589187, IsFromHostWall=True, WallLengthMm=3220.0, CenterDistMm=699.5, JunctionDistMm=120.0, LeafDistMm=60.6, DirectionPenalty=0.0000, ArcSupportCount=0, Score=1142.97, Result=True
2026-07-26 18:46:25.652 [R3BDFeature] ArcCount=2, LineCount=16, RadiusClose=True, SymmetryLike=True, LeftSideGroupCount=2, RightSideGroupCount=2, OpeningDirFromGroup=True, LightWeightStructure=True
2026-07-26 18:46:25.652 [DoorRouteDecision] ComponentId=6, ArcCount=2, LineCount=16, ShortCount=12, HasHardWallCrossingContact=True, RouteContextCount=2680, WallContextCount=582, IsMinimalDoubleNoWallDoorSymbol=True, RadiusClose=True, SymmetryLike=True, LeftSideGroupCount=2, RightSideGroupCount=2, LightWeightStructure=True, HasStrongMainBaseLikeLine=False, HasLeafSideLikeLine=False, HasStandardDoorStructure=False, R3CDArcCountGatePassed=True, HasR3CDRoutePrecheck=False, HasValidR3CDDoorLineGE500=False, R3CDDoorLineCandidateCount=8, R3CDValidDoorLineCount=0, R3CDSideCandidateCount=4, R3CDPrecheckLeftGroupCount=2, R3CDPrecheckRightGroupCount=2, HasBilateralR3CDSideGroups=True, IsComplexStandardNoWallDoorSymbol=True, ResolvedKind=DoubleArcDoorWithWallCrossing
2026-07-26 18:46:25.652 [R3CDHardRouteDecision] ComponentId=6, ArcCountMatched=True, HasDoorLineGE500=False, HasBilateralSideGroups=True, Reason=NoDoorLineGE500, RoutedTo=R3C
2026-07-26 18:46:25.654 [DoorRouteHardWallContact] ComponentId=6, ArcCount=2, ArcSegmentIds=108|107, LeafCandidateCount=4, ContextCandidateCount=582, TouchTolMm=120.0, ReferenceCenter=(161.681,129.526,0.000), SharedJunction=(163.583,129.500,0.000), ExpectedWallDir=(0.0000,1.0000,0.0000)
2026-07-26 18:46:25.656 [DoorRouteHardWallContactCandidate] ComponentId=6, ArcSegmentId=108, LeafSegmentId=95, WallSegmentId=-2000042, PreferredWallId=1589187, IsFromHostWall=True, WallLengthMm=3220.0, CenterDistMm=699.5, JunctionDistMm=120.0, LeafDistMm=60.6, DirectionPenalty=0.0000, ArcSupportCount=0, Score=1142.97
2026-07-26 18:46:25.658 [DoorRouteHardWallContactCandidate] ComponentId=6, ArcSegmentId=108, LeafSegmentId=97, WallSegmentId=-2000042, PreferredWallId=1589187, IsFromHostWall=True, WallLengthMm=3220.0, CenterDistMm=699.5, JunctionDistMm=120.0, LeafDistMm=60.6, DirectionPenalty=0.0000, ArcSupportCount=0, Score=1142.97
2026-07-26 18:46:25.662 [DoorRouteHardWallContactCandidate] ComponentId=6, ArcSegmentId=108, LeafSegmentId=100, WallSegmentId=-2000042, PreferredWallId=1589187, IsFromHostWall=True, WallLengthMm=3220.0, CenterDistMm=699.5, JunctionDistMm=120.0, LeafDistMm=60.6, DirectionPenalty=0.0000, ArcSupportCount=0, Score=1142.97
2026-07-26 18:46:25.665 [DoorRouteHardWallContactCandidate] ComponentId=6, ArcSegmentId=108, LeafSegmentId=106, WallSegmentId=-2000042, PreferredWallId=1589187, IsFromHostWall=True, WallLengthMm=3220.0, CenterDistMm=699.5, JunctionDistMm=120.0, LeafDistMm=60.6, DirectionPenalty=0.0000, ArcSupportCount=0, Score=1142.97
2026-07-26 18:46:25.665 [DoorRouteHardWallContactHit] ComponentId=6, ArcSegmentId=108, LeafSegmentId=95, WallSegmentId=-2000042, PreferredWallId=1589187, IsFromHostWall=True, WallLengthMm=3220.0, CenterDistMm=699.5, JunctionDistMm=120.0, LeafDistMm=60.6, DirectionPenalty=0.0000, ArcSupportCount=0, Score=1142.97, Result=True
2026-07-26 18:46:25.666 [DoorRouteComponentKind] ComponentId=6, RoutedKind=DoubleArcDoorWithWallCrossing, SelectedRule=R3D
2026-07-26 18:46:25.666 [R3DOpening] ArcCount=2, OpeningWidthMm=2064.9, OpeningCenter=(163.625,129.541,0.000), OpeningDir=(0.0000,-1.0000,0.0000)
2026-07-26 18:46:25.666 [DoorRoutePreferredHostWallBinding] ComponentId=6, Rule=R3D, CandidateRuleSource=R3D, PreferredWallId=1589187, SourceWallSegmentId=-2000042, ArcSegmentId=108, LeafSegmentId=95, PreferredHostPoint=(163.625,129.541,0.000)
2026-07-26 18:46:25.667 [DoorRouteCandidate] ComponentId=6, RuleSource=R3D, DoorKind=Double, OpeningCenter=(163.625,129.541,0.000), OpeningDir=(0.0000,-1.0000,0.0000), OpeningWidthMm=2064.9
2026-07-26 18:46:25.667 [DoorRouteComponent] ComponentId=7, Segments=18, Arcs=2, Lines=16, ContextSegments=2680, WallContextCount=582, BBoxMin=(121.999,115.460,0.000), BBoxMax=(129.316,119.354,0.000), SegmentIds=109|110|111|112|113|114|115|116|117|118|119|120|121|122|123|124|125|126
2026-07-26 18:46:25.667 [R3TPrecheck] ComponentId=7, MainArcCount=2, RouteContextCount=2680, WallContextCount=582
2026-07-26 18:46:25.669 [DoorRouteHardWallContact] ComponentId=7, ArcCount=2, ArcSegmentIds=126|125, LeafCandidateCount=4, ContextCandidateCount=582, TouchTolMm=120.0, ReferenceCenter=(125.725,117.917,0.000), SharedJunction=(125.699,116.016,0.000), ExpectedWallDir=(1.0000,0.0000,0.0000)
2026-07-26 18:46:25.671 [DoorRouteHardWallContactCandidate] ComponentId=7, ArcSegmentId=126, LeafSegmentId=113, WallSegmentId=-2000008, PreferredWallId=1589152, IsFromHostWall=True, WallLengthMm=7100.0, CenterDistMm=691.2, JunctionDistMm=111.7, LeafDistMm=52.3, DirectionPenalty=0.0000, ArcSupportCount=0, Score=1107.33
2026-07-26 18:46:25.675 [DoorRouteHardWallContactCandidate] ComponentId=7, ArcSegmentId=126, LeafSegmentId=115, WallSegmentId=-2000008, PreferredWallId=1589152, IsFromHostWall=True, WallLengthMm=7100.0, CenterDistMm=691.2, JunctionDistMm=111.7, LeafDistMm=52.3, DirectionPenalty=0.0000, ArcSupportCount=0, Score=1107.33
2026-07-26 18:46:25.678 [DoorRouteHardWallContactCandidate] ComponentId=7, ArcSegmentId=126, LeafSegmentId=118, WallSegmentId=-2000008, PreferredWallId=1589152, IsFromHostWall=True, WallLengthMm=7100.0, CenterDistMm=691.2, JunctionDistMm=111.7, LeafDistMm=52.3, DirectionPenalty=0.0000, ArcSupportCount=0, Score=1107.33
2026-07-26 18:46:25.681 [DoorRouteHardWallContactCandidate] ComponentId=7, ArcSegmentId=126, LeafSegmentId=124, WallSegmentId=-2000008, PreferredWallId=1589152, IsFromHostWall=True, WallLengthMm=7100.0, CenterDistMm=691.2, JunctionDistMm=111.7, LeafDistMm=52.3, DirectionPenalty=0.0000, ArcSupportCount=0, Score=1107.33
2026-07-26 18:46:25.681 [DoorRouteHardWallContactHit] ComponentId=7, ArcSegmentId=126, LeafSegmentId=113, WallSegmentId=-2000008, PreferredWallId=1589152, IsFromHostWall=True, WallLengthMm=7100.0, CenterDistMm=691.2, JunctionDistMm=111.7, LeafDistMm=52.3, DirectionPenalty=0.0000, ArcSupportCount=0, Score=1107.33, Result=True
2026-07-26 18:46:25.681 [R3BDFeature] ArcCount=2, LineCount=16, RadiusClose=True, SymmetryLike=True, LeftSideGroupCount=2, RightSideGroupCount=2, OpeningDirFromGroup=True, LightWeightStructure=True
2026-07-26 18:46:25.682 [DoorRouteDecision] ComponentId=7, ArcCount=2, LineCount=16, ShortCount=12, HasHardWallCrossingContact=True, RouteContextCount=2680, WallContextCount=582, IsMinimalDoubleNoWallDoorSymbol=True, RadiusClose=True, SymmetryLike=True, LeftSideGroupCount=2, RightSideGroupCount=2, LightWeightStructure=True, HasStrongMainBaseLikeLine=False, HasLeafSideLikeLine=False, HasStandardDoorStructure=False, R3CDArcCountGatePassed=True, HasR3CDRoutePrecheck=False, HasValidR3CDDoorLineGE500=False, R3CDDoorLineCandidateCount=8, R3CDValidDoorLineCount=0, R3CDSideCandidateCount=4, R3CDPrecheckLeftGroupCount=2, R3CDPrecheckRightGroupCount=2, HasBilateralR3CDSideGroups=True, IsComplexStandardNoWallDoorSymbol=True, ResolvedKind=DoubleArcDoorWithWallCrossing
2026-07-26 18:46:25.683 [R3CDHardRouteDecision] ComponentId=7, ArcCountMatched=True, HasDoorLineGE500=False, HasBilateralSideGroups=True, Reason=NoDoorLineGE500, RoutedTo=R3C
2026-07-26 18:46:25.687 [DoorRouteHardWallContact] ComponentId=7, ArcCount=2, ArcSegmentIds=126|125, LeafCandidateCount=4, ContextCandidateCount=582, TouchTolMm=120.0, ReferenceCenter=(125.725,117.917,0.000), SharedJunction=(125.699,116.016,0.000), ExpectedWallDir=(1.0000,0.0000,0.0000)
2026-07-26 18:46:25.690 [DoorRouteHardWallContactCandidate] ComponentId=7, ArcSegmentId=126, LeafSegmentId=113, WallSegmentId=-2000008, PreferredWallId=1589152, IsFromHostWall=True, WallLengthMm=7100.0, CenterDistMm=691.2, JunctionDistMm=111.7, LeafDistMm=52.3, DirectionPenalty=0.0000, ArcSupportCount=0, Score=1107.33
2026-07-26 18:46:25.695 [DoorRouteHardWallContactCandidate] ComponentId=7, ArcSegmentId=126, LeafSegmentId=115, WallSegmentId=-2000008, PreferredWallId=1589152, IsFromHostWall=True, WallLengthMm=7100.0, CenterDistMm=691.2, JunctionDistMm=111.7, LeafDistMm=52.3, DirectionPenalty=0.0000, ArcSupportCount=0, Score=1107.33
2026-07-26 18:46:25.697 [DoorRouteHardWallContactCandidate] ComponentId=7, ArcSegmentId=126, LeafSegmentId=118, WallSegmentId=-2000008, PreferredWallId=1589152, IsFromHostWall=True, WallLengthMm=7100.0, CenterDistMm=691.2, JunctionDistMm=111.7, LeafDistMm=52.3, DirectionPenalty=0.0000, ArcSupportCount=0, Score=1107.33
2026-07-26 18:46:25.701 [DoorRouteHardWallContactCandidate] ComponentId=7, ArcSegmentId=126, LeafSegmentId=124, WallSegmentId=-2000008, PreferredWallId=1589152, IsFromHostWall=True, WallLengthMm=7100.0, CenterDistMm=691.2, JunctionDistMm=111.7, LeafDistMm=52.3, DirectionPenalty=0.0000, ArcSupportCount=0, Score=1107.33
2026-07-26 18:46:25.702 [DoorRouteHardWallContactHit] ComponentId=7, ArcSegmentId=126, LeafSegmentId=113, WallSegmentId=-2000008, PreferredWallId=1589152, IsFromHostWall=True, WallLengthMm=7100.0, CenterDistMm=691.2, JunctionDistMm=111.7, LeafDistMm=52.3, DirectionPenalty=0.0000, ArcSupportCount=0, Score=1107.33, Result=True
2026-07-26 18:46:25.702 [DoorRouteComponentKind] ComponentId=7, RoutedKind=DoubleArcDoorWithWallCrossing, SelectedRule=R3D
2026-07-26 18:46:25.702 [R3DOpening] ArcCount=2, OpeningWidthMm=2060.6, OpeningCenter=(125.741,115.974,0.000), OpeningDir=(0.9999,-0.0125,0.0000)
2026-07-26 18:46:25.702 [DoorRoutePreferredHostWallBinding] ComponentId=7, Rule=R3D, CandidateRuleSource=R3D, PreferredWallId=1589152, SourceWallSegmentId=-2000008, ArcSegmentId=126, LeafSegmentId=113, PreferredHostPoint=(125.741,115.974,0.000)
2026-07-26 18:46:25.703 [DoorRouteCandidate] ComponentId=7, RuleSource=R3D, DoorKind=Double, OpeningCenter=(125.741,115.974,0.000), OpeningDir=(0.9999,-0.0125,0.0000), OpeningWidthMm=2060.6
2026-07-26 18:46:25.703 [DoorRouteComponent] ComponentId=8, Segments=13, Arcs=1, Lines=12, ContextSegments=2680, WallContextCount=582, BBoxMin=(200.929,115.797,0.000), BBoxMax=(203.882,118.750,0.000), SegmentIds=642|643|644|645|646|647|648|649|650|651|652|653|654
2026-07-26 18:46:25.703 [R3TPrecheck] ComponentId=8, MainArcCount=1, RouteContextCount=2680, WallContextCount=582
2026-07-26 18:46:25.705 [DoorRouteHardWallContact] ComponentId=8, ArcCount=1, ArcSegmentIds=642, LeafCandidateCount=2, ContextCandidateCount=582, TouchTolMm=120.0, ReferenceCenter=(202.589,117.605,0.000), SharedJunction=(null), ExpectedWallDir=(1.0000,0.0000,0.0000)
2026-07-26 18:46:25.706 [DoorRouteHardWallContactCandidate] ComponentId=8, ArcSegmentId=642, LeafSegmentId=648, WallSegmentId=-2000084, PreferredWallId=1589229, IsFromHostWall=True, WallLengthMm=2760.0, CenterDistMm=550.9, JunctionDistMm=550.9, LeafDistMm=89.9, DirectionPenalty=0.0000, ArcSupportCount=0, Score=1158.52
2026-07-26 18:46:25.709 [DoorRouteHardWallContactCandidate] ComponentId=8, ArcSegmentId=642, LeafSegmentId=654, WallSegmentId=-2000084, PreferredWallId=1589229, IsFromHostWall=True, WallLengthMm=2760.0, CenterDistMm=550.9, JunctionDistMm=550.9, LeafDistMm=89.9, DirectionPenalty=0.0000, ArcSupportCount=0, Score=1158.52
2026-07-26 18:46:25.710 [DoorRouteHardWallContactHit] ComponentId=8, ArcSegmentId=642, LeafSegmentId=654, WallSegmentId=-2000084, PreferredWallId=1589229, IsFromHostWall=True, WallLengthMm=2760.0, CenterDistMm=550.9, JunctionDistMm=550.9, LeafDistMm=89.9, DirectionPenalty=0.0000, ArcSupportCount=0, Score=1158.52, Result=True
2026-07-26 18:46:25.710 [DoorRouteDecision] ComponentId=8, ArcCount=1, LineCount=12, ShortCount=10, HasHardWallCrossingContact=True, RouteContextCount=2680, WallContextCount=582, IsMinimalDoubleNoWallDoorSymbol=False, RadiusClose=False, SymmetryLike=False, LeftSideGroupCount=0, RightSideGroupCount=0, LightWeightStructure=False, HasStrongMainBaseLikeLine=False, HasLeafSideLikeLine=False, HasStandardDoorStructure=False, R3CDArcCountGatePassed=False, HasR3CDRoutePrecheck=False, HasValidR3CDDoorLineGE500=False, R3CDDoorLineCandidateCount=0, R3CDValidDoorLineCount=0, R3CDSideCandidateCount=0, R3CDPrecheckLeftGroupCount=0, R3CDPrecheckRightGroupCount=0, HasBilateralR3CDSideGroups=False, IsComplexStandardNoWallDoorSymbol=False, ResolvedKind=StandardArcDoor
2026-07-26 18:46:25.710 [R3CDHardRouteDecision] ComponentId=8, ArcCountMatched=False, HasDoorLineGE500=False, HasBilateralSideGroups=False, Reason=PrimaryArcCountNotEqual2, RoutedTo=R3C
2026-07-26 18:46:25.713 [DoorRouteHardWallContact] ComponentId=8, ArcCount=1, ArcSegmentIds=642, LeafCandidateCount=2, ContextCandidateCount=582, TouchTolMm=120.0, ReferenceCenter=(202.589,117.605,0.000), SharedJunction=(null), ExpectedWallDir=(1.0000,0.0000,0.0000)
2026-07-26 18:46:25.717 [DoorRouteHardWallContactCandidate] ComponentId=8, ArcSegmentId=642, LeafSegmentId=648, WallSegmentId=-2000084, PreferredWallId=1589229, IsFromHostWall=True, WallLengthMm=2760.0, CenterDistMm=550.9, JunctionDistMm=550.9, LeafDistMm=89.9, DirectionPenalty=0.0000, ArcSupportCount=0, Score=1158.52
2026-07-26 18:46:25.719 [DoorRouteHardWallContactCandidate] ComponentId=8, ArcSegmentId=642, LeafSegmentId=654, WallSegmentId=-2000084, PreferredWallId=1589229, IsFromHostWall=True, WallLengthMm=2760.0, CenterDistMm=550.9, JunctionDistMm=550.9, LeafDistMm=89.9, DirectionPenalty=0.0000, ArcSupportCount=0, Score=1158.52
2026-07-26 18:46:25.720 [DoorRouteHardWallContactHit] ComponentId=8, ArcSegmentId=642, LeafSegmentId=654, WallSegmentId=-2000084, PreferredWallId=1589229, IsFromHostWall=True, WallLengthMm=2760.0, CenterDistMm=550.9, JunctionDistMm=550.9, LeafDistMm=89.9, DirectionPenalty=0.0000, ArcSupportCount=0, Score=1158.52, Result=True
2026-07-26 18:46:25.720 [DoorRouteComponentKind] ComponentId=8, RoutedKind=StandardArcDoor, SelectedRule=R3
2026-07-26 18:46:25.729 [R3FreeEndLeafSelection] ArcSegmentId=642, CandidateCount=2, Candidates=SegmentId=648, GroupId=1, IsSameGroup=true, LengthMm=810.0, ConnectDistMm=45.0, ArcFreeEnd=(62098.3,35384.9,0.0), LeafFreeEnd=(61333.3,35384.9,0.0), CandidateWidthMm=765.0 | SegmentId=654, GroupId=1, IsSameGroup=true, LengthMm=810.0, ConnectDistMm=0.0, ArcFreeEnd=(62098.3,35384.9,0.0), LeafFreeEnd=(61288.3,35384.9,0.0), CandidateWidthMm=810.0, SelectedLeafSegmentId=648, ArcConnectedEnd=(61288.3,36194.9,0.0), ArcFreeEnd=(62098.3,35384.9,0.0), LeafConnectedEnd=(61333.3,36194.9,0.0), LeafFreeEnd=(61333.3,35384.9,0.0), OpeningWidthMm=765.0
2026-07-26 18:46:25.731 [DoorRoutePreferredHostWallBinding] ComponentId=8, Rule=R3, CandidateRuleSource=R3, PreferredWallId=1589229, SourceWallSegmentId=-2000084, ArcSegmentId=642, LeafSegmentId=654, PreferredHostPoint=(202.480,116.092,0.000)
2026-07-26 18:46:25.731 [DoorRouteCandidate] ComponentId=8, RuleSource=R3, DoorKind=Single, OpeningCenter=(202.480,116.092,0.000), OpeningDir=(-1.0000,0.0000,0.0000), OpeningWidthMm=765.0
2026-07-26 18:46:25.732 [DoorRouteComponent] ComponentId=9, Segments=13, Arcs=1, Lines=12, ContextSegments=2680, WallContextCount=582, BBoxMin=(178.452,112.278,0.000), BBoxMax=(181.405,115.231,0.000), SegmentIds=655|656|657|658|659|660|661|662|663|664|665|666|667
2026-07-26 18:46:25.732 [R3TPrecheck] ComponentId=9, MainArcCount=1, RouteContextCount=2680, WallContextCount=582
2026-07-26 18:46:25.733 [DoorRouteHardWallContact] ComponentId=9, ArcCount=1, ArcSegmentIds=655, LeafCandidateCount=2, ContextCandidateCount=582, TouchTolMm=120.0, ReferenceCenter=(179.598,113.571,0.000), SharedJunction=(null), ExpectedWallDir=(0.0000,1.0000,0.0000)
2026-07-26 18:46:25.735 [DoorRouteHardWallContactCandidate] ComponentId=9, ArcSegmentId=655, LeafSegmentId=661, WallSegmentId=-2000024, PreferredWallId=1589169, IsFromHostWall=True, WallLengthMm=6140.0, CenterDistMm=493.6, JunctionDistMm=493.6, LeafDistMm=32.7, DirectionPenalty=0.0000, ArcSupportCount=1, Score=979.63
2026-07-26 18:46:25.737 [DoorRouteHardWallContactCandidate] ComponentId=9, ArcSegmentId=655, LeafSegmentId=667, WallSegmentId=-2000024, PreferredWallId=1589169, IsFromHostWall=True, WallLengthMm=6140.0, CenterDistMm=493.6, JunctionDistMm=493.6, LeafDistMm=32.7, DirectionPenalty=0.0000, ArcSupportCount=1, Score=979.63
2026-07-26 18:46:25.738 [DoorRouteHardWallContactHit] ComponentId=9, ArcSegmentId=655, LeafSegmentId=661, WallSegmentId=-2000024, PreferredWallId=1589169, IsFromHostWall=True, WallLengthMm=6140.0, CenterDistMm=493.6, JunctionDistMm=493.6, LeafDistMm=32.7, DirectionPenalty=0.0000, ArcSupportCount=1, Score=979.63, Result=True
2026-07-26 18:46:25.738 [DoorRouteDecision] ComponentId=9, ArcCount=1, LineCount=12, ShortCount=10, HasHardWallCrossingContact=True, RouteContextCount=2680, WallContextCount=582, IsMinimalDoubleNoWallDoorSymbol=False, RadiusClose=False, SymmetryLike=False, LeftSideGroupCount=0, RightSideGroupCount=0, LightWeightStructure=False, HasStrongMainBaseLikeLine=False, HasLeafSideLikeLine=False, HasStandardDoorStructure=False, R3CDArcCountGatePassed=False, HasR3CDRoutePrecheck=False, HasValidR3CDDoorLineGE500=False, R3CDDoorLineCandidateCount=0, R3CDValidDoorLineCount=0, R3CDSideCandidateCount=0, R3CDPrecheckLeftGroupCount=0, R3CDPrecheckRightGroupCount=0, HasBilateralR3CDSideGroups=False, IsComplexStandardNoWallDoorSymbol=False, ResolvedKind=StandardArcDoor
2026-07-26 18:46:25.738 [R3CDHardRouteDecision] ComponentId=9, ArcCountMatched=False, HasDoorLineGE500=False, HasBilateralSideGroups=False, Reason=PrimaryArcCountNotEqual2, RoutedTo=R3C
2026-07-26 18:46:25.740 [DoorRouteHardWallContact] ComponentId=9, ArcCount=1, ArcSegmentIds=655, LeafCandidateCount=2, ContextCandidateCount=582, TouchTolMm=120.0, ReferenceCenter=(179.598,113.571,0.000), SharedJunction=(null), ExpectedWallDir=(0.0000,1.0000,0.0000)
2026-07-26 18:46:25.743 [DoorRouteHardWallContactCandidate] ComponentId=9, ArcSegmentId=655, LeafSegmentId=661, WallSegmentId=-2000024, PreferredWallId=1589169, IsFromHostWall=True, WallLengthMm=6140.0, CenterDistMm=493.6, JunctionDistMm=493.6, LeafDistMm=32.7, DirectionPenalty=0.0000, ArcSupportCount=1, Score=979.63
2026-07-26 18:46:25.745 [DoorRouteHardWallContactCandidate] ComponentId=9, ArcSegmentId=655, LeafSegmentId=667, WallSegmentId=-2000024, PreferredWallId=1589169, IsFromHostWall=True, WallLengthMm=6140.0, CenterDistMm=493.6, JunctionDistMm=493.6, LeafDistMm=32.7, DirectionPenalty=0.0000, ArcSupportCount=1, Score=979.63
2026-07-26 18:46:25.745 [DoorRouteHardWallContactHit] ComponentId=9, ArcSegmentId=655, LeafSegmentId=661, WallSegmentId=-2000024, PreferredWallId=1589169, IsFromHostWall=True, WallLengthMm=6140.0, CenterDistMm=493.6, JunctionDistMm=493.6, LeafDistMm=32.7, DirectionPenalty=0.0000, ArcSupportCount=1, Score=979.63, Result=True
2026-07-26 18:46:25.745 [DoorRouteComponentKind] ComponentId=9, RoutedKind=StandardArcDoor, SelectedRule=R3
2026-07-26 18:46:25.746 [R3FreeEndLeafSelection] ArcSegmentId=655, CandidateCount=2, Candidates=SegmentId=661, GroupId=1, IsSameGroup=true, LengthMm=810.0, ConnectDistMm=45.0, ArcFreeEnd=(55202.3,34267.4,0.0), LeafFreeEnd=(55202.3,35032.4,0.0), CandidateWidthMm=765.0 | SegmentId=667, GroupId=1, IsSameGroup=true, LengthMm=810.0, ConnectDistMm=0.0, ArcFreeEnd=(55202.3,34267.4,0.0), LeafFreeEnd=(55202.3,35077.4,0.0), CandidateWidthMm=810.0, SelectedLeafSegmentId=661, ArcConnectedEnd=(54392.3,35077.4,0.0), ArcFreeEnd=(55202.3,34267.4,0.0), LeafConnectedEnd=(54392.3,35032.4,0.0), LeafFreeEnd=(55202.3,35032.4,0.0), OpeningWidthMm=765.0
2026-07-26 18:46:25.746 [DoorRoutePreferredHostWallBinding] ComponentId=9, Rule=R3, CandidateRuleSource=R3, PreferredWallId=1589169, SourceWallSegmentId=-2000024, ArcSegmentId=655, LeafSegmentId=661, PreferredHostPoint=(181.110,113.681,0.000)
2026-07-26 18:46:25.746 [DoorRouteCandidate] ComponentId=9, RuleSource=R3, DoorKind=Single, OpeningCenter=(181.110,113.681,0.000), OpeningDir=(0.0000,1.0000,0.0000), OpeningWidthMm=765.0
2026-07-26 18:46:25.747 [DoorRouteComponent] ComponentId=10, Segments=13, Arcs=1, Lines=12, ContextSegments=2680, WallContextCount=582, BBoxMin=(170.152,101.386,0.000), BBoxMax=(173.105,104.339,0.000), SegmentIds=668|669|670|671|672|673|674|675|676|677|678|679|680
2026-07-26 18:46:25.747 [R3TPrecheck] ComponentId=10, MainArcCount=1, RouteContextCount=2680, WallContextCount=582
2026-07-26 18:46:25.749 [DoorRouteHardWallContact] ComponentId=10, ArcCount=1, ArcSegmentIds=668, LeafCandidateCount=2, ContextCandidateCount=582, TouchTolMm=120.0, ReferenceCenter=(171.445,102.531,0.000), SharedJunction=(null), ExpectedWallDir=(-1.0000,0.0000,0.0000)
2026-07-26 18:46:25.751 [DoorRouteHardWallContactCandidate] ComponentId=10, ArcSegmentId=668, LeafSegmentId=674, WallSegmentId=-2000031, PreferredWallId=1589176, IsFromHostWall=True, WallLengthMm=2935.0, CenterDistMm=493.5, JunctionDistMm=493.5, LeafDistMm=32.6, DirectionPenalty=0.0000, ArcSupportCount=1, Score=979.29
2026-07-26 18:46:25.755 [DoorRouteHardWallContactCandidate] ComponentId=10, ArcSegmentId=668, LeafSegmentId=680, WallSegmentId=-2000031, PreferredWallId=1589176, IsFromHostWall=True, WallLengthMm=2935.0, CenterDistMm=493.5, JunctionDistMm=493.5, LeafDistMm=32.6, DirectionPenalty=0.0000, ArcSupportCount=1, Score=979.29
2026-07-26 18:46:25.755 [DoorRouteHardWallContactHit] ComponentId=10, ArcSegmentId=668, LeafSegmentId=680, WallSegmentId=-2000031, PreferredWallId=1589176, IsFromHostWall=True, WallLengthMm=2935.0, CenterDistMm=493.5, JunctionDistMm=493.5, LeafDistMm=32.6, DirectionPenalty=0.0000, ArcSupportCount=1, Score=979.29, Result=True
2026-07-26 18:46:25.755 [DoorRouteDecision] ComponentId=10, ArcCount=1, LineCount=12, ShortCount=10, HasHardWallCrossingContact=True, RouteContextCount=2680, WallContextCount=582, IsMinimalDoubleNoWallDoorSymbol=False, RadiusClose=False, SymmetryLike=False, LeftSideGroupCount=0, RightSideGroupCount=0, LightWeightStructure=False, HasStrongMainBaseLikeLine=False, HasLeafSideLikeLine=False, HasStandardDoorStructure=False, R3CDArcCountGatePassed=False, HasR3CDRoutePrecheck=False, HasValidR3CDDoorLineGE500=False, R3CDDoorLineCandidateCount=0, R3CDValidDoorLineCount=0, R3CDSideCandidateCount=0, R3CDPrecheckLeftGroupCount=0, R3CDPrecheckRightGroupCount=0, HasBilateralR3CDSideGroups=False, IsComplexStandardNoWallDoorSymbol=False, ResolvedKind=StandardArcDoor
2026-07-26 18:46:25.755 [R3CDHardRouteDecision] ComponentId=10, ArcCountMatched=False, HasDoorLineGE500=False, HasBilateralSideGroups=False, Reason=PrimaryArcCountNotEqual2, RoutedTo=R3C
2026-07-26 18:46:25.757 [DoorRouteHardWallContact] ComponentId=10, ArcCount=1, ArcSegmentIds=668, LeafCandidateCount=2, ContextCandidateCount=582, TouchTolMm=120.0, ReferenceCenter=(171.445,102.531,0.000), SharedJunction=(null), ExpectedWallDir=(-1.0000,0.0000,0.0000)
2026-07-26 18:46:25.759 [DoorRouteHardWallContactCandidate] ComponentId=10, ArcSegmentId=668, LeafSegmentId=674, WallSegmentId=-2000031, PreferredWallId=1589176, IsFromHostWall=True, WallLengthMm=2935.0, CenterDistMm=493.5, JunctionDistMm=493.5, LeafDistMm=32.6, DirectionPenalty=0.0000, ArcSupportCount=1, Score=979.29
2026-07-26 18:46:25.762 [DoorRouteHardWallContactCandidate] ComponentId=10, ArcSegmentId=668, LeafSegmentId=680, WallSegmentId=-2000031, PreferredWallId=1589176, IsFromHostWall=True, WallLengthMm=2935.0, CenterDistMm=493.5, JunctionDistMm=493.5, LeafDistMm=32.6, DirectionPenalty=0.0000, ArcSupportCount=1, Score=979.29
2026-07-26 18:46:25.762 [DoorRouteHardWallContactHit] ComponentId=10, ArcSegmentId=668, LeafSegmentId=680, WallSegmentId=-2000031, PreferredWallId=1589176, IsFromHostWall=True, WallLengthMm=2935.0, CenterDistMm=493.5, JunctionDistMm=493.5, LeafDistMm=32.6, DirectionPenalty=0.0000, ArcSupportCount=1, Score=979.29, Result=True
2026-07-26 18:46:25.762 [DoorRouteComponentKind] ComponentId=10, RoutedKind=StandardArcDoor, SelectedRule=R3
2026-07-26 18:46:25.763 [R3FreeEndLeafSelection] ArcSegmentId=668, CandidateCount=2, Candidates=SegmentId=674, GroupId=1, IsSameGroup=true, LengthMm=810.0, ConnectDistMm=45.0, ArcFreeEnd=(51907.3,31712.4,0.0), LeafFreeEnd=(52672.3,31712.4,0.0), CandidateWidthMm=765.0 | SegmentId=680, GroupId=1, IsSameGroup=true, LengthMm=810.0, ConnectDistMm=0.0, ArcFreeEnd=(51907.3,31712.4,0.0), LeafFreeEnd=(52717.3,31712.4,0.0), CandidateWidthMm=810.0, SelectedLeafSegmentId=674, ArcConnectedEnd=(52717.3,30902.4,0.0), ArcFreeEnd=(51907.3,31712.4,0.0), LeafConnectedEnd=(52672.3,30902.4,0.0), LeafFreeEnd=(52672.3,31712.4,0.0), OpeningWidthMm=765.0
2026-07-26 18:46:25.763 [DoorRoutePreferredHostWallBinding] ComponentId=10, Rule=R3, CandidateRuleSource=R3, PreferredWallId=1589176, SourceWallSegmentId=-2000031, ArcSegmentId=668, LeafSegmentId=680, PreferredHostPoint=(171.555,104.043,0.000)
2026-07-26 18:46:25.763 [DoorRouteCandidate] ComponentId=10, RuleSource=R3, DoorKind=Single, OpeningCenter=(171.555,104.043,0.000), OpeningDir=(1.0000,0.0000,0.0000), OpeningWidthMm=765.0
2026-07-26 18:46:25.764 [DoorRouteComponent] ComponentId=11, Segments=13, Arcs=1, Lines=12, ContextSegments=2680, WallContextCount=582, BBoxMin=(170.152,111.671,0.000), BBoxMax=(173.105,114.624,0.000), SegmentIds=681|682|683|684|685|686|687|688|689|690|691|692|693
2026-07-26 18:46:25.764 [R3TPrecheck] ComponentId=11, MainArcCount=1, RouteContextCount=2680, WallContextCount=582
2026-07-26 18:46:25.765 [DoorRouteHardWallContact] ComponentId=11, ArcCount=1, ArcSegmentIds=681, LeafCandidateCount=2, ContextCandidateCount=582, TouchTolMm=120.0, ReferenceCenter=(171.445,113.479,0.000), SharedJunction=(null), ExpectedWallDir=(1.0000,0.0000,0.0000)
2026-07-26 18:46:25.767 [DoorRouteHardWallContactCandidate] ComponentId=11, ArcSegmentId=681, LeafSegmentId=687, WallSegmentId=-2000032, PreferredWallId=1589177, IsFromHostWall=True, WallLengthMm=2720.0, CenterDistMm=493.4, JunctionDistMm=493.4, LeafDistMm=32.4, DirectionPenalty=0.0000, ArcSupportCount=1, Score=979.02
2026-07-26 18:46:25.770 [DoorRouteHardWallContactCandidate] ComponentId=11, ArcSegmentId=681, LeafSegmentId=693, WallSegmentId=-2000032, PreferredWallId=1589177, IsFromHostWall=True, WallLengthMm=2720.0, CenterDistMm=493.4, JunctionDistMm=493.4, LeafDistMm=32.4, DirectionPenalty=0.0000, ArcSupportCount=1, Score=979.02
2026-07-26 18:46:25.772 [DoorRouteHardWallContactHit] ComponentId=11, ArcSegmentId=681, LeafSegmentId=693, WallSegmentId=-2000032, PreferredWallId=1589177, IsFromHostWall=True, WallLengthMm=2720.0, CenterDistMm=493.4, JunctionDistMm=493.4, LeafDistMm=32.4, DirectionPenalty=0.0000, ArcSupportCount=1, Score=979.02, Result=True
2026-07-26 18:46:25.772 [DoorRouteDecision] ComponentId=11, ArcCount=1, LineCount=12, ShortCount=10, HasHardWallCrossingContact=True, RouteContextCount=2680, WallContextCount=582, IsMinimalDoubleNoWallDoorSymbol=False, RadiusClose=False, SymmetryLike=False, LeftSideGroupCount=0, RightSideGroupCount=0, LightWeightStructure=False, HasStrongMainBaseLikeLine=False, HasLeafSideLikeLine=False, HasStandardDoorStructure=False, R3CDArcCountGatePassed=False, HasR3CDRoutePrecheck=False, HasValidR3CDDoorLineGE500=False, R3CDDoorLineCandidateCount=0, R3CDValidDoorLineCount=0, R3CDSideCandidateCount=0, R3CDPrecheckLeftGroupCount=0, R3CDPrecheckRightGroupCount=0, HasBilateralR3CDSideGroups=False, IsComplexStandardNoWallDoorSymbol=False, ResolvedKind=StandardArcDoor
2026-07-26 18:46:25.773 [R3CDHardRouteDecision] ComponentId=11, ArcCountMatched=False, HasDoorLineGE500=False, HasBilateralSideGroups=False, Reason=PrimaryArcCountNotEqual2, RoutedTo=R3C
2026-07-26 18:46:25.774 [DoorRouteHardWallContact] ComponentId=11, ArcCount=1, ArcSegmentIds=681, LeafCandidateCount=2, ContextCandidateCount=582, TouchTolMm=120.0, ReferenceCenter=(171.445,113.479,0.000), SharedJunction=(null), ExpectedWallDir=(1.0000,0.0000,0.0000)
2026-07-26 18:46:25.776 [DoorRouteHardWallContactCandidate] ComponentId=11, ArcSegmentId=681, LeafSegmentId=687, WallSegmentId=-2000032, PreferredWallId=1589177, IsFromHostWall=True, WallLengthMm=2720.0, CenterDistMm=493.4, JunctionDistMm=493.4, LeafDistMm=32.4, DirectionPenalty=0.0000, ArcSupportCount=1, Score=979.02
2026-07-26 18:46:25.779 [DoorRouteHardWallContactCandidate] ComponentId=11, ArcSegmentId=681, LeafSegmentId=693, WallSegmentId=-2000032, PreferredWallId=1589177, IsFromHostWall=True, WallLengthMm=2720.0, CenterDistMm=493.4, JunctionDistMm=493.4, LeafDistMm=32.4, DirectionPenalty=0.0000, ArcSupportCount=1, Score=979.02
2026-07-26 18:46:25.779 [DoorRouteHardWallContactHit] ComponentId=11, ArcSegmentId=681, LeafSegmentId=693, WallSegmentId=-2000032, PreferredWallId=1589177, IsFromHostWall=True, WallLengthMm=2720.0, CenterDistMm=493.4, JunctionDistMm=493.4, LeafDistMm=32.4, DirectionPenalty=0.0000, ArcSupportCount=1, Score=979.02, Result=True
2026-07-26 18:46:25.779 [DoorRouteComponentKind] ComponentId=11, RoutedKind=StandardArcDoor, SelectedRule=R3
2026-07-26 18:46:25.780 [R3FreeEndLeafSelection] ArcSegmentId=681, CandidateCount=2, Candidates=SegmentId=687, GroupId=1, IsSameGroup=true, LengthMm=810.0, ConnectDistMm=45.0, ArcFreeEnd=(51907.3,34127.4,0.0), LeafFreeEnd=(52672.3,34127.4,0.0), CandidateWidthMm=765.0 | SegmentId=693, GroupId=1, IsSameGroup=true, LengthMm=810.0, ConnectDistMm=0.0, ArcFreeEnd=(51907.3,34127.4,0.0), LeafFreeEnd=(52717.3,34127.4,0.0), CandidateWidthMm=810.0, SelectedLeafSegmentId=687, ArcConnectedEnd=(52717.3,34937.4,0.0), ArcFreeEnd=(51907.3,34127.4,0.0), LeafConnectedEnd=(52672.3,34937.4,0.0), LeafFreeEnd=(52672.3,34127.4,0.0), OpeningWidthMm=765.0
2026-07-26 18:46:25.780 [DoorRoutePreferredHostWallBinding] ComponentId=11, Rule=R3, CandidateRuleSource=R3, PreferredWallId=1589177, SourceWallSegmentId=-2000032, ArcSegmentId=681, LeafSegmentId=693, PreferredHostPoint=(171.555,111.967,0.000)
2026-07-26 18:46:25.780 [DoorRouteCandidate] ComponentId=11, RuleSource=R3, DoorKind=Single, OpeningCenter=(171.555,111.967,0.000), OpeningDir=(1.0000,0.0000,0.0000), OpeningWidthMm=765.0
2026-07-26 18:46:25.780 [DoorRouteComponent] ComponentId=12, Segments=13, Arcs=1, Lines=12, ContextSegments=2680, WallContextCount=582, BBoxMin=(174.138,115.559,0.000), BBoxMax=(177.091,118.512,0.000), SegmentIds=694|695|696|697|698|699|700|701|702|703|704|705|706
2026-07-26 18:46:25.781 [R3TPrecheck] ComponentId=12, MainArcCount=1, RouteContextCount=2680, WallContextCount=582
2026-07-26 18:46:25.782 [DoorRouteHardWallContact] ComponentId=12, ArcCount=1, ArcSegmentIds=694, LeafCandidateCount=2, ContextCandidateCount=582, TouchTolMm=120.0, ReferenceCenter=(175.798,117.367,0.000), SharedJunction=(null), ExpectedWallDir=(1.0000,0.0000,0.0000)
2026-07-26 18:46:25.784 [DoorRouteHardWallContactCandidate] ComponentId=12, ArcSegmentId=694, LeafSegmentId=700, WallSegmentId=-2000037, PreferredWallId=1589182, IsFromHostWall=True, WallLengthMm=2115.0, CenterDistMm=493.4, JunctionDistMm=493.4, LeafDistMm=32.4, DirectionPenalty=0.0000, ArcSupportCount=1, Score=979.02
2026-07-26 18:46:25.787 [DoorRouteHardWallContactCandidate] ComponentId=12, ArcSegmentId=694, LeafSegmentId=706, WallSegmentId=-2000037, PreferredWallId=1589182, IsFromHostWall=True, WallLengthMm=2115.0, CenterDistMm=493.4, JunctionDistMm=493.4, LeafDistMm=32.4, DirectionPenalty=0.0000, ArcSupportCount=1, Score=979.02
2026-07-26 18:46:25.788 [DoorRouteHardWallContactHit] ComponentId=12, ArcSegmentId=694, LeafSegmentId=706, WallSegmentId=-2000037, PreferredWallId=1589182, IsFromHostWall=True, WallLengthMm=2115.0, CenterDistMm=493.4, JunctionDistMm=493.4, LeafDistMm=32.4, DirectionPenalty=0.0000, ArcSupportCount=1, Score=979.02, Result=True
2026-07-26 18:46:25.788 [DoorRouteDecision] ComponentId=12, ArcCount=1, LineCount=12, ShortCount=10, HasHardWallCrossingContact=True, RouteContextCount=2680, WallContextCount=582, IsMinimalDoubleNoWallDoorSymbol=False, RadiusClose=False, SymmetryLike=False, LeftSideGroupCount=0, RightSideGroupCount=0, LightWeightStructure=False, HasStrongMainBaseLikeLine=False, HasLeafSideLikeLine=False, HasStandardDoorStructure=False, R3CDArcCountGatePassed=False, HasR3CDRoutePrecheck=False, HasValidR3CDDoorLineGE500=False, R3CDDoorLineCandidateCount=0, R3CDValidDoorLineCount=0, R3CDSideCandidateCount=0, R3CDPrecheckLeftGroupCount=0, R3CDPrecheckRightGroupCount=0, HasBilateralR3CDSideGroups=False, IsComplexStandardNoWallDoorSymbol=False, ResolvedKind=StandardArcDoor
2026-07-26 18:46:25.788 [R3CDHardRouteDecision] ComponentId=12, ArcCountMatched=False, HasDoorLineGE500=False, HasBilateralSideGroups=False, Reason=PrimaryArcCountNotEqual2, RoutedTo=R3C
2026-07-26 18:46:25.791 [DoorRouteHardWallContact] ComponentId=12, ArcCount=1, ArcSegmentIds=694, LeafCandidateCount=2, ContextCandidateCount=582, TouchTolMm=120.0, ReferenceCenter=(175.798,117.367,0.000), SharedJunction=(null), ExpectedWallDir=(1.0000,0.0000,0.0000)
2026-07-26 18:46:25.793 [DoorRouteHardWallContactCandidate] ComponentId=12, ArcSegmentId=694, LeafSegmentId=700, WallSegmentId=-2000037, PreferredWallId=1589182, IsFromHostWall=True, WallLengthMm=2115.0, CenterDistMm=493.4, JunctionDistMm=493.4, LeafDistMm=32.4, DirectionPenalty=0.0000, ArcSupportCount=1, Score=979.02
2026-07-26 18:46:25.796 [DoorRouteHardWallContactCandidate] ComponentId=12, ArcSegmentId=694, LeafSegmentId=706, WallSegmentId=-2000037, PreferredWallId=1589182, IsFromHostWall=True, WallLengthMm=2115.0, CenterDistMm=493.4, JunctionDistMm=493.4, LeafDistMm=32.4, DirectionPenalty=0.0000, ArcSupportCount=1, Score=979.02
2026-07-26 18:46:25.796 [DoorRouteHardWallContactHit] ComponentId=12, ArcSegmentId=694, LeafSegmentId=706, WallSegmentId=-2000037, PreferredWallId=1589182, IsFromHostWall=True, WallLengthMm=2115.0, CenterDistMm=493.4, JunctionDistMm=493.4, LeafDistMm=32.4, DirectionPenalty=0.0000, ArcSupportCount=1, Score=979.02, Result=True
2026-07-26 18:46:25.797 [DoorRouteComponentKind] ComponentId=12, RoutedKind=StandardArcDoor, SelectedRule=R3
2026-07-26 18:46:25.797 [R3FreeEndLeafSelection] ArcSegmentId=694, CandidateCount=2, Candidates=SegmentId=700, GroupId=1, IsSameGroup=true, LengthMm=810.0, ConnectDistMm=45.0, ArcFreeEnd=(53932.3,35312.4,0.0), LeafFreeEnd=(53167.3,35312.4,0.0), CandidateWidthMm=765.0 | SegmentId=706, GroupId=1, IsSameGroup=true, LengthMm=810.0, ConnectDistMm=0.0, ArcFreeEnd=(53932.3,35312.4,0.0), LeafFreeEnd=(53122.3,35312.4,0.0), CandidateWidthMm=810.0, SelectedLeafSegmentId=700, ArcConnectedEnd=(53122.3,36122.4,0.0), ArcFreeEnd=(53932.3,35312.4,0.0), LeafConnectedEnd=(53167.3,36122.4,0.0), LeafFreeEnd=(53167.3,35312.4,0.0), OpeningWidthMm=765.0
2026-07-26 18:46:25.797 [DoorRoutePreferredHostWallBinding] ComponentId=12, Rule=R3, CandidateRuleSource=R3, PreferredWallId=1589182, SourceWallSegmentId=-2000037, ArcSegmentId=694, LeafSegmentId=706, PreferredHostPoint=(175.688,115.854,0.000)
2026-07-26 18:46:25.798 [DoorRouteCandidate] ComponentId=12, RuleSource=R3, DoorKind=Single, OpeningCenter=(175.688,115.854,0.000), OpeningDir=(-1.0000,0.0000,0.0000), OpeningWidthMm=765.0
2026-07-26 18:46:25.798 [DoorRouteComponent] ComponentId=13, Segments=18, Arcs=2, Lines=16, ContextSegments=2680, WallContextCount=582, BBoxMin=(186.461,115.559,0.000), BBoxMax=(191.382,118.209,0.000), SegmentIds=707|708|709|710|711|712|713|714|715|716|717|718|719|720|721|722|723|724
2026-07-26 18:46:25.798 [R3TPrecheck] ComponentId=13, MainArcCount=2, RouteContextCount=2680, WallContextCount=582
2026-07-26 18:46:25.801 [DoorRouteHardWallContact] ComponentId=13, ArcCount=2, ArcSegmentIds=724|723, LeafCandidateCount=4, ContextCandidateCount=582, TouchTolMm=120.0, ReferenceCenter=(188.939,117.231,0.000), SharedJunction=(188.922,115.938,0.000), ExpectedWallDir=(1.0000,0.0000,0.0000)
2026-07-26 18:46:25.807 [DoorRouteHardWallContactCandidate] ComponentId=13, ArcSegmentId=724, LeafSegmentId=711, WallSegmentId=-2000029, PreferredWallId=1589174, IsFromHostWall=True, WallLengthMm=3285.0, CenterDistMm=452.1, JunctionDistMm=57.8, LeafDistMm=17.4, DirectionPenalty=0.0000, ArcSupportCount=0, Score=705.67
2026-07-26 18:46:25.810 [DoorRouteHardWallContactCandidate] ComponentId=13, ArcSegmentId=724, LeafSegmentId=713, WallSegmentId=-2000029, PreferredWallId=1589174, IsFromHostWall=True, WallLengthMm=3285.0, CenterDistMm=452.1, JunctionDistMm=57.8, LeafDistMm=17.4, DirectionPenalty=0.0000, ArcSupportCount=0, Score=705.67
2026-07-26 18:46:25.813 [DoorRouteHardWallContactCandidate] ComponentId=13, ArcSegmentId=724, LeafSegmentId=716, WallSegmentId=-2000029, PreferredWallId=1589174, IsFromHostWall=True, WallLengthMm=3285.0, CenterDistMm=452.1, JunctionDistMm=57.8, LeafDistMm=17.4, DirectionPenalty=0.0000, ArcSupportCount=0, Score=705.67
2026-07-26 18:46:25.817 [DoorRouteHardWallContactCandidate] ComponentId=13, ArcSegmentId=724, LeafSegmentId=722, WallSegmentId=-2000029, PreferredWallId=1589174, IsFromHostWall=True, WallLengthMm=3285.0, CenterDistMm=452.1, JunctionDistMm=57.8, LeafDistMm=17.4, DirectionPenalty=0.0000, ArcSupportCount=0, Score=705.67
2026-07-26 18:46:25.817 [DoorRouteHardWallContactHit] ComponentId=13, ArcSegmentId=724, LeafSegmentId=711, WallSegmentId=-2000029, PreferredWallId=1589174, IsFromHostWall=True, WallLengthMm=3285.0, CenterDistMm=452.1, JunctionDistMm=57.8, LeafDistMm=17.4, DirectionPenalty=0.0000, ArcSupportCount=0, Score=705.67, Result=True
2026-07-26 18:46:25.818 [R3BDFeature] ArcCount=2, LineCount=16, RadiusClose=True, SymmetryLike=True, LeftSideGroupCount=2, RightSideGroupCount=2, OpeningDirFromGroup=True, LightWeightStructure=True
2026-07-26 18:46:25.818 [DoorRouteDecision] ComponentId=13, ArcCount=2, LineCount=16, ShortCount=12, HasHardWallCrossingContact=True, RouteContextCount=2680, WallContextCount=582, IsMinimalDoubleNoWallDoorSymbol=True, RadiusClose=True, SymmetryLike=True, LeftSideGroupCount=2, RightSideGroupCount=2, LightWeightStructure=True, HasStrongMainBaseLikeLine=False, HasLeafSideLikeLine=False, HasStandardDoorStructure=False, R3CDArcCountGatePassed=True, HasR3CDRoutePrecheck=False, HasValidR3CDDoorLineGE500=False, R3CDDoorLineCandidateCount=8, R3CDValidDoorLineCount=0, R3CDSideCandidateCount=4, R3CDPrecheckLeftGroupCount=2, R3CDPrecheckRightGroupCount=2, HasBilateralR3CDSideGroups=True, IsComplexStandardNoWallDoorSymbol=True, ResolvedKind=DoubleArcDoorWithWallCrossing
2026-07-26 18:46:25.818 [R3CDHardRouteDecision] ComponentId=13, ArcCountMatched=True, HasDoorLineGE500=False, HasBilateralSideGroups=True, Reason=NoDoorLineGE500, RoutedTo=R3C
2026-07-26 18:46:25.820 [DoorRouteHardWallContact] ComponentId=13, ArcCount=2, ArcSegmentIds=724|723, LeafCandidateCount=4, ContextCandidateCount=582, TouchTolMm=120.0, ReferenceCenter=(188.939,117.231,0.000), SharedJunction=(188.922,115.938,0.000), ExpectedWallDir=(1.0000,0.0000,0.0000)
2026-07-26 18:46:25.823 [DoorRouteHardWallContactCandidate] ComponentId=13, ArcSegmentId=724, LeafSegmentId=711, WallSegmentId=-2000029, PreferredWallId=1589174, IsFromHostWall=True, WallLengthMm=3285.0, CenterDistMm=452.1, JunctionDistMm=57.8, LeafDistMm=17.4, DirectionPenalty=0.0000, ArcSupportCount=0, Score=705.67
2026-07-26 18:46:25.825 [DoorRouteHardWallContactCandidate] ComponentId=13, ArcSegmentId=724, LeafSegmentId=713, WallSegmentId=-2000029, PreferredWallId=1589174, IsFromHostWall=True, WallLengthMm=3285.0, CenterDistMm=452.1, JunctionDistMm=57.8, LeafDistMm=17.4, DirectionPenalty=0.0000, ArcSupportCount=0, Score=705.67
2026-07-26 18:46:25.829 [DoorRouteHardWallContactCandidate] ComponentId=13, ArcSegmentId=724, LeafSegmentId=716, WallSegmentId=-2000029, PreferredWallId=1589174, IsFromHostWall=True, WallLengthMm=3285.0, CenterDistMm=452.1, JunctionDistMm=57.8, LeafDistMm=17.4, DirectionPenalty=0.0000, ArcSupportCount=0, Score=705.67
2026-07-26 18:46:25.832 [DoorRouteHardWallContactCandidate] ComponentId=13, ArcSegmentId=724, LeafSegmentId=722, WallSegmentId=-2000029, PreferredWallId=1589174, IsFromHostWall=True, WallLengthMm=3285.0, CenterDistMm=452.1, JunctionDistMm=57.8, LeafDistMm=17.4, DirectionPenalty=0.0000, ArcSupportCount=0, Score=705.67
2026-07-26 18:46:25.833 [DoorRouteHardWallContactHit] ComponentId=13, ArcSegmentId=724, LeafSegmentId=711, WallSegmentId=-2000029, PreferredWallId=1589174, IsFromHostWall=True, WallLengthMm=3285.0, CenterDistMm=452.1, JunctionDistMm=57.8, LeafDistMm=17.4, DirectionPenalty=0.0000, ArcSupportCount=0, Score=705.67, Result=True
2026-07-26 18:46:25.833 [DoorRouteComponentKind] ComponentId=13, RoutedKind=DoubleArcDoorWithWallCrossing, SelectedRule=R3D
2026-07-26 18:46:25.833 [R3DOpening] ArcCount=2, OpeningWidthMm=1402.0, OpeningCenter=(188.950,115.909,0.000), OpeningDir=(0.9999,-0.0125,0.0000)
2026-07-26 18:46:25.834 [DoorRoutePreferredHostWallBinding] ComponentId=13, Rule=R3D, CandidateRuleSource=R3D, PreferredWallId=1589174, SourceWallSegmentId=-2000029, ArcSegmentId=724, LeafSegmentId=711, PreferredHostPoint=(188.950,115.909,0.000)
2026-07-26 18:46:25.834 [DoorRouteCandidate] ComponentId=13, RuleSource=R3D, DoorKind=Double, OpeningCenter=(188.950,115.909,0.000), OpeningDir=(0.9999,-0.0125,0.0000), OpeningWidthMm=1402.0
2026-07-26 18:46:25.834 [DoorRouteComponent] ComponentId=14, Segments=13, Arcs=1, Lines=12, ContextSegments=2680, WallContextCount=582, BBoxMin=(191.973,104.314,0.000), BBoxMax=(194.926,107.267,0.000), SegmentIds=725|726|727|728|729|730|731|732|733|734|735|736|737
2026-07-26 18:46:25.834 [R3TPrecheck] ComponentId=14, MainArcCount=1, RouteContextCount=2680, WallContextCount=582
2026-07-26 18:46:25.836 [DoorRouteHardWallContact] ComponentId=14, ArcCount=1, ArcSegmentIds=725, LeafCandidateCount=2, ContextCandidateCount=582, TouchTolMm=120.0, ReferenceCenter=(193.780,105.607,0.000), SharedJunction=(null), ExpectedWallDir=(0.0000,-1.0000,0.0000)
2026-07-26 18:46:25.838 [DoorRouteHardWallContactCandidate] ComponentId=14, ArcSegmentId=725, LeafSegmentId=731, WallSegmentId=-2000021, PreferredWallId=1589166, IsFromHostWall=True, WallLengthMm=13085.0, CenterDistMm=494.2, JunctionDistMm=494.2, LeafDistMm=33.3, DirectionPenalty=0.0000, ArcSupportCount=1, Score=981.26
2026-07-26 18:46:25.842 [DoorRouteHardWallContactCandidate] ComponentId=14, ArcSegmentId=725, LeafSegmentId=737, WallSegmentId=-2000021, PreferredWallId=1589166, IsFromHostWall=True, WallLengthMm=13085.0, CenterDistMm=494.2, JunctionDistMm=494.2, LeafDistMm=33.3, DirectionPenalty=0.0000, ArcSupportCount=1, Score=981.26
2026-07-26 18:46:25.842 [DoorRouteHardWallContactHit] ComponentId=14, ArcSegmentId=725, LeafSegmentId=731, WallSegmentId=-2000021, PreferredWallId=1589166, IsFromHostWall=True, WallLengthMm=13085.0, CenterDistMm=494.2, JunctionDistMm=494.2, LeafDistMm=33.3, DirectionPenalty=0.0000, ArcSupportCount=1, Score=981.26, Result=True
2026-07-26 18:46:25.843 [DoorRouteDecision] ComponentId=14, ArcCount=1, LineCount=12, ShortCount=10, HasHardWallCrossingContact=True, RouteContextCount=2680, WallContextCount=582, IsMinimalDoubleNoWallDoorSymbol=False, RadiusClose=False, SymmetryLike=False, LeftSideGroupCount=0, RightSideGroupCount=0, LightWeightStructure=False, HasStrongMainBaseLikeLine=False, HasLeafSideLikeLine=False, HasStandardDoorStructure=False, R3CDArcCountGatePassed=False, HasR3CDRoutePrecheck=False, HasValidR3CDDoorLineGE500=False, R3CDDoorLineCandidateCount=0, R3CDValidDoorLineCount=0, R3CDSideCandidateCount=0, R3CDPrecheckLeftGroupCount=0, R3CDPrecheckRightGroupCount=0, HasBilateralR3CDSideGroups=False, IsComplexStandardNoWallDoorSymbol=False, ResolvedKind=StandardArcDoor
2026-07-26 18:46:25.843 [R3CDHardRouteDecision] ComponentId=14, ArcCountMatched=False, HasDoorLineGE500=False, HasBilateralSideGroups=False, Reason=PrimaryArcCountNotEqual2, RoutedTo=R3C
2026-07-26 18:46:25.844 [DoorRouteHardWallContact] ComponentId=14, ArcCount=1, ArcSegmentIds=725, LeafCandidateCount=2, ContextCandidateCount=582, TouchTolMm=120.0, ReferenceCenter=(193.780,105.607,0.000), SharedJunction=(null), ExpectedWallDir=(0.0000,-1.0000,0.0000)
2026-07-26 18:46:25.846 [DoorRouteHardWallContactCandidate] ComponentId=14, ArcSegmentId=725, LeafSegmentId=731, WallSegmentId=-2000021, PreferredWallId=1589166, IsFromHostWall=True, WallLengthMm=13085.0, CenterDistMm=494.2, JunctionDistMm=494.2, LeafDistMm=33.3, DirectionPenalty=0.0000, ArcSupportCount=1, Score=981.26
2026-07-26 18:46:25.848 [DoorRouteHardWallContactCandidate] ComponentId=14, ArcSegmentId=725, LeafSegmentId=737, WallSegmentId=-2000021, PreferredWallId=1589166, IsFromHostWall=True, WallLengthMm=13085.0, CenterDistMm=494.2, JunctionDistMm=494.2, LeafDistMm=33.3, DirectionPenalty=0.0000, ArcSupportCount=1, Score=981.26
2026-07-26 18:46:25.848 [DoorRouteHardWallContactHit] ComponentId=14, ArcSegmentId=725, LeafSegmentId=731, WallSegmentId=-2000021, PreferredWallId=1589166, IsFromHostWall=True, WallLengthMm=13085.0, CenterDistMm=494.2, JunctionDistMm=494.2, LeafDistMm=33.3, DirectionPenalty=0.0000, ArcSupportCount=1, Score=981.26, Result=True
2026-07-26 18:46:25.849 [DoorRouteComponentKind] ComponentId=14, RoutedKind=StandardArcDoor, SelectedRule=R3
2026-07-26 18:46:25.849 [R3FreeEndLeafSelection] ArcSegmentId=725, CandidateCount=2, Candidates=SegmentId=731, GroupId=1, IsSameGroup=true, LengthMm=810.0, ConnectDistMm=45.0, ArcFreeEnd=(58603.3,31839.9,0.0), LeafFreeEnd=(58603.3,32604.9,0.0), CandidateWidthMm=765.0 | SegmentId=737, GroupId=1, IsSameGroup=true, LengthMm=810.0, ConnectDistMm=0.0, ArcFreeEnd=(58603.3,31839.9,0.0), LeafFreeEnd=(58603.3,32649.9,0.0), CandidateWidthMm=810.0, SelectedLeafSegmentId=731, ArcConnectedEnd=(59413.3,32649.9,0.0), ArcFreeEnd=(58603.3,31839.9,0.0), LeafConnectedEnd=(59413.3,32604.9,0.0), LeafFreeEnd=(58603.3,32604.9,0.0), OpeningWidthMm=765.0
2026-07-26 18:46:25.849 [DoorRoutePreferredHostWallBinding] ComponentId=14, Rule=R3, CandidateRuleSource=R3, PreferredWallId=1589166, SourceWallSegmentId=-2000021, ArcSegmentId=725, LeafSegmentId=731, PreferredHostPoint=(192.268,105.717,0.000)
2026-07-26 18:46:25.850 [DoorRouteCandidate] ComponentId=14, RuleSource=R3, DoorKind=Single, OpeningCenter=(192.268,105.717,0.000), OpeningDir=(0.0000,1.0000,0.0000), OpeningWidthMm=765.0
2026-07-26 18:46:25.850 [DoorRouteComponent] ComponentId=15, Segments=13, Arcs=1, Lines=12, ContextSegments=2680, WallContextCount=582, BBoxMin=(178.452,92.503,0.000), BBoxMax=(181.405,95.456,0.000), SegmentIds=738|739|740|741|742|743|744|745|746|747|748|749|750
2026-07-26 18:46:25.850 [R3TPrecheck] ComponentId=15, MainArcCount=1, RouteContextCount=2680, WallContextCount=582
2026-07-26 18:46:25.852 [DoorRouteHardWallContact] ComponentId=15, ArcCount=1, ArcSegmentIds=738, LeafCandidateCount=2, ContextCandidateCount=582, TouchTolMm=120.0, ReferenceCenter=(179.598,93.796,0.000), SharedJunction=(null), ExpectedWallDir=(0.0000,1.0000,0.0000)
2026-07-26 18:46:25.854 [DoorRouteHardWallContactCandidate] ComponentId=15, ArcSegmentId=738, LeafSegmentId=744, WallSegmentId=-2000022, PreferredWallId=1589167, IsFromHostWall=True, WallLengthMm=13000.0, CenterDistMm=493.6, JunctionDistMm=493.6, LeafDistMm=32.7, DirectionPenalty=0.0000, ArcSupportCount=1, Score=979.63
2026-07-26 18:46:25.858 [DoorRouteHardWallContactCandidate] ComponentId=15, ArcSegmentId=738, LeafSegmentId=750, WallSegmentId=-2000022, PreferredWallId=1589167, IsFromHostWall=True, WallLengthMm=13000.0, CenterDistMm=493.6, JunctionDistMm=493.6, LeafDistMm=32.7, DirectionPenalty=0.0000, ArcSupportCount=1, Score=979.63
2026-07-26 18:46:25.858 [DoorRouteHardWallContactHit] ComponentId=15, ArcSegmentId=738, LeafSegmentId=744, WallSegmentId=-2000022, PreferredWallId=1589167, IsFromHostWall=True, WallLengthMm=13000.0, CenterDistMm=493.6, JunctionDistMm=493.6, LeafDistMm=32.7, DirectionPenalty=0.0000, ArcSupportCount=1, Score=979.63, Result=True
2026-07-26 18:46:25.858 [DoorRouteDecision] ComponentId=15, ArcCount=1, LineCount=12, ShortCount=10, HasHardWallCrossingContact=True, RouteContextCount=2680, WallContextCount=582, IsMinimalDoubleNoWallDoorSymbol=False, RadiusClose=False, SymmetryLike=False, LeftSideGroupCount=0, RightSideGroupCount=0, LightWeightStructure=False, HasStrongMainBaseLikeLine=False, HasLeafSideLikeLine=False, HasStandardDoorStructure=False, R3CDArcCountGatePassed=False, HasR3CDRoutePrecheck=False, HasValidR3CDDoorLineGE500=False, R3CDDoorLineCandidateCount=0, R3CDValidDoorLineCount=0, R3CDSideCandidateCount=0, R3CDPrecheckLeftGroupCount=0, R3CDPrecheckRightGroupCount=0, HasBilateralR3CDSideGroups=False, IsComplexStandardNoWallDoorSymbol=False, ResolvedKind=StandardArcDoor
2026-07-26 18:46:25.859 [R3CDHardRouteDecision] ComponentId=15, ArcCountMatched=False, HasDoorLineGE500=False, HasBilateralSideGroups=False, Reason=PrimaryArcCountNotEqual2, RoutedTo=R3C
2026-07-26 18:46:25.860 [DoorRouteHardWallContact] ComponentId=15, ArcCount=1, ArcSegmentIds=738, LeafCandidateCount=2, ContextCandidateCount=582, TouchTolMm=120.0, ReferenceCenter=(179.598,93.796,0.000), SharedJunction=(null), ExpectedWallDir=(0.0000,1.0000,0.0000)
2026-07-26 18:46:25.862 [DoorRouteHardWallContactCandidate] ComponentId=15, ArcSegmentId=738, LeafSegmentId=744, WallSegmentId=-2000022, PreferredWallId=1589167, IsFromHostWall=True, WallLengthMm=13000.0, CenterDistMm=493.6, JunctionDistMm=493.6, LeafDistMm=32.7, DirectionPenalty=0.0000, ArcSupportCount=1, Score=979.63
2026-07-26 18:46:25.865 [DoorRouteHardWallContactCandidate] ComponentId=15, ArcSegmentId=738, LeafSegmentId=750, WallSegmentId=-2000022, PreferredWallId=1589167, IsFromHostWall=True, WallLengthMm=13000.0, CenterDistMm=493.6, JunctionDistMm=493.6, LeafDistMm=32.7, DirectionPenalty=0.0000, ArcSupportCount=1, Score=979.63
2026-07-26 18:46:25.865 [DoorRouteHardWallContactHit] ComponentId=15, ArcSegmentId=738, LeafSegmentId=744, WallSegmentId=-2000022, PreferredWallId=1589167, IsFromHostWall=True, WallLengthMm=13000.0, CenterDistMm=493.6, JunctionDistMm=493.6, LeafDistMm=32.7, DirectionPenalty=0.0000, ArcSupportCount=1, Score=979.63, Result=True
2026-07-26 18:46:25.866 [DoorRouteComponentKind] ComponentId=15, RoutedKind=StandardArcDoor, SelectedRule=R3
2026-07-26 18:46:25.866 [R3FreeEndLeafSelection] ArcSegmentId=738, CandidateCount=2, Candidates=SegmentId=744, GroupId=1, IsSameGroup=true, LengthMm=810.0, ConnectDistMm=45.0, ArcFreeEnd=(55202.3,28239.9,0.0), LeafFreeEnd=(55202.3,29004.9,0.0), CandidateWidthMm=765.0 | SegmentId=750, GroupId=1, IsSameGroup=true, LengthMm=810.0, ConnectDistMm=0.0, ArcFreeEnd=(55202.3,28239.9,0.0), LeafFreeEnd=(55202.3,29049.9,0.0), CandidateWidthMm=810.0, SelectedLeafSegmentId=744, ArcConnectedEnd=(54392.3,29049.9,0.0), ArcFreeEnd=(55202.3,28239.9,0.0), LeafConnectedEnd=(54392.3,29004.9,0.0), LeafFreeEnd=(55202.3,29004.9,0.0), OpeningWidthMm=765.0
2026-07-26 18:46:25.866 [DoorRoutePreferredHostWallBinding] ComponentId=15, Rule=R3, CandidateRuleSource=R3, PreferredWallId=1589167, SourceWallSegmentId=-2000022, ArcSegmentId=738, LeafSegmentId=744, PreferredHostPoint=(181.110,93.906,0.000)
2026-07-26 18:46:25.867 [DoorRouteCandidate] ComponentId=15, RuleSource=R3, DoorKind=Single, OpeningCenter=(181.110,93.906,0.000), OpeningDir=(0.0000,1.0000,0.0000), OpeningWidthMm=765.0
2026-07-26 18:46:25.867 [DoorRouteComponent] ComponentId=16, Segments=13, Arcs=1, Lines=12, ContextSegments=2680, WallContextCount=582, BBoxMin=(191.973,108.251,0.000), BBoxMax=(194.926,111.204,0.000), SegmentIds=751|752|753|754|755|756|757|758|759|760|761|762|763
2026-07-26 18:46:25.868 [R3TPrecheck] ComponentId=16, MainArcCount=1, RouteContextCount=2680, WallContextCount=582
2026-07-26 18:46:25.869 [DoorRouteHardWallContact] ComponentId=16, ArcCount=1, ArcSegmentIds=751, LeafCandidateCount=2, ContextCandidateCount=582, TouchTolMm=120.0, ReferenceCenter=(193.780,109.911,0.000), SharedJunction=(null), ExpectedWallDir=(0.0000,-1.0000,0.0000)
2026-07-26 18:46:25.872 [DoorRouteHardWallContactCandidate] ComponentId=16, ArcSegmentId=751, LeafSegmentId=757, WallSegmentId=-2000035, PreferredWallId=1589180, IsFromHostWall=True, WallLengthMm=5900.0, CenterDistMm=494.2, JunctionDistMm=494.2, LeafDistMm=33.3, DirectionPenalty=0.0000, ArcSupportCount=1, Score=981.26
2026-07-26 18:46:25.874 [DoorRouteHardWallContactCandidate] ComponentId=16, ArcSegmentId=751, LeafSegmentId=763, WallSegmentId=-2000035, PreferredWallId=1589180, IsFromHostWall=True, WallLengthMm=5900.0, CenterDistMm=494.2, JunctionDistMm=494.2, LeafDistMm=33.3, DirectionPenalty=0.0000, ArcSupportCount=1, Score=981.26
2026-07-26 18:46:25.875 [DoorRouteHardWallContactHit] ComponentId=16, ArcSegmentId=751, LeafSegmentId=757, WallSegmentId=-2000035, PreferredWallId=1589180, IsFromHostWall=True, WallLengthMm=5900.0, CenterDistMm=494.2, JunctionDistMm=494.2, LeafDistMm=33.3, DirectionPenalty=0.0000, ArcSupportCount=1, Score=981.26, Result=True
2026-07-26 18:46:25.875 [DoorRouteDecision] ComponentId=16, ArcCount=1, LineCount=12, ShortCount=10, HasHardWallCrossingContact=True, RouteContextCount=2680, WallContextCount=582, IsMinimalDoubleNoWallDoorSymbol=False, RadiusClose=False, SymmetryLike=False, LeftSideGroupCount=0, RightSideGroupCount=0, LightWeightStructure=False, HasStrongMainBaseLikeLine=False, HasLeafSideLikeLine=False, HasStandardDoorStructure=False, R3CDArcCountGatePassed=False, HasR3CDRoutePrecheck=False, HasValidR3CDDoorLineGE500=False, R3CDDoorLineCandidateCount=0, R3CDValidDoorLineCount=0, R3CDSideCandidateCount=0, R3CDPrecheckLeftGroupCount=0, R3CDPrecheckRightGroupCount=0, HasBilateralR3CDSideGroups=False, IsComplexStandardNoWallDoorSymbol=False, ResolvedKind=StandardArcDoor
2026-07-26 18:46:25.875 [R3CDHardRouteDecision] ComponentId=16, ArcCountMatched=False, HasDoorLineGE500=False, HasBilateralSideGroups=False, Reason=PrimaryArcCountNotEqual2, RoutedTo=R3C
2026-07-26 18:46:25.877 [DoorRouteHardWallContact] ComponentId=16, ArcCount=1, ArcSegmentIds=751, LeafCandidateCount=2, ContextCandidateCount=582, TouchTolMm=120.0, ReferenceCenter=(193.780,109.911,0.000), SharedJunction=(null), ExpectedWallDir=(0.0000,-1.0000,0.0000)
2026-07-26 18:46:25.879 [DoorRouteHardWallContactCandidate] ComponentId=16, ArcSegmentId=751, LeafSegmentId=757, WallSegmentId=-2000035, PreferredWallId=1589180, IsFromHostWall=True, WallLengthMm=5900.0, CenterDistMm=494.2, JunctionDistMm=494.2, LeafDistMm=33.3, DirectionPenalty=0.0000, ArcSupportCount=1, Score=981.26
2026-07-26 18:46:25.882 [DoorRouteHardWallContactCandidate] ComponentId=16, ArcSegmentId=751, LeafSegmentId=763, WallSegmentId=-2000035, PreferredWallId=1589180, IsFromHostWall=True, WallLengthMm=5900.0, CenterDistMm=494.2, JunctionDistMm=494.2, LeafDistMm=33.3, DirectionPenalty=0.0000, ArcSupportCount=1, Score=981.26
2026-07-26 18:46:25.882 [DoorRouteHardWallContactHit] ComponentId=16, ArcSegmentId=751, LeafSegmentId=757, WallSegmentId=-2000035, PreferredWallId=1589180, IsFromHostWall=True, WallLengthMm=5900.0, CenterDistMm=494.2, JunctionDistMm=494.2, LeafDistMm=33.3, DirectionPenalty=0.0000, ArcSupportCount=1, Score=981.26, Result=True
2026-07-26 18:46:25.883 [DoorRouteComponentKind] ComponentId=16, RoutedKind=StandardArcDoor, SelectedRule=R3
2026-07-26 18:46:25.883 [R3FreeEndLeafSelection] ArcSegmentId=751, CandidateCount=2, Candidates=SegmentId=757, GroupId=1, IsSameGroup=true, LengthMm=810.0, ConnectDistMm=45.0, ArcFreeEnd=(58603.3,33849.9,0.0), LeafFreeEnd=(58603.3,33084.9,0.0), CandidateWidthMm=765.0 | SegmentId=763, GroupId=1, IsSameGroup=true, LengthMm=810.0, ConnectDistMm=0.0, ArcFreeEnd=(58603.3,33849.9,0.0), LeafFreeEnd=(58603.3,33039.9,0.0), CandidateWidthMm=810.0, SelectedLeafSegmentId=757, ArcConnectedEnd=(59413.3,33039.9,0.0), ArcFreeEnd=(58603.3,33849.9,0.0), LeafConnectedEnd=(59413.3,33084.9,0.0), LeafFreeEnd=(58603.3,33084.9,0.0), OpeningWidthMm=765.0
2026-07-26 18:46:25.884 [DoorRoutePreferredHostWallBinding] ComponentId=16, Rule=R3, CandidateRuleSource=R3, PreferredWallId=1589180, SourceWallSegmentId=-2000035, ArcSegmentId=751, LeafSegmentId=757, PreferredHostPoint=(192.268,109.801,0.000)
2026-07-26 18:46:25.884 [DoorRouteCandidate] ComponentId=16, RuleSource=R3, DoorKind=Single, OpeningCenter=(192.268,109.801,0.000), OpeningDir=(0.0000,-1.0000,0.0000), OpeningWidthMm=765.0
2026-07-26 18:46:25.884 [DoorRouteComponent] ComponentId=17, Segments=13, Arcs=1, Lines=12, ContextSegments=2680, WallContextCount=582, BBoxMin=(171.891,150.410,0.000), BBoxMax=(174.187,152.707,0.000), SegmentIds=806|807|808|809|810|811|812|813|814|815|816|817|818
2026-07-26 18:46:25.884 [R3TPrecheck] ComponentId=17, MainArcCount=1, RouteContextCount=2680, WallContextCount=582
2026-07-26 18:46:25.887 [DoorRouteHardWallContact] ComponentId=17, ArcCount=1, ArcSegmentIds=806, LeafCandidateCount=2, ContextCandidateCount=582, TouchTolMm=120.0, ReferenceCenter=(172.896,151.301,0.000), SharedJunction=(null), ExpectedWallDir=(-1.0000,0.0000,0.0000)
2026-07-26 18:46:25.891 [DoorRouteHardWallContactCandidate] ComponentId=17, ArcSegmentId=806, LeafSegmentId=812, WallSegmentId=-2000003, PreferredWallId=1589147, IsFromHostWall=True, WallLengthMm=1025.0, CenterDistMm=388.5, JunctionDistMm=388.5, LeafDistMm=30.1, DirectionPenalty=0.0000, ArcSupportCount=1, Score=788.42
2026-07-26 18:46:25.891 [DoorRouteHardWallContactCandidate] ComponentId=17, ArcSegmentId=806, LeafSegmentId=812, WallSegmentId=-2000001, PreferredWallId=1589145, IsFromHostWall=True, WallLengthMm=1700.0, CenterDistMm=431.2, JunctionDistMm=431.2, LeafDistMm=107.7, DirectionPenalty=1.0000, ArcSupportCount=0, Score=1137.26
2026-07-26 18:46:25.893 [DoorRouteHardWallContactCandidate] ComponentId=17, ArcSegmentId=806, LeafSegmentId=818, WallSegmentId=-2000003, PreferredWallId=1589147, IsFromHostWall=True, WallLengthMm=1025.0, CenterDistMm=388.5, JunctionDistMm=388.5, LeafDistMm=30.1, DirectionPenalty=0.0000, ArcSupportCount=1, Score=788.42
2026-07-26 18:46:25.893 [DoorRouteHardWallContactCandidate] ComponentId=17, ArcSegmentId=806, LeafSegmentId=818, WallSegmentId=-2000001, PreferredWallId=1589145, IsFromHostWall=True, WallLengthMm=1700.0, CenterDistMm=431.2, JunctionDistMm=431.2, LeafDistMm=72.7, DirectionPenalty=1.0000, ArcSupportCount=0, Score=1109.26
2026-07-26 18:46:25.894 [DoorRouteHardWallContactHit] ComponentId=17, ArcSegmentId=806, LeafSegmentId=812, WallSegmentId=-2000003, PreferredWallId=1589147, IsFromHostWall=True, WallLengthMm=1025.0, CenterDistMm=388.5, JunctionDistMm=388.5, LeafDistMm=30.1, DirectionPenalty=0.0000, ArcSupportCount=1, Score=788.42, Result=True
2026-07-26 18:46:25.894 [DoorRouteDecision] ComponentId=17, ArcCount=1, LineCount=12, ShortCount=10, HasHardWallCrossingContact=True, RouteContextCount=2680, WallContextCount=582, IsMinimalDoubleNoWallDoorSymbol=False, RadiusClose=False, SymmetryLike=False, LeftSideGroupCount=0, RightSideGroupCount=0, LightWeightStructure=False, HasStrongMainBaseLikeLine=False, HasLeafSideLikeLine=False, HasStandardDoorStructure=False, R3CDArcCountGatePassed=False, HasR3CDRoutePrecheck=False, HasValidR3CDDoorLineGE500=False, R3CDDoorLineCandidateCount=0, R3CDValidDoorLineCount=0, R3CDSideCandidateCount=0, R3CDPrecheckLeftGroupCount=0, R3CDPrecheckRightGroupCount=0, HasBilateralR3CDSideGroups=False, IsComplexStandardNoWallDoorSymbol=False, ResolvedKind=StandardArcDoor
2026-07-26 18:46:25.894 [R3CDHardRouteDecision] ComponentId=17, ArcCountMatched=False, HasDoorLineGE500=False, HasBilateralSideGroups=False, Reason=PrimaryArcCountNotEqual2, RoutedTo=R3C
2026-07-26 18:46:25.896 [DoorRouteHardWallContact] ComponentId=17, ArcCount=1, ArcSegmentIds=806, LeafCandidateCount=2, ContextCandidateCount=582, TouchTolMm=120.0, ReferenceCenter=(172.896,151.301,0.000), SharedJunction=(null), ExpectedWallDir=(-1.0000,0.0000,0.0000)
2026-07-26 18:46:25.900 [DoorRouteHardWallContactCandidate] ComponentId=17, ArcSegmentId=806, LeafSegmentId=812, WallSegmentId=-2000003, PreferredWallId=1589147, IsFromHostWall=True, WallLengthMm=1025.0, CenterDistMm=388.5, JunctionDistMm=388.5, LeafDistMm=30.1, DirectionPenalty=0.0000, ArcSupportCount=1, Score=788.42
2026-07-26 18:46:25.900 [DoorRouteHardWallContactCandidate] ComponentId=17, ArcSegmentId=806, LeafSegmentId=812, WallSegmentId=-2000001, PreferredWallId=1589145, IsFromHostWall=True, WallLengthMm=1700.0, CenterDistMm=431.2, JunctionDistMm=431.2, LeafDistMm=107.7, DirectionPenalty=1.0000, ArcSupportCount=0, Score=1137.26
2026-07-26 18:46:25.903 [DoorRouteHardWallContactCandidate] ComponentId=17, ArcSegmentId=806, LeafSegmentId=818, WallSegmentId=-2000003, PreferredWallId=1589147, IsFromHostWall=True, WallLengthMm=1025.0, CenterDistMm=388.5, JunctionDistMm=388.5, LeafDistMm=30.1, DirectionPenalty=0.0000, ArcSupportCount=1, Score=788.42
2026-07-26 18:46:25.903 [DoorRouteHardWallContactCandidate] ComponentId=17, ArcSegmentId=806, LeafSegmentId=818, WallSegmentId=-2000001, PreferredWallId=1589145, IsFromHostWall=True, WallLengthMm=1700.0, CenterDistMm=431.2, JunctionDistMm=431.2, LeafDistMm=72.7, DirectionPenalty=1.0000, ArcSupportCount=0, Score=1109.26
2026-07-26 18:46:25.904 [DoorRouteHardWallContactHit] ComponentId=17, ArcSegmentId=806, LeafSegmentId=812, WallSegmentId=-2000003, PreferredWallId=1589147, IsFromHostWall=True, WallLengthMm=1025.0, CenterDistMm=388.5, JunctionDistMm=388.5, LeafDistMm=30.1, DirectionPenalty=0.0000, ArcSupportCount=1, Score=788.42, Result=True
2026-07-26 18:46:25.904 [DoorRouteComponentKind] ComponentId=17, RoutedKind=StandardArcDoor, SelectedRule=R3
2026-07-26 18:46:25.905 [R3FreeEndLeafSelection] ArcSegmentId=806, CandidateCount=2, Candidates=SegmentId=812, GroupId=1, IsSameGroup=true, LengthMm=630.0, ConnectDistMm=35.0, ArcFreeEnd=(52427.3,46474.9,0.0), LeafFreeEnd=(53022.3,46474.9,0.0), CandidateWidthMm=595.0 | SegmentId=818, GroupId=1, IsSameGroup=true, LengthMm=630.0, ConnectDistMm=0.0, ArcFreeEnd=(52427.3,46474.9,0.0), LeafFreeEnd=(53057.3,46474.9,0.0), CandidateWidthMm=630.0, SelectedLeafSegmentId=812, ArcConnectedEnd=(53057.3,45844.9,0.0), ArcFreeEnd=(52427.3,46474.9,0.0), LeafConnectedEnd=(53022.3,45844.9,0.0), LeafFreeEnd=(53022.3,46474.9,0.0), OpeningWidthMm=595.0
2026-07-26 18:46:25.905 [DoorRoutePreferredHostWallBinding] ComponentId=17, Rule=R3, CandidateRuleSource=R3, PreferredWallId=1589147, SourceWallSegmentId=-2000003, ArcSegmentId=806, LeafSegmentId=812, PreferredHostPoint=(172.982,152.477,0.000)
2026-07-26 18:46:25.905 [DoorRouteCandidate] ComponentId=17, RuleSource=R3, DoorKind=Single, OpeningCenter=(172.982,152.477,0.000), OpeningDir=(1.0000,0.0000,0.0000), OpeningWidthMm=595.0
2026-07-26 18:46:25.906 [DoorRouteComponent] ComponentId=18, Segments=13, Arcs=1, Lines=12, ContextSegments=2680, WallContextCount=582, BBoxMin=(188.758,61.220,0.000), BBoxMax=(191.874,64.337,0.000), SegmentIds=819|820|821|822|823|824|825|826|827|828|829|830|831
2026-07-26 18:46:25.906 [R3TPrecheck] ComponentId=18, MainArcCount=1, RouteContextCount=2680, WallContextCount=582
2026-07-26 18:46:25.908 [DoorRouteHardWallContact] ComponentId=18, ArcCount=1, ArcSegmentIds=819, LeafCandidateCount=2, ContextCandidateCount=582, TouchTolMm=120.0, ReferenceCenter=(190.510,62.429,0.000), SharedJunction=(null), ExpectedWallDir=(-1.0000,0.0000,0.0000)
2026-07-26 18:46:25.912 [DoorRouteHardWallContactCandidate] ComponentId=18, ArcSegmentId=819, LeafSegmentId=825, WallSegmentId=-2000018, PreferredWallId=1589162, IsFromHostWall=True, WallLengthMm=2235.0, CenterDistMm=658.5, JunctionDistMm=658.5, LeafDistMm=103.4, DirectionPenalty=0.0000, ArcSupportCount=0, Score=1362.98
2026-07-26 18:46:25.912 [DoorRouteHardWallContactCandidate] ComponentId=18, ArcSegmentId=819, LeafSegmentId=825, WallSegmentId=-2000005, PreferredWallId=1589149, IsFromHostWall=True, WallLengthMm=6480.0, CenterDistMm=531.6, JunctionDistMm=531.6, LeafDistMm=45.1, DirectionPenalty=0.0000, ArcSupportCount=0, Score=1087.88
2026-07-26 18:46:25.916 [DoorRouteHardWallContactCandidate] ComponentId=18, ArcSegmentId=819, LeafSegmentId=831, WallSegmentId=-2000018, PreferredWallId=1589162, IsFromHostWall=True, WallLengthMm=2235.0, CenterDistMm=658.5, JunctionDistMm=658.5, LeafDistMm=56.0, DirectionPenalty=0.0000, ArcSupportCount=0, Score=1325.06
2026-07-26 18:46:25.916 [DoorRouteHardWallContactCandidate] ComponentId=18, ArcSegmentId=819, LeafSegmentId=831, WallSegmentId=-2000005, PreferredWallId=1589149, IsFromHostWall=True, WallLengthMm=6480.0, CenterDistMm=531.6, JunctionDistMm=531.6, LeafDistMm=45.1, DirectionPenalty=0.0000, ArcSupportCount=0, Score=1087.88
2026-07-26 18:46:25.917 [DoorRouteHardWallContactHit] ComponentId=18, ArcSegmentId=819, LeafSegmentId=831, WallSegmentId=-2000005, PreferredWallId=1589149, IsFromHostWall=True, WallLengthMm=6480.0, CenterDistMm=531.6, JunctionDistMm=531.6, LeafDistMm=45.1, DirectionPenalty=0.0000, ArcSupportCount=0, Score=1087.88, Result=True
2026-07-26 18:46:25.917 [DoorRouteDecision] ComponentId=18, ArcCount=1, LineCount=12, ShortCount=10, HasHardWallCrossingContact=True, RouteContextCount=2680, WallContextCount=582, IsMinimalDoubleNoWallDoorSymbol=False, RadiusClose=False, SymmetryLike=False, LeftSideGroupCount=0, RightSideGroupCount=0, LightWeightStructure=False, HasStrongMainBaseLikeLine=False, HasLeafSideLikeLine=False, HasStandardDoorStructure=False, R3CDArcCountGatePassed=False, HasR3CDRoutePrecheck=False, HasValidR3CDDoorLineGE500=False, R3CDDoorLineCandidateCount=0, R3CDValidDoorLineCount=0, R3CDSideCandidateCount=0, R3CDPrecheckLeftGroupCount=0, R3CDPrecheckRightGroupCount=0, HasBilateralR3CDSideGroups=False, IsComplexStandardNoWallDoorSymbol=False, ResolvedKind=StandardArcDoor
2026-07-26 18:46:25.917 [R3CDHardRouteDecision] ComponentId=18, ArcCountMatched=False, HasDoorLineGE500=False, HasBilateralSideGroups=False, Reason=PrimaryArcCountNotEqual2, RoutedTo=R3C
2026-07-26 18:46:25.919 [DoorRouteHardWallContact] ComponentId=18, ArcCount=1, ArcSegmentIds=819, LeafCandidateCount=2, ContextCandidateCount=582, TouchTolMm=120.0, ReferenceCenter=(190.510,62.429,0.000), SharedJunction=(null), ExpectedWallDir=(-1.0000,0.0000,0.0000)
2026-07-26 18:46:25.921 [DoorRouteHardWallContactCandidate] ComponentId=18, ArcSegmentId=819, LeafSegmentId=825, WallSegmentId=-2000018, PreferredWallId=1589162, IsFromHostWall=True, WallLengthMm=2235.0, CenterDistMm=658.5, JunctionDistMm=658.5, LeafDistMm=103.4, DirectionPenalty=0.0000, ArcSupportCount=0, Score=1362.98
2026-07-26 18:46:25.921 [DoorRouteHardWallContactCandidate] ComponentId=18, ArcSegmentId=819, LeafSegmentId=825, WallSegmentId=-2000005, PreferredWallId=1589149, IsFromHostWall=True, WallLengthMm=6480.0, CenterDistMm=531.6, JunctionDistMm=531.6, LeafDistMm=45.1, DirectionPenalty=0.0000, ArcSupportCount=0, Score=1087.88
2026-07-26 18:46:25.923 [DoorRouteHardWallContactCandidate] ComponentId=18, ArcSegmentId=819, LeafSegmentId=831, WallSegmentId=-2000018, PreferredWallId=1589162, IsFromHostWall=True, WallLengthMm=2235.0, CenterDistMm=658.5, JunctionDistMm=658.5, LeafDistMm=56.0, DirectionPenalty=0.0000, ArcSupportCount=0, Score=1325.06
2026-07-26 18:46:25.923 [DoorRouteHardWallContactCandidate] ComponentId=18, ArcSegmentId=819, LeafSegmentId=831, WallSegmentId=-2000005, PreferredWallId=1589149, IsFromHostWall=True, WallLengthMm=6480.0, CenterDistMm=531.6, JunctionDistMm=531.6, LeafDistMm=45.1, DirectionPenalty=0.0000, ArcSupportCount=0, Score=1087.88
2026-07-26 18:46:25.924 [DoorRouteHardWallContactHit] ComponentId=18, ArcSegmentId=819, LeafSegmentId=831, WallSegmentId=-2000005, PreferredWallId=1589149, IsFromHostWall=True, WallLengthMm=6480.0, CenterDistMm=531.6, JunctionDistMm=531.6, LeafDistMm=45.1, DirectionPenalty=0.0000, ArcSupportCount=0, Score=1087.88, Result=True
2026-07-26 18:46:25.924 [DoorRouteComponentKind] ComponentId=18, RoutedKind=StandardArcDoor, SelectedRule=R3
2026-07-26 18:46:25.924 [R3FreeEndLeafSelection] ArcSegmentId=819, CandidateCount=2, Candidates=SegmentId=825, GroupId=1, IsSameGroup=true, LengthMm=855.0, ConnectDistMm=47.5, ArcFreeEnd=(58435.8,19514.9,0.0), LeafFreeEnd=(57628.3,19514.9,0.0), CandidateWidthMm=807.5 | SegmentId=831, GroupId=1, IsSameGroup=true, LengthMm=855.0, ConnectDistMm=0.0, ArcFreeEnd=(58435.8,19514.9,0.0), LeafFreeEnd=(57580.8,19514.9,0.0), CandidateWidthMm=855.0, SelectedLeafSegmentId=825, ArcConnectedEnd=(57580.8,18659.9,0.0), ArcFreeEnd=(58435.8,19514.9,0.0), LeafConnectedEnd=(57628.3,18659.9,0.0), LeafFreeEnd=(57628.3,19514.9,0.0), OpeningWidthMm=807.5
2026-07-26 18:46:25.924 [DoorRoutePreferredHostWallBinding] ComponentId=18, Rule=R3, CandidateRuleSource=R3, PreferredWallId=1589149, SourceWallSegmentId=-2000005, ArcSegmentId=819, LeafSegmentId=831, PreferredHostPoint=(190.394,64.025,0.000)
2026-07-26 18:46:25.925 [DoorRouteCandidate] ComponentId=18, RuleSource=R3, DoorKind=Single, OpeningCenter=(190.394,64.025,0.000), OpeningDir=(-1.0000,0.0000,0.0000), OpeningWidthMm=807.5
2026-07-26 18:46:25.925 [DoorRouteComponent] ComponentId=19, Segments=13, Arcs=1, Lines=12, ContextSegments=2680, WallContextCount=582, BBoxMin=(164.181,146.637,0.000), BBoxMax=(167.462,149.918,0.000), SegmentIds=832|833|834|835|836|837|838|839|840|841|842|843|844
2026-07-26 18:46:25.925 [R3TPrecheck] ComponentId=19, MainArcCount=1, RouteContextCount=2680, WallContextCount=582
2026-07-26 18:46:25.928 [DoorRouteHardWallContact] ComponentId=19, ArcCount=1, ArcSegmentIds=832, LeafCandidateCount=2, ContextCandidateCount=582, TouchTolMm=120.0, ReferenceCenter=(166.025,148.645,0.000), SharedJunction=(null), ExpectedWallDir=(1.0000,0.0000,0.0000)
2026-07-26 18:46:25.930 [DoorRouteHardWallContactCandidate] ComponentId=19, ArcSegmentId=832, LeafSegmentId=838, WallSegmentId=-2000065, PreferredWallId=1589210, IsFromHostWall=True, WallLengthMm=5330.0, CenterDistMm=537.1, JunctionDistMm=537.1, LeafDistMm=24.9, DirectionPenalty=0.0000, ArcSupportCount=1, Score=1051.71
2026-07-26 18:46:25.932 [DoorRouteHardWallContactCandidate] ComponentId=19, ArcSegmentId=832, LeafSegmentId=844, WallSegmentId=-2000376, PreferredWallId=1589608, IsFromHostWall=True, WallLengthMm=1000.0, CenterDistMm=619.5, JunctionDistMm=619.5, LeafDistMm=107.3, DirectionPenalty=1.0000, ArcSupportCount=0, Score=1475.86
2026-07-26 18:46:25.932 [DoorRouteHardWallContactCandidate] ComponentId=19, ArcSegmentId=832, LeafSegmentId=844, WallSegmentId=-2000277, PreferredWallId=1589509, IsFromHostWall=True, WallLengthMm=1000.0, CenterDistMm=604.5, JunctionDistMm=604.5, LeafDistMm=92.3, DirectionPenalty=1.0000, ArcSupportCount=0, Score=1436.86
2026-07-26 18:46:25.933 [DoorRouteHardWallContactCandidate] ComponentId=19, ArcSegmentId=832, LeafSegmentId=844, WallSegmentId=-2000065, PreferredWallId=1589210, IsFromHostWall=True, WallLengthMm=5330.0, CenterDistMm=537.1, JunctionDistMm=537.1, LeafDistMm=24.9, DirectionPenalty=0.0000, ArcSupportCount=1, Score=1051.71
2026-07-26 18:46:25.933 [DoorRouteHardWallContactHit] ComponentId=19, ArcSegmentId=832, LeafSegmentId=844, WallSegmentId=-2000065, PreferredWallId=1589210, IsFromHostWall=True, WallLengthMm=5330.0, CenterDistMm=537.1, JunctionDistMm=537.1, LeafDistMm=24.9, DirectionPenalty=0.0000, ArcSupportCount=1, Score=1051.71, Result=True
2026-07-26 18:46:25.934 [DoorRouteDecision] ComponentId=19, ArcCount=1, LineCount=12, ShortCount=10, HasHardWallCrossingContact=True, RouteContextCount=2680, WallContextCount=582, IsMinimalDoubleNoWallDoorSymbol=False, RadiusClose=False, SymmetryLike=False, LeftSideGroupCount=0, RightSideGroupCount=0, LightWeightStructure=False, HasStrongMainBaseLikeLine=False, HasLeafSideLikeLine=False, HasStandardDoorStructure=False, R3CDArcCountGatePassed=False, HasR3CDRoutePrecheck=False, HasValidR3CDDoorLineGE500=False, R3CDDoorLineCandidateCount=0, R3CDValidDoorLineCount=0, R3CDSideCandidateCount=0, R3CDPrecheckLeftGroupCount=0, R3CDPrecheckRightGroupCount=0, HasBilateralR3CDSideGroups=False, IsComplexStandardNoWallDoorSymbol=False, ResolvedKind=StandardArcDoor
2026-07-26 18:46:25.934 [R3CDHardRouteDecision] ComponentId=19, ArcCountMatched=False, HasDoorLineGE500=False, HasBilateralSideGroups=False, Reason=PrimaryArcCountNotEqual2, RoutedTo=R3C
2026-07-26 18:46:25.936 [DoorRouteHardWallContact] ComponentId=19, ArcCount=1, ArcSegmentIds=832, LeafCandidateCount=2, ContextCandidateCount=582, TouchTolMm=120.0, ReferenceCenter=(166.025,148.645,0.000), SharedJunction=(null), ExpectedWallDir=(1.0000,0.0000,0.0000)
2026-07-26 18:46:25.937 [DoorRouteHardWallContactCandidate] ComponentId=19, ArcSegmentId=832, LeafSegmentId=838, WallSegmentId=-2000065, PreferredWallId=1589210, IsFromHostWall=True, WallLengthMm=5330.0, CenterDistMm=537.1, JunctionDistMm=537.1, LeafDistMm=24.9, DirectionPenalty=0.0000, ArcSupportCount=1, Score=1051.71
2026-07-26 18:46:25.939 [DoorRouteHardWallContactCandidate] ComponentId=19, ArcSegmentId=832, LeafSegmentId=844, WallSegmentId=-2000376, PreferredWallId=1589608, IsFromHostWall=True, WallLengthMm=1000.0, CenterDistMm=619.5, JunctionDistMm=619.5, LeafDistMm=107.3, DirectionPenalty=1.0000, ArcSupportCount=0, Score=1475.86
2026-07-26 18:46:25.939 [DoorRouteHardWallContactCandidate] ComponentId=19, ArcSegmentId=832, LeafSegmentId=844, WallSegmentId=-2000277, PreferredWallId=1589509, IsFromHostWall=True, WallLengthMm=1000.0, CenterDistMm=604.5, JunctionDistMm=604.5, LeafDistMm=92.3, DirectionPenalty=1.0000, ArcSupportCount=0, Score=1436.86
2026-07-26 18:46:25.940 [DoorRouteHardWallContactCandidate] ComponentId=19, ArcSegmentId=832, LeafSegmentId=844, WallSegmentId=-2000065, PreferredWallId=1589210, IsFromHostWall=True, WallLengthMm=5330.0, CenterDistMm=537.1, JunctionDistMm=537.1, LeafDistMm=24.9, DirectionPenalty=0.0000, ArcSupportCount=1, Score=1051.71
2026-07-26 18:46:25.942 [DoorRouteHardWallContactHit] ComponentId=19, ArcSegmentId=832, LeafSegmentId=844, WallSegmentId=-2000065, PreferredWallId=1589210, IsFromHostWall=True, WallLengthMm=5330.0, CenterDistMm=537.1, JunctionDistMm=537.1, LeafDistMm=24.9, DirectionPenalty=0.0000, ArcSupportCount=1, Score=1051.71, Result=True
2026-07-26 18:46:25.942 [DoorRouteComponentKind] ComponentId=19, RoutedKind=StandardArcDoor, SelectedRule=R3
2026-07-26 18:46:25.943 [R3FreeEndLeafSelection] ArcSegmentId=832, CandidateCount=2, Candidates=SegmentId=838, GroupId=1, IsSameGroup=true, LengthMm=900.0, ConnectDistMm=50.0, ArcFreeEnd=(50992.3,44794.9,0.0), LeafFreeEnd=(50142.3,44794.9,0.0), CandidateWidthMm=850.0 | SegmentId=844, GroupId=1, IsSameGroup=true, LengthMm=900.0, ConnectDistMm=0.0, ArcFreeEnd=(50992.3,44794.9,0.0), LeafFreeEnd=(50092.3,44794.9,0.0), CandidateWidthMm=900.0, SelectedLeafSegmentId=838, ArcConnectedEnd=(50092.3,45694.9,0.0), ArcFreeEnd=(50992.3,44794.9,0.0), LeafConnectedEnd=(50142.3,45694.9,0.0), LeafFreeEnd=(50142.3,44794.9,0.0), OpeningWidthMm=850.0
2026-07-26 18:46:25.943 [DoorRoutePreferredHostWallBinding] ComponentId=19, Rule=R3, CandidateRuleSource=R3, PreferredWallId=1589210, SourceWallSegmentId=-2000065, ArcSegmentId=832, LeafSegmentId=844, PreferredHostPoint=(165.903,146.965,0.000)
2026-07-26 18:46:25.943 [DoorRouteCandidate] ComponentId=19, RuleSource=R3, DoorKind=Single, OpeningCenter=(165.903,146.965,0.000), OpeningDir=(-1.0000,0.0000,0.0000), OpeningWidthMm=850.0
2026-07-26 18:46:25.943 [DoorRouteComponent] ComponentId=20, Segments=18, Arcs=2, Lines=16, ContextSegments=2680, WallContextCount=582, BBoxMin=(188.512,56.102,0.000), BBoxMax=(191.161,61.023,0.000), SegmentIds=2162|2163|2164|2165|2166|2167|2168|2169|2170|2171|2172|2173|2174|2175|2176|2177|2218|2219
2026-07-26 18:46:25.944 [R3TPrecheck] ComponentId=20, MainArcCount=2, RouteContextCount=2680, WallContextCount=582
2026-07-26 18:46:25.945 [DoorRouteHardWallContact] ComponentId=20, ArcCount=2, ArcSegmentIds=2219|2218, LeafCandidateCount=4, ContextCandidateCount=582, TouchTolMm=120.0, ReferenceCenter=(190.184,58.581,0.000), SharedJunction=(188.890,58.563,0.000), ExpectedWallDir=(0.0000,-1.0000,0.0000)
2026-07-26 18:46:25.957 [DoorRouteHardWallContact] ComponentId=20, Result=False, Reason=NoWallLineTouchingArcAndLeaf
2026-07-26 18:46:25.957 [R3BDFeature] ArcCount=2, LineCount=16, RadiusClose=True, SymmetryLike=True, LeftSideGroupCount=2, RightSideGroupCount=2, OpeningDirFromGroup=True, LightWeightStructure=True
2026-07-26 18:46:25.957 [DoorRouteDecision] ComponentId=20, ArcCount=2, LineCount=16, ShortCount=12, HasHardWallCrossingContact=False, RouteContextCount=2680, WallContextCount=582, IsMinimalDoubleNoWallDoorSymbol=True, RadiusClose=True, SymmetryLike=True, LeftSideGroupCount=2, RightSideGroupCount=2, LightWeightStructure=True, HasStrongMainBaseLikeLine=False, HasLeafSideLikeLine=False, HasStandardDoorStructure=False, R3CDArcCountGatePassed=True, HasR3CDRoutePrecheck=False, HasValidR3CDDoorLineGE500=False, R3CDDoorLineCandidateCount=8, R3CDValidDoorLineCount=0, R3CDSideCandidateCount=4, R3CDPrecheckLeftGroupCount=2, R3CDPrecheckRightGroupCount=2, HasBilateralR3CDSideGroups=True, IsComplexStandardNoWallDoorSymbol=True, ResolvedKind=MinimalDoubleArcDoorNoWallCrossing
2026-07-26 18:46:25.958 [R3CDHardRouteDecision] ComponentId=20, ArcCountMatched=True, HasDoorLineGE500=False, HasBilateralSideGroups=True, Reason=NoDoorLineGE500, RoutedTo=R3C
2026-07-26 18:46:25.958 [DoorRouteComponentKind] ComponentId=20, RoutedKind=MinimalDoubleArcDoorNoWallCrossing, SelectedRule=R3BD
2026-07-26 18:46:25.965 [R3BDCandidateGroups] ComponentId=1, RuleSource=R3BD, UsedHorizontalEnhancement=True, ClosingCandidateCount=4, HorizontalCandidateCount=4, LeftGroupCount=2, RightGroupCount=2, LeftInnerAnchor=(188.758,60.839,0.000), RightInnerAnchor=(188.758,56.287,0.000)
2026-07-26 18:46:25.966 [R3BDOpening] ComponentId=1, OpeningDir=(0.0000,-1.0000,0.0000), OpeningCenter=(188.861,58.591,0.000), CombinedWidthMm=1387.5, VirtualOpeningBaseStart=(188.861,60.867,0.000), VirtualOpeningBaseEnd=(188.861,56.315,0.000)
2026-07-26 18:46:25.966 [DoorRouteCandidate] ComponentId=20, RuleSource=R3BD, DoorKind=Double, OpeningCenter=(188.861,58.591,0.000), OpeningDir=(0.0000,-1.0000,0.0000), OpeningWidthMm=1387.5
2026-07-26 18:46:25.966 [DoorRouteComponent] ComponentId=21, Segments=18, Arcs=2, Lines=16, ContextSegments=2680, WallContextCount=582, BBoxMin=(186.404,123.614,0.000), BBoxMax=(191.382,126.264,0.000), SegmentIds=2178|2179|2180|2181|2182|2183|2184|2185|2186|2187|2188|2189|2190|2191|2192|2193|2220|2221
2026-07-26 18:46:25.967 [R3TPrecheck] ComponentId=21, MainArcCount=2, RouteContextCount=2680, WallContextCount=582
2026-07-26 18:46:25.968 [DoorRouteHardWallContact] ComponentId=21, ArcCount=2, ArcSegmentIds=2221|2220, LeafCandidateCount=4, ContextCandidateCount=582, TouchTolMm=120.0, ReferenceCenter=(188.939,125.286,0.000), SharedJunction=(188.922,123.992,0.000), ExpectedWallDir=(1.0000,0.0000,0.0000)
2026-07-26 18:46:25.971 [DoorRouteHardWallContactCandidate] ComponentId=21, ArcSegmentId=2221, LeafSegmentId=2182, WallSegmentId=-2000028, PreferredWallId=1589173, IsFromHostWall=True, WallLengthMm=8295.0, CenterDistMm=492.1, JunctionDistMm=97.8, LeafDistMm=57.4, DirectionPenalty=0.0000, ArcSupportCount=0, Score=877.67
2026-07-26 18:46:25.975 [DoorRouteHardWallContactCandidate] ComponentId=21, ArcSegmentId=2221, LeafSegmentId=2184, WallSegmentId=-2000028, PreferredWallId=1589173, IsFromHostWall=True, WallLengthMm=8295.0, CenterDistMm=492.1, JunctionDistMm=97.8, LeafDistMm=57.4, DirectionPenalty=0.0000, ArcSupportCount=0, Score=877.67
2026-07-26 18:46:25.978 [DoorRouteHardWallContactCandidate] ComponentId=21, ArcSegmentId=2221, LeafSegmentId=2187, WallSegmentId=-2000028, PreferredWallId=1589173, IsFromHostWall=True, WallLengthMm=8295.0, CenterDistMm=492.1, JunctionDistMm=97.8, LeafDistMm=57.4, DirectionPenalty=0.0000, ArcSupportCount=0, Score=877.67
2026-07-26 18:46:25.980 [DoorRouteHardWallContactCandidate] ComponentId=21, ArcSegmentId=2221, LeafSegmentId=2193, WallSegmentId=-2000028, PreferredWallId=1589173, IsFromHostWall=True, WallLengthMm=8295.0, CenterDistMm=492.1, JunctionDistMm=97.8, LeafDistMm=57.4, DirectionPenalty=0.0000, ArcSupportCount=0, Score=877.67
2026-07-26 18:46:25.981 [DoorRouteHardWallContactHit] ComponentId=21, ArcSegmentId=2221, LeafSegmentId=2182, WallSegmentId=-2000028, PreferredWallId=1589173, IsFromHostWall=True, WallLengthMm=8295.0, CenterDistMm=492.1, JunctionDistMm=97.8, LeafDistMm=57.4, DirectionPenalty=0.0000, ArcSupportCount=0, Score=877.67, Result=True
2026-07-26 18:46:25.982 [R3BDFeature] ArcCount=2, LineCount=16, RadiusClose=True, SymmetryLike=True, LeftSideGroupCount=2, RightSideGroupCount=2, OpeningDirFromGroup=True, LightWeightStructure=True
2026-07-26 18:46:25.982 [DoorRouteDecision] ComponentId=21, ArcCount=2, LineCount=16, ShortCount=12, HasHardWallCrossingContact=True, RouteContextCount=2680, WallContextCount=582, IsMinimalDoubleNoWallDoorSymbol=True, RadiusClose=True, SymmetryLike=True, LeftSideGroupCount=2, RightSideGroupCount=2, LightWeightStructure=True, HasStrongMainBaseLikeLine=False, HasLeafSideLikeLine=False, HasStandardDoorStructure=False, R3CDArcCountGatePassed=True, HasR3CDRoutePrecheck=False, HasValidR3CDDoorLineGE500=False, R3CDDoorLineCandidateCount=8, R3CDValidDoorLineCount=0, R3CDSideCandidateCount=4, R3CDPrecheckLeftGroupCount=2, R3CDPrecheckRightGroupCount=2, HasBilateralR3CDSideGroups=True, IsComplexStandardNoWallDoorSymbol=True, ResolvedKind=DoubleArcDoorWithWallCrossing
2026-07-26 18:46:25.982 [R3CDHardRouteDecision] ComponentId=21, ArcCountMatched=True, HasDoorLineGE500=False, HasBilateralSideGroups=True, Reason=NoDoorLineGE500, RoutedTo=R3C
2026-07-26 18:46:25.985 [DoorRouteHardWallContact] ComponentId=21, ArcCount=2, ArcSegmentIds=2221|2220, LeafCandidateCount=4, ContextCandidateCount=582, TouchTolMm=120.0, ReferenceCenter=(188.939,125.286,0.000), SharedJunction=(188.922,123.992,0.000), ExpectedWallDir=(1.0000,0.0000,0.0000)
2026-07-26 18:46:25.988 [DoorRouteHardWallContactCandidate] ComponentId=21, ArcSegmentId=2221, LeafSegmentId=2182, WallSegmentId=-2000028, PreferredWallId=1589173, IsFromHostWall=True, WallLengthMm=8295.0, CenterDistMm=492.1, JunctionDistMm=97.8, LeafDistMm=57.4, DirectionPenalty=0.0000, ArcSupportCount=0, Score=877.67
2026-07-26 18:46:25.991 [DoorRouteHardWallContactCandidate] ComponentId=21, ArcSegmentId=2221, LeafSegmentId=2184, WallSegmentId=-2000028, PreferredWallId=1589173, IsFromHostWall=True, WallLengthMm=8295.0, CenterDistMm=492.1, JunctionDistMm=97.8, LeafDistMm=57.4, DirectionPenalty=0.0000, ArcSupportCount=0, Score=877.67
2026-07-26 18:46:25.995 [DoorRouteHardWallContactCandidate] ComponentId=21, ArcSegmentId=2221, LeafSegmentId=2187, WallSegmentId=-2000028, PreferredWallId=1589173, IsFromHostWall=True, WallLengthMm=8295.0, CenterDistMm=492.1, JunctionDistMm=97.8, LeafDistMm=57.4, DirectionPenalty=0.0000, ArcSupportCount=0, Score=877.67
2026-07-26 18:46:26.001 [DoorRouteHardWallContactCandidate] ComponentId=21, ArcSegmentId=2221, LeafSegmentId=2193, WallSegmentId=-2000028, PreferredWallId=1589173, IsFromHostWall=True, WallLengthMm=8295.0, CenterDistMm=492.1, JunctionDistMm=97.8, LeafDistMm=57.4, DirectionPenalty=0.0000, ArcSupportCount=0, Score=877.67
2026-07-26 18:46:26.001 [DoorRouteHardWallContactHit] ComponentId=21, ArcSegmentId=2221, LeafSegmentId=2182, WallSegmentId=-2000028, PreferredWallId=1589173, IsFromHostWall=True, WallLengthMm=8295.0, CenterDistMm=492.1, JunctionDistMm=97.8, LeafDistMm=57.4, DirectionPenalty=0.0000, ArcSupportCount=0, Score=877.67, Result=True
2026-07-26 18:46:26.002 [DoorRouteComponentKind] ComponentId=21, RoutedKind=DoubleArcDoorWithWallCrossing, SelectedRule=R3D
2026-07-26 18:46:26.003 [R3DOpening] ArcCount=2, OpeningWidthMm=1402.0, OpeningCenter=(188.950,123.964,0.000), OpeningDir=(0.9999,-0.0125,0.0000)
2026-07-26 18:46:26.003 [DoorRoutePreferredHostWallBinding] ComponentId=21, Rule=R3D, CandidateRuleSource=R3D, PreferredWallId=1589173, SourceWallSegmentId=-2000028, ArcSegmentId=2221, LeafSegmentId=2182, PreferredHostPoint=(188.950,123.964,0.000)
2026-07-26 18:46:26.003 [DoorRouteCandidate] ComponentId=21, RuleSource=R3D, DoorKind=Double, OpeningCenter=(188.950,123.964,0.000), OpeningDir=(0.9999,-0.0125,0.0000), OpeningWidthMm=1402.0
2026-07-26 18:46:26.004 [DoorRouteComponent] ComponentId=22, Segments=13, Arcs=1, Lines=12, ContextSegments=2680, WallContextCount=582, BBoxMin=(191.973,128.313,0.000), BBoxMax=(194.926,131.266,0.000), SegmentIds=2194|2195|2196|2197|2198|2199|2200|2201|2202|2203|2204|2205|2222
2026-07-26 18:46:26.004 [R3TPrecheck] ComponentId=22, MainArcCount=1, RouteContextCount=2680, WallContextCount=582
2026-07-26 18:46:26.006 [DoorRouteHardWallContact] ComponentId=22, ArcCount=1, ArcSegmentIds=2222, LeafCandidateCount=2, ContextCandidateCount=582, TouchTolMm=120.0, ReferenceCenter=(193.780,129.973,0.000), SharedJunction=(null), ExpectedWallDir=(0.0000,-1.0000,0.0000)
2026-07-26 18:46:26.009 [DoorRouteHardWallContactCandidate] ComponentId=22, ArcSegmentId=2222, LeafSegmentId=2199, WallSegmentId=-2000025, PreferredWallId=1589170, IsFromHostWall=True, WallLengthMm=5585.0, CenterDistMm=494.2, JunctionDistMm=494.2, LeafDistMm=33.3, DirectionPenalty=0.0000, ArcSupportCount=1, Score=981.26
2026-07-26 18:46:26.011 [DoorRouteHardWallContactCandidate] ComponentId=22, ArcSegmentId=2222, LeafSegmentId=2205, WallSegmentId=-2000025, PreferredWallId=1589170, IsFromHostWall=True, WallLengthMm=5585.0, CenterDistMm=494.2, JunctionDistMm=494.2, LeafDistMm=33.3, DirectionPenalty=0.0000, ArcSupportCount=1, Score=981.26
2026-07-26 18:46:26.012 [DoorRouteHardWallContactHit] ComponentId=22, ArcSegmentId=2222, LeafSegmentId=2199, WallSegmentId=-2000025, PreferredWallId=1589170, IsFromHostWall=True, WallLengthMm=5585.0, CenterDistMm=494.2, JunctionDistMm=494.2, LeafDistMm=33.3, DirectionPenalty=0.0000, ArcSupportCount=1, Score=981.26, Result=True
2026-07-26 18:46:26.013 [DoorRouteDecision] ComponentId=22, ArcCount=1, LineCount=12, ShortCount=10, HasHardWallCrossingContact=True, RouteContextCount=2680, WallContextCount=582, IsMinimalDoubleNoWallDoorSymbol=False, RadiusClose=False, SymmetryLike=False, LeftSideGroupCount=0, RightSideGroupCount=0, LightWeightStructure=False, HasStrongMainBaseLikeLine=False, HasLeafSideLikeLine=False, HasStandardDoorStructure=False, R3CDArcCountGatePassed=False, HasR3CDRoutePrecheck=False, HasValidR3CDDoorLineGE500=False, R3CDDoorLineCandidateCount=0, R3CDValidDoorLineCount=0, R3CDSideCandidateCount=0, R3CDPrecheckLeftGroupCount=0, R3CDPrecheckRightGroupCount=0, HasBilateralR3CDSideGroups=False, IsComplexStandardNoWallDoorSymbol=False, ResolvedKind=StandardArcDoor
2026-07-26 18:46:26.013 [R3CDHardRouteDecision] ComponentId=22, ArcCountMatched=False, HasDoorLineGE500=False, HasBilateralSideGroups=False, Reason=PrimaryArcCountNotEqual2, RoutedTo=R3C
2026-07-26 18:46:26.015 [DoorRouteHardWallContact] ComponentId=22, ArcCount=1, ArcSegmentIds=2222, LeafCandidateCount=2, ContextCandidateCount=582, TouchTolMm=120.0, ReferenceCenter=(193.780,129.973,0.000), SharedJunction=(null), ExpectedWallDir=(0.0000,-1.0000,0.0000)
2026-07-26 18:46:26.019 [DoorRouteHardWallContactCandidate] ComponentId=22, ArcSegmentId=2222, LeafSegmentId=2199, WallSegmentId=-2000025, PreferredWallId=1589170, IsFromHostWall=True, WallLengthMm=5585.0, CenterDistMm=494.2, JunctionDistMm=494.2, LeafDistMm=33.3, DirectionPenalty=0.0000, ArcSupportCount=1, Score=981.26
2026-07-26 18:46:26.021 [DoorRouteHardWallContactCandidate] ComponentId=22, ArcSegmentId=2222, LeafSegmentId=2205, WallSegmentId=-2000025, PreferredWallId=1589170, IsFromHostWall=True, WallLengthMm=5585.0, CenterDistMm=494.2, JunctionDistMm=494.2, LeafDistMm=33.3, DirectionPenalty=0.0000, ArcSupportCount=1, Score=981.26
2026-07-26 18:46:26.022 [DoorRouteHardWallContactHit] ComponentId=22, ArcSegmentId=2222, LeafSegmentId=2199, WallSegmentId=-2000025, PreferredWallId=1589170, IsFromHostWall=True, WallLengthMm=5585.0, CenterDistMm=494.2, JunctionDistMm=494.2, LeafDistMm=33.3, DirectionPenalty=0.0000, ArcSupportCount=1, Score=981.26, Result=True
2026-07-26 18:46:26.023 [DoorRouteComponentKind] ComponentId=22, RoutedKind=StandardArcDoor, SelectedRule=R3
2026-07-26 18:46:26.023 [R3FreeEndLeafSelection] ArcSegmentId=2222, CandidateCount=2, Candidates=SegmentId=2199, GroupId=1, IsSameGroup=true, LengthMm=810.0, ConnectDistMm=45.0, ArcFreeEnd=(58603.3,39964.9,0.0), LeafFreeEnd=(58603.3,39199.9,0.0), CandidateWidthMm=765.0 | SegmentId=2205, GroupId=1, IsSameGroup=true, LengthMm=810.0, ConnectDistMm=0.0, ArcFreeEnd=(58603.3,39964.9,0.0), LeafFreeEnd=(58603.3,39154.9,0.0), CandidateWidthMm=810.0, SelectedLeafSegmentId=2199, ArcConnectedEnd=(59413.3,39154.9,0.0), ArcFreeEnd=(58603.3,39964.9,0.0), LeafConnectedEnd=(59413.3,39199.9,0.0), LeafFreeEnd=(58603.3,39199.9,0.0), OpeningWidthMm=765.0
2026-07-26 18:46:26.023 [DoorRoutePreferredHostWallBinding] ComponentId=22, Rule=R3, CandidateRuleSource=R3, PreferredWallId=1589170, SourceWallSegmentId=-2000025, ArcSegmentId=2222, LeafSegmentId=2199, PreferredHostPoint=(192.268,129.864,0.000)
2026-07-26 18:46:26.024 [DoorRouteCandidate] ComponentId=22, RuleSource=R3, DoorKind=Single, OpeningCenter=(192.268,129.864,0.000), OpeningDir=(0.0000,-1.0000,0.0000), OpeningWidthMm=765.0
2026-07-26 18:46:26.024 [DoorRouteComponent] ComponentId=23, Segments=13, Arcs=1, Lines=12, ContextSegments=2680, WallContextCount=582, BBoxMin=(168.528,150.410,0.000), BBoxMax=(170.825,152.707,0.000), SegmentIds=2206|2207|2208|2209|2210|2211|2212|2213|2214|2215|2216|2217|2223
2026-07-26 18:46:26.024 [R3TPrecheck] ComponentId=23, MainArcCount=1, RouteContextCount=2680, WallContextCount=582
2026-07-26 18:46:26.026 [DoorRouteHardWallContact] ComponentId=23, ArcCount=1, ArcSegmentIds=2223, LeafCandidateCount=2, ContextCandidateCount=582, TouchTolMm=120.0, ReferenceCenter=(169.534,151.301,0.000), SharedJunction=(null), ExpectedWallDir=(-1.0000,0.0000,0.0000)
2026-07-26 18:46:26.028 [DoorRouteHardWallContactCandidate] ComponentId=23, ArcSegmentId=2223, LeafSegmentId=2211, WallSegmentId=-2000004, PreferredWallId=1589148, IsFromHostWall=True, WallLengthMm=1025.0, CenterDistMm=388.5, JunctionDistMm=388.5, LeafDistMm=30.1, DirectionPenalty=0.0000, ArcSupportCount=1, Score=788.42
2026-07-26 18:46:26.028 [DoorRouteHardWallContactCandidate] ComponentId=23, ArcSegmentId=2223, LeafSegmentId=2211, WallSegmentId=-2000000, PreferredWallId=1589144, IsFromHostWall=True, WallLengthMm=1700.0, CenterDistMm=431.2, JunctionDistMm=431.2, LeafDistMm=107.7, DirectionPenalty=1.0000, ArcSupportCount=0, Score=1137.26
2026-07-26 18:46:26.031 [DoorRouteHardWallContactCandidate] ComponentId=23, ArcSegmentId=2223, LeafSegmentId=2217, WallSegmentId=-2000004, PreferredWallId=1589148, IsFromHostWall=True, WallLengthMm=1025.0, CenterDistMm=388.5, JunctionDistMm=388.5, LeafDistMm=30.1, DirectionPenalty=0.0000, ArcSupportCount=1, Score=788.42
2026-07-26 18:46:26.031 [DoorRouteHardWallContactCandidate] ComponentId=23, ArcSegmentId=2223, LeafSegmentId=2217, WallSegmentId=-2000000, PreferredWallId=1589144, IsFromHostWall=True, WallLengthMm=1700.0, CenterDistMm=431.2, JunctionDistMm=431.2, LeafDistMm=72.7, DirectionPenalty=1.0000, ArcSupportCount=0, Score=1109.26
2026-07-26 18:46:26.031 [DoorRouteHardWallContactHit] ComponentId=23, ArcSegmentId=2223, LeafSegmentId=2211, WallSegmentId=-2000004, PreferredWallId=1589148, IsFromHostWall=True, WallLengthMm=1025.0, CenterDistMm=388.5, JunctionDistMm=388.5, LeafDistMm=30.1, DirectionPenalty=0.0000, ArcSupportCount=1, Score=788.42, Result=True
2026-07-26 18:46:26.032 [DoorRouteDecision] ComponentId=23, ArcCount=1, LineCount=12, ShortCount=10, HasHardWallCrossingContact=True, RouteContextCount=2680, WallContextCount=582, IsMinimalDoubleNoWallDoorSymbol=False, RadiusClose=False, SymmetryLike=False, LeftSideGroupCount=0, RightSideGroupCount=0, LightWeightStructure=False, HasStrongMainBaseLikeLine=False, HasLeafSideLikeLine=False, HasStandardDoorStructure=False, R3CDArcCountGatePassed=False, HasR3CDRoutePrecheck=False, HasValidR3CDDoorLineGE500=False, R3CDDoorLineCandidateCount=0, R3CDValidDoorLineCount=0, R3CDSideCandidateCount=0, R3CDPrecheckLeftGroupCount=0, R3CDPrecheckRightGroupCount=0, HasBilateralR3CDSideGroups=False, IsComplexStandardNoWallDoorSymbol=False, ResolvedKind=StandardArcDoor
2026-07-26 18:46:26.032 [R3CDHardRouteDecision] ComponentId=23, ArcCountMatched=False, HasDoorLineGE500=False, HasBilateralSideGroups=False, Reason=PrimaryArcCountNotEqual2, RoutedTo=R3C
2026-07-26 18:46:26.035 [DoorRouteHardWallContact] ComponentId=23, ArcCount=1, ArcSegmentIds=2223, LeafCandidateCount=2, ContextCandidateCount=582, TouchTolMm=120.0, ReferenceCenter=(169.534,151.301,0.000), SharedJunction=(null), ExpectedWallDir=(-1.0000,0.0000,0.0000)
2026-07-26 18:46:26.037 [DoorRouteHardWallContactCandidate] ComponentId=23, ArcSegmentId=2223, LeafSegmentId=2211, WallSegmentId=-2000004, PreferredWallId=1589148, IsFromHostWall=True, WallLengthMm=1025.0, CenterDistMm=388.5, JunctionDistMm=388.5, LeafDistMm=30.1, DirectionPenalty=0.0000, ArcSupportCount=1, Score=788.42
2026-07-26 18:46:26.037 [DoorRouteHardWallContactCandidate] ComponentId=23, ArcSegmentId=2223, LeafSegmentId=2211, WallSegmentId=-2000000, PreferredWallId=1589144, IsFromHostWall=True, WallLengthMm=1700.0, CenterDistMm=431.2, JunctionDistMm=431.2, LeafDistMm=107.7, DirectionPenalty=1.0000, ArcSupportCount=0, Score=1137.26
2026-07-26 18:46:26.039 [DoorRouteHardWallContactCandidate] ComponentId=23, ArcSegmentId=2223, LeafSegmentId=2217, WallSegmentId=-2000004, PreferredWallId=1589148, IsFromHostWall=True, WallLengthMm=1025.0, CenterDistMm=388.5, JunctionDistMm=388.5, LeafDistMm=30.1, DirectionPenalty=0.0000, ArcSupportCount=1, Score=788.42
2026-07-26 18:46:26.040 [DoorRouteHardWallContactCandidate] ComponentId=23, ArcSegmentId=2223, LeafSegmentId=2217, WallSegmentId=-2000000, PreferredWallId=1589144, IsFromHostWall=True, WallLengthMm=1700.0, CenterDistMm=431.2, JunctionDistMm=431.2, LeafDistMm=72.7, DirectionPenalty=1.0000, ArcSupportCount=0, Score=1109.26
2026-07-26 18:46:26.040 [DoorRouteHardWallContactHit] ComponentId=23, ArcSegmentId=2223, LeafSegmentId=2211, WallSegmentId=-2000004, PreferredWallId=1589148, IsFromHostWall=True, WallLengthMm=1025.0, CenterDistMm=388.5, JunctionDistMm=388.5, LeafDistMm=30.1, DirectionPenalty=0.0000, ArcSupportCount=1, Score=788.42, Result=True
2026-07-26 18:46:26.040 [DoorRouteComponentKind] ComponentId=23, RoutedKind=StandardArcDoor, SelectedRule=R3
2026-07-26 18:46:26.040 [R3FreeEndLeafSelection] ArcSegmentId=2223, CandidateCount=2, Candidates=SegmentId=2211, GroupId=1, IsSameGroup=true, LengthMm=630.0, ConnectDistMm=35.0, ArcFreeEnd=(51402.3,46474.9,0.0), LeafFreeEnd=(51997.3,46474.9,0.0), CandidateWidthMm=595.0 | SegmentId=2217, GroupId=1, IsSameGroup=true, LengthMm=630.0, ConnectDistMm=0.0, ArcFreeEnd=(51402.3,46474.9,0.0), LeafFreeEnd=(52032.3,46474.9,0.0), CandidateWidthMm=630.0, SelectedLeafSegmentId=2211, ArcConnectedEnd=(52032.3,45844.9,0.0), ArcFreeEnd=(51402.3,46474.9,0.0), LeafConnectedEnd=(51997.3,45844.9,0.0), LeafFreeEnd=(51997.3,46474.9,0.0), OpeningWidthMm=595.0
2026-07-26 18:46:26.040 [DoorRoutePreferredHostWallBinding] ComponentId=23, Rule=R3, CandidateRuleSource=R3, PreferredWallId=1589148, SourceWallSegmentId=-2000004, ArcSegmentId=2223, LeafSegmentId=2211, PreferredHostPoint=(169.619,152.477,0.000)
2026-07-26 18:46:26.042 [DoorRouteCandidate] ComponentId=23, RuleSource=R3, DoorKind=Single, OpeningCenter=(169.619,152.477,0.000), OpeningDir=(1.0000,0.0000,0.0000), OpeningWidthMm=595.0
2026-07-26 18:46:26.046 [DoorPreferredHostWallMatched] CandidateId=0, RuleSource=R3D, PreferredWallId=1589150, Anchor=(98.735,79.015,0.000), ProjectedPoint=(98.735,78.675,0.000), DistToWallMm=103.9
2026-07-26 18:46:26.046 [DoorPreferredHostWallMatched] CandidateId=0, RuleSource=R3D, PreferredWallId=1589151, Anchor=(61.287,79.491,0.000), ProjectedPoint=(61.287,79.150,0.000), DistToWallMm=103.9
2026-07-26 18:46:26.046 [DoorPreferredHostWallMatched] CandidateId=0, RuleSource=R3D, PreferredWallId=1589202, Anchor=(112.679,101.219,0.000), ProjectedPoint=(112.679,100.951,0.000), DistToWallMm=81.7
2026-07-26 18:46:26.047 [DoorPreferredHostWallMatched] CandidateId=0, RuleSource=R3D, PreferredWallId=1589183, Anchor=(95.883,141.717,0.000), ProjectedPoint=(95.538,141.717,0.000), DistToWallMm=105.1
2026-07-26 18:46:26.047 [DoorPreferredHostWallMatched] CandidateId=0, RuleSource=R3D, PreferredWallId=1589164, Anchor=(53.646,129.572,0.000), ProjectedPoint=(53.646,129.232,0.000), DistToWallMm=103.5
2026-07-26 18:46:26.047 [DoorPreferredHostWallMatched] CandidateId=0, RuleSource=R3D, PreferredWallId=1589187, Anchor=(163.625,129.541,0.000), ProjectedPoint=(163.976,129.541,0.000), DistToWallMm=107.1
2026-07-26 18:46:26.048 [DoorPreferredHostWallMatched] CandidateId=0, RuleSource=R3D, PreferredWallId=1589152, Anchor=(125.741,115.974,0.000), ProjectedPoint=(125.741,115.650,0.000), DistToWallMm=98.9
2026-07-26 18:46:26.048 [DoorPreferredHostWallMatched] CandidateId=0, RuleSource=R3, PreferredWallId=1589229, Anchor=(202.480,116.092,0.000), ProjectedPoint=(202.480,115.797,0.000), DistToWallMm=89.9
2026-07-26 18:46:26.048 [DoorPreferredHostWallMatched] CandidateId=0, RuleSource=R3, PreferredWallId=1589169, Anchor=(181.110,113.681,0.000), ProjectedPoint=(181.217,113.681,0.000), DistToWallMm=32.7
2026-07-26 18:46:26.049 [DoorPreferredHostWallMatched] CandidateId=0, RuleSource=R3, PreferredWallId=1589176, Anchor=(171.555,104.043,0.000), ProjectedPoint=(171.555,104.150,0.000), DistToWallMm=32.6
2026-07-26 18:46:26.049 [DoorPreferredHostWallMatched] CandidateId=0, RuleSource=R3, PreferredWallId=1589177, Anchor=(171.555,111.967,0.000), ProjectedPoint=(171.555,111.860,0.000), DistToWallMm=32.4
2026-07-26 18:46:26.049 [DoorPreferredHostWallMatched] CandidateId=0, RuleSource=R3, PreferredWallId=1589182, Anchor=(175.688,115.854,0.000), ProjectedPoint=(175.688,115.748,0.000), DistToWallMm=32.4
2026-07-26 18:46:26.050 [DoorPreferredHostWallMatched] CandidateId=0, RuleSource=R3D, PreferredWallId=1589174, Anchor=(188.950,115.909,0.000), ProjectedPoint=(188.950,115.748,0.000), DistToWallMm=49.1
2026-07-26 18:46:26.050 [DoorPreferredHostWallMatched] CandidateId=0, RuleSource=R3, PreferredWallId=1589166, Anchor=(192.268,105.717,0.000), ProjectedPoint=(192.159,105.717,0.000), DistToWallMm=33.3
2026-07-26 18:46:26.050 [DoorPreferredHostWallMatched] CandidateId=0, RuleSource=R3, PreferredWallId=1589167, Anchor=(181.110,93.906,0.000), ProjectedPoint=(181.217,93.906,0.000), DistToWallMm=32.7
2026-07-26 18:46:26.051 [DoorPreferredHostWallMatched] CandidateId=0, RuleSource=R3, PreferredWallId=1589180, Anchor=(192.268,109.801,0.000), ProjectedPoint=(192.159,109.801,0.000), DistToWallMm=33.3
2026-07-26 18:46:26.051 [DoorPreferredHostWallMatched] CandidateId=0, RuleSource=R3, PreferredWallId=1589147, Anchor=(172.982,152.477,0.000), ProjectedPoint=(172.982,152.575,0.000), DistToWallMm=30.1
2026-07-26 18:46:26.051 [DoorPreferredHostWallMatched] CandidateId=0, RuleSource=R3, PreferredWallId=1589149, Anchor=(190.394,64.025,0.000), ProjectedPoint=(190.394,64.173,0.000), DistToWallMm=45.1
2026-07-26 18:46:26.051 [DoorPreferredHostWallMatched] CandidateId=0, RuleSource=R3, PreferredWallId=1589210, Anchor=(165.903,146.965,0.000), ProjectedPoint=(165.903,146.883,0.000), DistToWallMm=24.9
2026-07-26 18:46:26.055 [DoorPreferredHostWallMatched] CandidateId=0, RuleSource=R3D, PreferredWallId=1589173, Anchor=(188.950,123.964,0.000), ProjectedPoint=(188.950,123.671,0.000), DistToWallMm=89.1
2026-07-26 18:46:26.056 [DoorPreferredHostWallMatched] CandidateId=0, RuleSource=R3, PreferredWallId=1589170, Anchor=(192.268,129.864,0.000), ProjectedPoint=(192.159,129.864,0.000), DistToWallMm=33.3
2026-07-26 18:46:26.056 [DoorPreferredHostWallMatched] CandidateId=0, RuleSource=R3, PreferredWallId=1589148, Anchor=(169.619,152.477,0.000), ProjectedPoint=(169.619,152.575,0.000), DistToWallMm=30.1
2026-07-26 18:46:26.063 [DoorStats] Layer=ADA315_H, DoorSegments=349, ArcSegments=33, RuleR3=13, RuleR1=0, RuleR2=0, Candidates=23
2026-07-26 18:46:26.077 [DoorR3DDirectHostPath] CandidateId=1, Rule=R3D, PreferredHostWallId=1589150
2026-07-26 18:46:26.082 [DoorPreferredHostWallMatched] CandidateId=1, Rule=R3D, PreferredWallId=1589150, PreferredPoint=(30094.3,24083.9,0.0), ProjectedPoint=(30094.3,23980.0,0.0), DistMm=103.9
2026-07-26 18:46:26.087 [DoorBaseSymbolSelect] CandidateId=1, NeedsDoubleDoor=True, ConfiguredSymbol=900 x 2000mm, SelectedSymbol=900 x 2000mm
2026-07-26 18:46:26.452 [DoorRegen] AfterTypePrepared=True
2026-07-26 18:46:26.453 [DoorTypePrepared] CandidateId=1, BaseSymbolName=900 x 2000mm, TargetWidthMm=2060.6, TargetHeightMm=2100.0, FinalSymbolName=900 x 2000mm_W2061_H2100, FinalSymbolId=1590459
2026-07-26 18:46:26.650 [DoorRegen] AfterInstanceCreated=True
2026-07-26 18:46:26.652 [DoorVertical] CandidateId=1, DoorHeightMm=2100.0, DoorSillHeightMm=0.0, SillHeightApplied=False, HeadHeightApplied=False, DoorHeadHeightMm not used in current mode
2026-07-26 18:46:26.652 [DoorRegen] AfterInstanceParams=True
2026-07-26 18:46:26.654 [DoorFinalState] DoorId=1590461, CandidateId=1, HostWallId=1589150, HostIsWall=True, FinalSymbolName=900 x 2000mm_W2061_H2100, FinalWidthMm=2060.6, FinalHeightMm=2100.0
2026-07-26 18:46:26.654 [DoorCreate] Layer=, CandidateId=1, DoorKind=Double, CombinedWidthMm=2060.6, LeftEdgePoint=(29064.1,24096.7,0.0), RightEdgePoint=(31124.5,24071.0,0.0), HostWallId=1589150, WidthSource=Combined, WidthWriteTarget=FinalTypePreResolved, OpeningWidthMm=2060.6, OpeningCenter=(30094.3,24083.9,0.0), PlacementSource=OpeningBaseCenter, FinalPlacementPoint=(30094.3,23980.0,0.0), FinalWidthMmRequested=2060.6, FinalWidthMmApplied=2060.6, WidthWriteSuccess=True, HeightMmRequested=2100.0, DoorSillHeightMm=0.0, DoorHeadHeightMmNotUsed=True, FinalHeightMmApplied=2100.0
2026-07-26 18:46:26.680 [DoorR3DDirectHostPath] CandidateId=2, Rule=R3D, PreferredHostWallId=1589151
2026-07-26 18:46:26.681 [DoorPreferredHostWallMatched] CandidateId=2, Rule=R3D, PreferredWallId=1589151, PreferredPoint=(18680.2,24228.9,0.0), ProjectedPoint=(18680.2,24125.0,0.0), DistMm=103.9
2026-07-26 18:46:26.694 [DoorRegen] AfterInstanceCreated=True
2026-07-26 18:46:26.695 [DoorVertical] CandidateId=2, DoorHeightMm=2100.0, DoorSillHeightMm=0.0, SillHeightApplied=False, HeadHeightApplied=False, DoorHeadHeightMm not used in current mode
2026-07-26 18:46:26.695 [DoorRegen] AfterInstanceParams=True
2026-07-26 18:46:26.696 [DoorFinalState] DoorId=1590463, CandidateId=2, HostWallId=1589151, HostIsWall=True, FinalSymbolName=900 x 2000mm_W2061_H2100, FinalWidthMm=2060.6, FinalHeightMm=2100.0
2026-07-26 18:46:26.696 [DoorCreate] Layer=, CandidateId=2, DoorKind=Double, CombinedWidthMm=2060.6, LeftEdgePoint=(17649.9,24241.8,0.0), RightEdgePoint=(19710.4,24216.1,0.0), HostWallId=1589151, WidthSource=Combined, WidthWriteTarget=FinalTypePreResolved, OpeningWidthMm=2060.6, OpeningCenter=(18680.2,24228.9,0.0), PlacementSource=OpeningBaseCenter, FinalPlacementPoint=(18680.2,24125.0,0.0), FinalWidthMmRequested=2060.6, FinalWidthMmApplied=2060.6, WidthWriteSuccess=True, HeightMmRequested=2100.0, DoorSillHeightMm=0.0, DoorHeadHeightMmNotUsed=True, FinalHeightMmApplied=2100.0
2026-07-26 18:46:26.709 [DoorR3DDirectHostPath] CandidateId=3, Rule=R3D, PreferredHostWallId=1589202
2026-07-26 18:46:26.710 [DoorPreferredHostWallMatched] CandidateId=3, Rule=R3D, PreferredWallId=1589202, PreferredPoint=(34344.7,30851.7,0.0), ProjectedPoint=(34344.7,30770.0,0.0), DistMm=81.7
2026-07-26 18:46:26.888 [DoorRegen] AfterInstanceCreated=True
2026-07-26 18:46:26.888 [DoorVertical] CandidateId=3, DoorHeightMm=2100.0, DoorSillHeightMm=0.0, SillHeightApplied=False, HeadHeightApplied=False, DoorHeadHeightMm not used in current mode
2026-07-26 18:46:26.889 [DoorRegen] AfterInstanceParams=True
2026-07-26 18:46:26.889 [DoorFinalState] DoorId=1590464, CandidateId=3, HostWallId=1589202, HostIsWall=True, FinalSymbolName=900 x 2000mm_W2061_H2100, FinalWidthMm=2060.6, FinalHeightMm=2100.0
2026-07-26 18:46:26.889 [DoorCreate] Layer=, CandidateId=3, DoorKind=Double, CombinedWidthMm=2060.6, LeftEdgePoint=(33314.4,30864.5,0.0), RightEdgePoint=(35374.9,30838.8,0.0), HostWallId=1589202, WidthSource=Combined, WidthWriteTarget=FinalTypePreResolved, OpeningWidthMm=2060.6, OpeningCenter=(34344.7,30851.7,0.0), PlacementSource=OpeningBaseCenter, FinalPlacementPoint=(34344.7,30770.0,0.0), FinalWidthMmRequested=2060.6, FinalWidthMmApplied=2060.6, WidthWriteSuccess=True, HeightMmRequested=2100.0, DoorSillHeightMm=0.0, DoorHeadHeightMmNotUsed=True, FinalHeightMmApplied=2100.0
2026-07-26 18:46:26.904 [DoorR3DDirectHostPath] CandidateId=4, Rule=R3D, PreferredHostWallId=1589183
2026-07-26 18:46:26.904 [DoorPreferredHostWallMatched] CandidateId=4, Rule=R3D, PreferredWallId=1589183, PreferredPoint=(29225.1,43195.4,0.0), ProjectedPoint=(29120.0,43195.4,0.0), DistMm=105.1
2026-07-26 18:46:27.149 [DoorRegen] AfterTypePrepared=True
2026-07-26 18:46:27.149 [DoorTypePrepared] CandidateId=4, BaseSymbolName=900 x 2000mm, TargetWidthMm=2064.9, TargetHeightMm=2100.0, FinalSymbolName=900 x 2000mm_W2065_H2100, FinalSymbolId=1590466
2026-07-26 18:46:27.328 [DoorRegen] AfterInstanceCreated=True
2026-07-26 18:46:27.328 [DoorVertical] CandidateId=4, DoorHeightMm=2100.0, DoorSillHeightMm=0.0, SillHeightApplied=False, HeadHeightApplied=False, DoorHeadHeightMm not used in current mode
2026-07-26 18:46:27.329 [DoorRegen] AfterInstanceParams=True
2026-07-26 18:46:27.329 [DoorFinalState] DoorId=1590468, CandidateId=4, HostWallId=1589183, HostIsWall=True, FinalSymbolName=900 x 2000mm_W2065_H2100, FinalWidthMm=2064.9, FinalHeightMm=2100.0
2026-07-26 18:46:27.329 [DoorCreate] Layer=, CandidateId=4, DoorKind=Double, CombinedWidthMm=2064.9, LeftEdgePoint=(29225.1,42162.9,0.0), RightEdgePoint=(29225.1,44227.8,0.0), HostWallId=1589183, WidthSource=Combined, WidthWriteTarget=FinalTypePreResolved, OpeningWidthMm=2064.9, OpeningCenter=(29225.1,43195.4,0.0), PlacementSource=OpeningBaseCenter, FinalPlacementPoint=(29120.0,43195.4,0.0), FinalWidthMmRequested=2064.9, FinalWidthMmApplied=2064.9, WidthWriteSuccess=True, HeightMmRequested=2100.0, DoorSillHeightMm=0.0, DoorHeadHeightMmNotUsed=True, FinalHeightMmApplied=2100.0
2026-07-26 18:46:27.346 [DoorR3DDirectHostPath] CandidateId=5, Rule=R3D, PreferredHostWallId=1589164
2026-07-26 18:46:27.347 [DoorPreferredHostWallMatched] CandidateId=5, Rule=R3D, PreferredWallId=1589164, PreferredPoint=(16351.2,39493.5,0.0), ProjectedPoint=(16351.2,39390.0,0.0), DistMm=103.5
2026-07-26 18:46:27.529 [DoorRegen] AfterInstanceCreated=True
2026-07-26 18:46:27.529 [DoorVertical] CandidateId=5, DoorHeightMm=2100.0, DoorSillHeightMm=0.0, SillHeightApplied=False, HeadHeightApplied=False, DoorHeadHeightMm not used in current mode
2026-07-26 18:46:27.530 [DoorRegen] AfterInstanceParams=True
2026-07-26 18:46:27.530 [DoorFinalState] DoorId=1590470, CandidateId=5, HostWallId=1589164, HostIsWall=True, FinalSymbolName=900 x 2000mm_W2061_H2100, FinalWidthMm=2060.6, FinalHeightMm=2100.0
2026-07-26 18:46:27.530 [DoorCreate] Layer=, CandidateId=5, DoorKind=Double, CombinedWidthMm=2060.6, LeftEdgePoint=(15320.9,39506.3,0.0), RightEdgePoint=(17381.4,39480.6,0.0), HostWallId=1589164, WidthSource=Combined, WidthWriteTarget=FinalTypePreResolved, OpeningWidthMm=2060.6, OpeningCenter=(16351.2,39493.5,0.0), PlacementSource=OpeningBaseCenter, FinalPlacementPoint=(16351.2,39390.0,0.0), FinalWidthMmRequested=2060.6, FinalWidthMmApplied=2060.6, WidthWriteSuccess=True, HeightMmRequested=2100.0, DoorSillHeightMm=0.0, DoorHeadHeightMmNotUsed=True, FinalHeightMmApplied=2100.0
2026-07-26 18:46:27.543 [DoorR3DDirectHostPath] CandidateId=6, Rule=R3D, PreferredHostWallId=1589187
2026-07-26 18:46:27.543 [DoorPreferredHostWallMatched] CandidateId=6, Rule=R3D, PreferredWallId=1589187, PreferredPoint=(49872.9,39484.2,0.0), ProjectedPoint=(49980.0,39484.2,0.0), DistMm=107.1
2026-07-26 18:46:27.721 [DoorRegen] AfterInstanceCreated=True
2026-07-26 18:46:27.722 [DoorVertical] CandidateId=6, DoorHeightMm=2100.0, DoorSillHeightMm=0.0, SillHeightApplied=False, HeadHeightApplied=False, DoorHeadHeightMm not used in current mode
2026-07-26 18:46:27.722 [DoorRegen] AfterInstanceParams=True
2026-07-26 18:46:27.722 [DoorFinalState] DoorId=1590472, CandidateId=6, HostWallId=1589187, HostIsWall=True, FinalSymbolName=900 x 2000mm_W2065_H2100, FinalWidthMm=2064.9, FinalHeightMm=2100.0
2026-07-26 18:46:27.722 [DoorCreate] Layer=, CandidateId=6, DoorKind=Double, CombinedWidthMm=2064.9, LeftEdgePoint=(49872.9,40516.6,0.0), RightEdgePoint=(49872.9,38451.7,0.0), HostWallId=1589187, WidthSource=Combined, WidthWriteTarget=FinalTypePreResolved, OpeningWidthMm=2064.9, OpeningCenter=(49872.9,39484.2,0.0), PlacementSource=OpeningBaseCenter, FinalPlacementPoint=(49980.0,39484.2,0.0), FinalWidthMmRequested=2064.9, FinalWidthMmApplied=2064.9, WidthWriteSuccess=True, HeightMmRequested=2100.0, DoorSillHeightMm=0.0, DoorHeadHeightMmNotUsed=True, FinalHeightMmApplied=2100.0
2026-07-26 18:46:27.737 [DoorR3DDirectHostPath] CandidateId=7, Rule=R3D, PreferredHostWallId=1589152
2026-07-26 18:46:27.737 [DoorPreferredHostWallMatched] CandidateId=7, Rule=R3D, PreferredWallId=1589152, PreferredPoint=(38325.8,35348.9,0.0), ProjectedPoint=(38325.8,35250.0,0.0), DistMm=98.9
2026-07-26 18:46:27.745 [DoorRegen] AfterInstanceCreated=True
2026-07-26 18:46:27.745 [DoorVertical] CandidateId=7, DoorHeightMm=2100.0, DoorSillHeightMm=0.0, SillHeightApplied=False, HeadHeightApplied=False, DoorHeadHeightMm not used in current mode
2026-07-26 18:46:27.746 [DoorRegen] AfterInstanceParams=True
2026-07-26 18:46:27.746 [DoorFinalState] DoorId=1590474, CandidateId=7, HostWallId=1589152, HostIsWall=True, FinalSymbolName=900 x 2000mm_W2061_H2100, FinalWidthMm=2060.6, FinalHeightMm=2100.0
2026-07-26 18:46:27.746 [DoorCreate] Layer=, CandidateId=7, DoorKind=Double, CombinedWidthMm=2060.6, LeftEdgePoint=(37295.6,35361.7,0.0), RightEdgePoint=(39356.1,35336.0,0.0), HostWallId=1589152, WidthSource=Combined, WidthWriteTarget=FinalTypePreResolved, OpeningWidthMm=2060.6, OpeningCenter=(38325.8,35348.9,0.0), PlacementSource=OpeningBaseCenter, FinalPlacementPoint=(38325.8,35250.0,0.0), FinalWidthMmRequested=2060.6, FinalWidthMmApplied=2060.6, WidthWriteSuccess=True, HeightMmRequested=2100.0, DoorSillHeightMm=0.0, DoorHeadHeightMmNotUsed=True, FinalHeightMmApplied=2100.0
2026-07-26 18:46:27.759 [DoorR3DDirectHostPath] CandidateId=8, Rule=R3D, PreferredHostWallId=1589174
2026-07-26 18:46:27.759 [DoorPreferredHostWallMatched] CandidateId=8, Rule=R3D, PreferredWallId=1589174, PreferredPoint=(57591.9,35329.1,0.0), ProjectedPoint=(57591.9,35280.0,0.0), DistMm=49.1
2026-07-26 18:46:28.010 [DoorRegen] AfterTypePrepared=True
2026-07-26 18:46:28.011 [DoorTypePrepared] CandidateId=8, BaseSymbolName=900 x 2000mm, TargetWidthMm=1402.0, TargetHeightMm=2100.0, FinalSymbolName=900 x 2000mm_W1402_H2100, FinalSymbolId=1590475
2026-07-26 18:46:28.189 [DoorRegen] AfterInstanceCreated=True
2026-07-26 18:46:28.189 [DoorVertical] CandidateId=8, DoorHeightMm=2100.0, DoorSillHeightMm=0.0, SillHeightApplied=False, HeadHeightApplied=False, DoorHeadHeightMm not used in current mode
2026-07-26 18:46:28.190 [DoorRegen] AfterInstanceParams=True
2026-07-26 18:46:28.192 [DoorFinalState] DoorId=1590477, CandidateId=8, HostWallId=1589174, HostIsWall=True, FinalSymbolName=900 x 2000mm_W1402_H2100, FinalWidthMm=1402.0, FinalHeightMm=2100.0
2026-07-26 18:46:28.192 [DoorCreate] Layer=, CandidateId=8, DoorKind=Double, CombinedWidthMm=1402.0, LeftEdgePoint=(56891.0,35337.8,0.0), RightEdgePoint=(58292.9,35320.4,0.0), HostWallId=1589174, WidthSource=Combined, WidthWriteTarget=FinalTypePreResolved, OpeningWidthMm=1402.0, OpeningCenter=(57591.9,35329.1,0.0), PlacementSource=OpeningBaseCenter, FinalPlacementPoint=(57591.9,35280.0,0.0), FinalWidthMmRequested=1402.0, FinalWidthMmApplied=1402.0, WidthWriteSuccess=True, HeightMmRequested=2100.0, DoorSillHeightMm=0.0, DoorHeadHeightMmNotUsed=True, FinalHeightMmApplied=2100.0
2026-07-26 18:46:28.205 [DoorR3DDirectHostPath] CandidateId=9, Rule=R3D, PreferredHostWallId=1589173
2026-07-26 18:46:28.206 [DoorPreferredHostWallMatched] CandidateId=9, Rule=R3D, PreferredWallId=1589173, PreferredPoint=(57591.9,37784.1,0.0), ProjectedPoint=(57591.9,37695.0,0.0), DistMm=89.1
2026-07-26 18:46:28.214 [DoorRegen] AfterInstanceCreated=True
2026-07-26 18:46:28.214 [DoorVertical] CandidateId=9, DoorHeightMm=2100.0, DoorSillHeightMm=0.0, SillHeightApplied=False, HeadHeightApplied=False, DoorHeadHeightMm not used in current mode
2026-07-26 18:46:28.215 [DoorRegen] AfterInstanceParams=True
2026-07-26 18:46:28.215 [DoorFinalState] DoorId=1590479, CandidateId=9, HostWallId=1589173, HostIsWall=True, FinalSymbolName=900 x 2000mm_W1402_H2100, FinalWidthMm=1402.0, FinalHeightMm=2100.0
2026-07-26 18:46:28.215 [DoorCreate] Layer=, CandidateId=9, DoorKind=Double, CombinedWidthMm=1402.0, LeftEdgePoint=(56891.0,37792.8,0.0), RightEdgePoint=(58292.9,37775.4,0.0), HostWallId=1589173, WidthSource=Combined, WidthWriteTarget=FinalTypePreResolved, OpeningWidthMm=1402.0, OpeningCenter=(57591.9,37784.1,0.0), PlacementSource=OpeningBaseCenter, FinalPlacementPoint=(57591.9,37695.0,0.0), FinalWidthMmRequested=1402.0, FinalWidthMmApplied=1402.0, WidthWriteSuccess=True, HeightMmRequested=2100.0, DoorSillHeightMm=0.0, DoorHeadHeightMmNotUsed=True, FinalHeightMmApplied=2100.0
2026-07-26 18:46:28.237 [R3BPatchContextResolved] CandidateId=23, LeftWallId=1589276, RightWallId=1589277, ReferenceWallId=1589276, LeftWallLengthMm=295.0, RightWallLengthMm=155.0, LeftEndDistMm=162.6, RightEndDistMm=145.2, LeftPerpDistMm=40.0, RightPerpDistMm=130.0, PairSpanMm=1612.5, AlignmentShiftMm=40.0, CenterSnapLimitMm=80.0, UsedProjectedCenter=True
2026-07-26 18:46:28.239 [R3BAlignedPatch] CandidateId=23, OpeningCenter=(188.861,58.591,0.000), PatchCenter=(188.730,58.591,0.000), OpeningDir=(0.0000,-1.0000,0.0000), OpeningWidthMm=1387.5, PatchWallLengthMm=1627.5, ReferenceWallId=1589276, LeftWallId=1589276, RightWallId=1589277, LeftWallLengthMm=295.0, RightWallLengthMm=155.0, PairSpanMm=1612.5, PatchStart=(188.730,61.413,0.000), PatchEnd=(188.730,56.074,0.000)
2026-07-26 18:46:28.242 [R3BPatchWallType] RuleSource=R3BD, TemplateWallId=1589276, TemplateWallThicknessMm=200.0, OriginalWallTypeName=Generic - 100mm_Custom_200mm, FinalPatchWallTypeName=Generic - 100mm_Custom_200mm, FinalPatchWallThicknessMm=200.0, UsedMinPatchRule=False
2026-07-26 18:46:28.278 [R3BPatchCreateFailureIntercept] Severity=Warning, Id=988a6cb2-7050-4a5c-a946-60d652df66c3, Text=Highlighted walls overlap. One of them may be ignored when Revit finds room boundaries. Use Cut Geometry to embed one wall within the other.
2026-07-26 18:46:28.279 [R3BPatchCreateFailureIntercept] Severity=Warning, Id=988a6cb2-7050-4a5c-a946-60d652df66c3, Text=Highlighted walls overlap. One of them may be ignored when Revit finds room boundaries. Use Cut Geometry to embed one wall within the other.
2026-07-26 18:46:28.299 [R3BPatchWallSafety] RuleSource=R3BD, CandidateId=23, OpeningWidthMm=1387.5, PatchWallLengthMm=1627.5, PatchSafetyMarginPerSideMm=120.0, PatchMinimumDoorEdgeClearanceMm=120.0, PatchWallId=1590480, PatchWallTypeName=Generic - 100mm_Custom_200mm, PatchWallThicknessMm=200.0
2026-07-26 18:46:28.299 [R3BPatchWallJoinControl] RuleSource=R3BD, CandidateId=23, PatchWallId=1590480, JoinEnd0Disabled=False, JoinEnd1Disabled=False
2026-07-26 18:46:28.303 [R3BMinimalPatchDoorAttempt] CandidateId=23, PatchWallId=1590480, RetryOffsetMm=0.0, PlacementPoint=(188.730,58.591,0.000), RequestedDoorWidthMm=1387.5, CombinedWidthMm=1387.5, PatchWallLengthMm=1627.5, RequestedDoorHeightMm=2100.0, DistToPatchStartMm=860.2, DistToPatchEndMm=767.3
2026-07-26 18:46:28.569 [DoorRegen] AfterTypePrepared=True
2026-07-26 18:46:28.570 [DoorTypePrepared] CandidateId=23, BaseSymbolName=900 x 2000mm, TargetWidthMm=1387.5, TargetHeightMm=2100.0, FinalSymbolName=900 x 2000mm_W1388_H2100, FinalSymbolId=1590483
2026-07-26 18:46:28.784 [DoorRegen] AfterInstanceCreated=True
2026-07-26 18:46:28.784 [DoorVertical] CandidateId=23, DoorHeightMm=2100.0, DoorSillHeightMm=0.0, SillHeightApplied=False, HeadHeightApplied=False, DoorHeadHeightMm not used in current mode
2026-07-26 18:46:28.785 [DoorRegen] AfterInstanceParams=True
2026-07-26 18:46:28.785 [DoorFinalState] DoorId=1590485, CandidateId=23, HostWallId=1590480, HostIsWall=True, FinalSymbolName=900 x 2000mm_W1388_H2100, FinalWidthMm=1387.5, FinalHeightMm=2100.0
2026-07-26 18:46:28.786 [DoorCreate] Layer=Distance or projection out of tolerance., CandidateId=23, DoorKind=Double, CombinedWidthMm=1387.5, LeftEdgePoint=(57565.0,18552.3,0.0), RightEdgePoint=(57565.0,17164.8,0.0), HostWallId=1590480, WidthSource=Combined, WidthWriteTarget=FinalTypePreResolved, OpeningWidthMm=1387.5, OpeningCenter=(57565.0,17858.6,0.0), PlacementSource=OpeningBaseCenter, FinalPlacementPoint=(57525.0,17858.6,0.0), FinalWidthMmRequested=1387.5, FinalWidthMmApplied=1387.5, WidthWriteSuccess=True, HeightMmRequested=2100.0, DoorSillHeightMm=0.0, DoorHeadHeightMmNotUsed=True, FinalHeightMmApplied=2100.0
2026-07-26 18:46:28.786 [R3BMinimalPatchDoorState] Stage=BeforeCommit, CandidateId=23, DoorId=1590485, Exists=True, PlacementPoint=(188.730,58.591,0.000), CombinedWidthMm=1387.5, PatchWallLengthMm=1627.5, DistToPatchStartMm=860.2, DistToPatchEndMm=767.3
2026-07-26 18:46:28.823 [R3BMinimalPatchDoorState] Stage=AfterCommit, CandidateId=23, DoorId=1590485, DoorTxStatus=Committed, Exists=True, PlacementPoint=(188.730,58.591,0.000), CombinedWidthMm=1387.5, PatchWallLengthMm=1627.5, DistToPatchStartMm=860.2, DistToPatchEndMm=767.3
2026-07-26 18:46:28.824 [R3BTrackingLink] CandidateId=23, RuleSource=R3BD, PatchWallId=1590480, DoorId=1590485
2026-07-26 18:46:28.824 [DoorPreferredHostWallMatched] CandidateId=10, Rule=R3, PreferredWallId=1589229, PreferredPoint=(61715.8,35384.9,0.0), ProjectedPoint=(61715.8,35295.0,0.0), DistMm=89.9
2026-07-26 18:46:29.121 [DoorRegen] AfterTypePrepared=True
2026-07-26 18:46:29.121 [DoorTypePrepared] CandidateId=10, BaseSymbolName=900 x 2000mm, TargetWidthMm=765.0, TargetHeightMm=2100.0, FinalSymbolName=900 x 2000mm_W765_H2100, FinalSymbolId=1590487
2026-07-26 18:46:29.122 [DoorPlacement] CandidateId=10, Rule=R3, WidthSource=VirtualOpening, PlacementSource=OpeningBaseCenter, WidthMm=765.0, DeltaAlongWallMm=427.5
2026-07-26 18:46:29.335 [DoorRegen] AfterInstanceCreated=True
2026-07-26 18:46:29.336 [DoorVertical] CandidateId=10, DoorHeightMm=2100.0, DoorSillHeightMm=0.0, SillHeightApplied=False, HeadHeightApplied=False, DoorHeadHeightMm not used in current mode
2026-07-26 18:46:29.336 [DoorRegen] AfterInstanceParams=True
2026-07-26 18:46:29.336 [DoorFinalState] DoorId=1590489, CandidateId=10, HostWallId=1589229, HostIsWall=True, FinalSymbolName=900 x 2000mm_W765_H2100, FinalWidthMm=765.0, FinalHeightMm=2100.0
2026-07-26 18:46:29.337 [DoorCreate] Layer=, CandidateId=10, DoorKind=Single, CombinedWidthMm=0.0, LeftEdgePoint=, RightEdgePoint=, HostWallId=1589229, WidthSource=VirtualOpening, WidthWriteTarget=FinalTypePreResolved, OpeningWidthMm=765.0, OpeningCenter=(61715.8,35384.9,0.0), PlacementSource=OpeningBaseCenter, FinalPlacementPoint=(61715.8,35295.0,0.0), FinalWidthMmRequested=765.0, FinalWidthMmApplied=765.0, WidthWriteSuccess=True, HeightMmRequested=2100.0, DoorSillHeightMm=0.0, DoorHeadHeightMmNotUsed=True, FinalHeightMmApplied=2100.0
2026-07-26 18:46:29.356 [DoorPreferredHostWallMatched] CandidateId=11, Rule=R3, PreferredWallId=1589169, PreferredPoint=(55202.3,34649.9,0.0), ProjectedPoint=(55235.0,34649.9,0.0), DistMm=32.7
2026-07-26 18:46:29.357 [DoorPlacement] CandidateId=11, Rule=R3, WidthSource=VirtualOpening, PlacementSource=OpeningBaseCenter, WidthMm=765.0, DeltaAlongWallMm=427.5
2026-07-26 18:46:29.568 [DoorRegen] AfterInstanceCreated=True
2026-07-26 18:46:29.568 [DoorVertical] CandidateId=11, DoorHeightMm=2100.0, DoorSillHeightMm=0.0, SillHeightApplied=False, HeadHeightApplied=False, DoorHeadHeightMm not used in current mode
2026-07-26 18:46:29.569 [DoorRegen] AfterInstanceParams=True
2026-07-26 18:46:29.569 [DoorFinalState] DoorId=1590491, CandidateId=11, HostWallId=1589169, HostIsWall=True, FinalSymbolName=900 x 2000mm_W765_H2100, FinalWidthMm=765.0, FinalHeightMm=2100.0
2026-07-26 18:46:29.569 [DoorCreate] Layer=, CandidateId=11, DoorKind=Single, CombinedWidthMm=0.0, LeftEdgePoint=, RightEdgePoint=, HostWallId=1589169, WidthSource=VirtualOpening, WidthWriteTarget=FinalTypePreResolved, OpeningWidthMm=765.0, OpeningCenter=(55202.3,34649.9,0.0), PlacementSource=OpeningBaseCenter, FinalPlacementPoint=(55235.0,34649.9,0.0), FinalWidthMmRequested=765.0, FinalWidthMmApplied=765.0, WidthWriteSuccess=True, HeightMmRequested=2100.0, DoorSillHeightMm=0.0, DoorHeadHeightMmNotUsed=True, FinalHeightMmApplied=2100.0
2026-07-26 18:46:29.586 [DoorPreferredHostWallMatched] CandidateId=12, Rule=R3, PreferredWallId=1589176, PreferredPoint=(52289.8,31712.4,0.0), ProjectedPoint=(52289.8,31745.0,0.0), DistMm=32.6
2026-07-26 18:46:29.586 [DoorPlacement] CandidateId=12, Rule=R3, WidthSource=VirtualOpening, PlacementSource=OpeningBaseCenter, WidthMm=765.0, DeltaAlongWallMm=427.5
2026-07-26 18:46:29.596 [DoorRegen] AfterInstanceCreated=True
2026-07-26 18:46:29.597 [DoorVertical] CandidateId=12, DoorHeightMm=2100.0, DoorSillHeightMm=0.0, SillHeightApplied=False, HeadHeightApplied=False, DoorHeadHeightMm not used in current mode
2026-07-26 18:46:29.597 [DoorRegen] AfterInstanceParams=True
2026-07-26 18:46:29.598 [DoorFinalState] DoorId=1590493, CandidateId=12, HostWallId=1589176, HostIsWall=True, FinalSymbolName=900 x 2000mm_W765_H2100, FinalWidthMm=765.0, FinalHeightMm=2100.0
2026-07-26 18:46:29.598 [DoorCreate] Layer=, CandidateId=12, DoorKind=Single, CombinedWidthMm=0.0, LeftEdgePoint=, RightEdgePoint=, HostWallId=1589176, WidthSource=VirtualOpening, WidthWriteTarget=FinalTypePreResolved, OpeningWidthMm=765.0, OpeningCenter=(52289.8,31712.4,0.0), PlacementSource=OpeningBaseCenter, FinalPlacementPoint=(52289.8,31745.0,0.0), FinalWidthMmRequested=765.0, FinalWidthMmApplied=765.0, WidthWriteSuccess=True, HeightMmRequested=2100.0, DoorSillHeightMm=0.0, DoorHeadHeightMmNotUsed=True, FinalHeightMmApplied=2100.0
2026-07-26 18:46:29.611 [DoorPreferredHostWallMatched] CandidateId=13, Rule=R3, PreferredWallId=1589177, PreferredPoint=(52289.8,34127.4,0.0), ProjectedPoint=(52289.8,34095.0,0.0), DistMm=32.4
2026-07-26 18:46:29.611 [DoorPlacement] CandidateId=13, Rule=R3, WidthSource=VirtualOpening, PlacementSource=OpeningBaseCenter, WidthMm=765.0, DeltaAlongWallMm=427.5
2026-07-26 18:46:29.621 [DoorRegen] AfterInstanceCreated=True
2026-07-26 18:46:29.621 [DoorVertical] CandidateId=13, DoorHeightMm=2100.0, DoorSillHeightMm=0.0, SillHeightApplied=False, HeadHeightApplied=False, DoorHeadHeightMm not used in current mode
2026-07-26 18:46:29.621 [DoorRegen] AfterInstanceParams=True
2026-07-26 18:46:29.622 [DoorFinalState] DoorId=1590494, CandidateId=13, HostWallId=1589177, HostIsWall=True, FinalSymbolName=900 x 2000mm_W765_H2100, FinalWidthMm=765.0, FinalHeightMm=2100.0
2026-07-26 18:46:29.622 [DoorCreate] Layer=, CandidateId=13, DoorKind=Single, CombinedWidthMm=0.0, LeftEdgePoint=, RightEdgePoint=, HostWallId=1589177, WidthSource=VirtualOpening, WidthWriteTarget=FinalTypePreResolved, OpeningWidthMm=765.0, OpeningCenter=(52289.8,34127.4,0.0), PlacementSource=OpeningBaseCenter, FinalPlacementPoint=(52289.8,34095.0,0.0), FinalWidthMmRequested=765.0, FinalWidthMmApplied=765.0, WidthWriteSuccess=True, HeightMmRequested=2100.0, DoorSillHeightMm=0.0, DoorHeadHeightMmNotUsed=True, FinalHeightMmApplied=2100.0
2026-07-26 18:46:29.635 [DoorPreferredHostWallMatched] CandidateId=14, Rule=R3, PreferredWallId=1589182, PreferredPoint=(53549.8,35312.4,0.0), ProjectedPoint=(53549.8,35280.0,0.0), DistMm=32.4
2026-07-26 18:46:29.636 [DoorPlacement] CandidateId=14, Rule=R3, WidthSource=VirtualOpening, PlacementSource=OpeningBaseCenter, WidthMm=765.0, DeltaAlongWallMm=427.5
2026-07-26 18:46:29.644 [DoorRegen] AfterInstanceCreated=True
2026-07-26 18:46:29.645 [DoorVertical] CandidateId=14, DoorHeightMm=2100.0, DoorSillHeightMm=0.0, SillHeightApplied=False, HeadHeightApplied=False, DoorHeadHeightMm not used in current mode
2026-07-26 18:46:29.645 [DoorRegen] AfterInstanceParams=True
2026-07-26 18:46:29.645 [DoorFinalState] DoorId=1590495, CandidateId=14, HostWallId=1589182, HostIsWall=True, FinalSymbolName=900 x 2000mm_W765_H2100, FinalWidthMm=765.0, FinalHeightMm=2100.0
2026-07-26 18:46:29.645 [DoorCreate] Layer=, CandidateId=14, DoorKind=Single, CombinedWidthMm=0.0, LeftEdgePoint=, RightEdgePoint=, HostWallId=1589182, WidthSource=VirtualOpening, WidthWriteTarget=FinalTypePreResolved, OpeningWidthMm=765.0, OpeningCenter=(53549.8,35312.4,0.0), PlacementSource=OpeningBaseCenter, FinalPlacementPoint=(53549.8,35280.0,0.0), FinalWidthMmRequested=765.0, FinalWidthMmApplied=765.0, WidthWriteSuccess=True, HeightMmRequested=2100.0, DoorSillHeightMm=0.0, DoorHeadHeightMmNotUsed=True, FinalHeightMmApplied=2100.0
2026-07-26 18:46:29.659 [DoorPreferredHostWallMatched] CandidateId=15, Rule=R3, PreferredWallId=1589166, PreferredPoint=(58603.3,32222.4,0.0), ProjectedPoint=(58570.0,32222.4,0.0), DistMm=33.3
2026-07-26 18:46:29.660 [DoorPlacement] CandidateId=15, Rule=R3, WidthSource=VirtualOpening, PlacementSource=OpeningBaseCenter, WidthMm=765.0, DeltaAlongWallMm=427.5
2026-07-26 18:46:29.668 [DoorRegen] AfterInstanceCreated=True
2026-07-26 18:46:29.668 [DoorVertical] CandidateId=15, DoorHeightMm=2100.0, DoorSillHeightMm=0.0, SillHeightApplied=False, HeadHeightApplied=False, DoorHeadHeightMm not used in current mode
2026-07-26 18:46:29.669 [DoorRegen] AfterInstanceParams=True
2026-07-26 18:46:29.669 [DoorFinalState] DoorId=1590496, CandidateId=15, HostWallId=1589166, HostIsWall=True, FinalSymbolName=900 x 2000mm_W765_H2100, FinalWidthMm=765.0, FinalHeightMm=2100.0
2026-07-26 18:46:29.669 [DoorCreate] Layer=, CandidateId=15, DoorKind=Single, CombinedWidthMm=0.0, LeftEdgePoint=, RightEdgePoint=, HostWallId=1589166, WidthSource=VirtualOpening, WidthWriteTarget=FinalTypePreResolved, OpeningWidthMm=765.0, OpeningCenter=(58603.3,32222.4,0.0), PlacementSource=OpeningBaseCenter, FinalPlacementPoint=(58570.0,32222.4,0.0), FinalWidthMmRequested=765.0, FinalWidthMmApplied=765.0, WidthWriteSuccess=True, HeightMmRequested=2100.0, DoorSillHeightMm=0.0, DoorHeadHeightMmNotUsed=True, FinalHeightMmApplied=2100.0
2026-07-26 18:46:29.685 [DoorPreferredHostWallMatched] CandidateId=16, Rule=R3, PreferredWallId=1589167, PreferredPoint=(55202.3,28622.4,0.0), ProjectedPoint=(55235.0,28622.4,0.0), DistMm=32.7
2026-07-26 18:46:29.686 [DoorPlacement] CandidateId=16, Rule=R3, WidthSource=VirtualOpening, PlacementSource=OpeningBaseCenter, WidthMm=765.0, DeltaAlongWallMm=427.5
2026-07-26 18:46:29.694 [DoorRegen] AfterInstanceCreated=True
2026-07-26 18:46:29.694 [DoorVertical] CandidateId=16, DoorHeightMm=2100.0, DoorSillHeightMm=0.0, SillHeightApplied=False, HeadHeightApplied=False, DoorHeadHeightMm not used in current mode
2026-07-26 18:46:29.694 [DoorRegen] AfterInstanceParams=True
2026-07-26 18:46:29.695 [DoorFinalState] DoorId=1590497, CandidateId=16, HostWallId=1589167, HostIsWall=True, FinalSymbolName=900 x 2000mm_W765_H2100, FinalWidthMm=765.0, FinalHeightMm=2100.0
2026-07-26 18:46:29.695 [DoorCreate] Layer=, CandidateId=16, DoorKind=Single, CombinedWidthMm=0.0, LeftEdgePoint=, RightEdgePoint=, HostWallId=1589167, WidthSource=VirtualOpening, WidthWriteTarget=FinalTypePreResolved, OpeningWidthMm=765.0, OpeningCenter=(55202.3,28622.4,0.0), PlacementSource=OpeningBaseCenter, FinalPlacementPoint=(55235.0,28622.4,0.0), FinalWidthMmRequested=765.0, FinalWidthMmApplied=765.0, WidthWriteSuccess=True, HeightMmRequested=2100.0, DoorSillHeightMm=0.0, DoorHeadHeightMmNotUsed=True, FinalHeightMmApplied=2100.0
2026-07-26 18:46:29.710 [DoorPreferredHostWallMatched] CandidateId=17, Rule=R3, PreferredWallId=1589180, PreferredPoint=(58603.3,33467.4,0.0), ProjectedPoint=(58570.0,33467.4,0.0), DistMm=33.3
2026-07-26 18:46:29.711 [DoorPlacement] CandidateId=17, Rule=R3, WidthSource=VirtualOpening, PlacementSource=OpeningBaseCenter, WidthMm=765.0, DeltaAlongWallMm=427.5
2026-07-26 18:46:29.719 [DoorRegen] AfterInstanceCreated=True
2026-07-26 18:46:29.720 [DoorVertical] CandidateId=17, DoorHeightMm=2100.0, DoorSillHeightMm=0.0, SillHeightApplied=False, HeadHeightApplied=False, DoorHeadHeightMm not used in current mode
2026-07-26 18:46:29.720 [DoorRegen] AfterInstanceParams=True
2026-07-26 18:46:29.721 [DoorFinalState] DoorId=1590498, CandidateId=17, HostWallId=1589180, HostIsWall=True, FinalSymbolName=900 x 2000mm_W765_H2100, FinalWidthMm=765.0, FinalHeightMm=2100.0
2026-07-26 18:46:29.721 [DoorCreate] Layer=, CandidateId=17, DoorKind=Single, CombinedWidthMm=0.0, LeftEdgePoint=, RightEdgePoint=, HostWallId=1589180, WidthSource=VirtualOpening, WidthWriteTarget=FinalTypePreResolved, OpeningWidthMm=765.0, OpeningCenter=(58603.3,33467.4,0.0), PlacementSource=OpeningBaseCenter, FinalPlacementPoint=(58570.0,33467.4,0.0), FinalWidthMmRequested=765.0, FinalWidthMmApplied=765.0, WidthWriteSuccess=True, HeightMmRequested=2100.0, DoorSillHeightMm=0.0, DoorHeadHeightMmNotUsed=True, FinalHeightMmApplied=2100.0
2026-07-26 18:46:29.735 [DoorPreferredHostWallMatched] CandidateId=18, Rule=R3, PreferredWallId=1589147, PreferredPoint=(52724.8,46474.9,0.0), ProjectedPoint=(52724.8,46505.0,0.0), DistMm=30.1
2026-07-26 18:46:29.877 [DoorRegen] AfterTypePrepared=True
2026-07-26 18:46:29.878 [DoorTypePrepared] CandidateId=18, BaseSymbolName=900 x 2000mm, TargetWidthMm=900.0, TargetHeightMm=2100.0, FinalSymbolName=900 x 2000mm_W900_H2100, FinalSymbolId=1590499
2026-07-26 18:46:29.878 [DoorPlacement] CandidateId=18, Rule=R3, WidthSource=FamilyDefault, PlacementSource=OpeningBaseCenter, WidthMm=900.0, DeltaAlongWallMm=332.5
2026-07-26 18:46:30.037 [DoorRegen] AfterInstanceCreated=True
2026-07-26 18:46:30.039 [DoorVertical] CandidateId=18, DoorHeightMm=2100.0, DoorSillHeightMm=0.0, SillHeightApplied=False, HeadHeightApplied=False, DoorHeadHeightMm not used in current mode
2026-07-26 18:46:30.039 [DoorRegen] AfterInstanceParams=True
2026-07-26 18:46:30.039 [DoorFinalState] DoorId=1590501, CandidateId=18, HostWallId=1589147, HostIsWall=True, FinalSymbolName=900 x 2000mm_W900_H2100, FinalWidthMm=900.0, FinalHeightMm=2100.0
2026-07-26 18:46:30.039 [DoorCreate] Layer=, CandidateId=18, DoorKind=Single, CombinedWidthMm=0.0, LeftEdgePoint=, RightEdgePoint=, HostWallId=1589147, WidthSource=FamilyDefault, WidthWriteTarget=FinalTypePreResolved, OpeningWidthMm=0.0, OpeningCenter=(52724.8,46474.9,0.0), PlacementSource=OpeningBaseCenter, FinalPlacementPoint=(52724.8,46505.0,0.0), FinalWidthMmRequested=900.0, FinalWidthMmApplied=900.0, WidthWriteSuccess=True, HeightMmRequested=2100.0, DoorSillHeightMm=0.0, DoorHeadHeightMmNotUsed=True, FinalHeightMmApplied=2100.0
2026-07-26 18:46:30.053 [DoorPreferredHostWallMatched] CandidateId=19, Rule=R3, PreferredWallId=1589149, PreferredPoint=(58032.1,19514.9,0.0), ProjectedPoint=(58032.1,19560.0,0.0), DistMm=45.1
2026-07-26 18:46:30.306 [DoorRegen] AfterTypePrepared=True
2026-07-26 18:46:30.307 [DoorTypePrepared] CandidateId=19, BaseSymbolName=900 x 2000mm, TargetWidthMm=807.5, TargetHeightMm=2100.0, FinalSymbolName=900 x 2000mm_W807_H2100, FinalSymbolId=1590503
2026-07-26 18:46:30.307 [DoorPlacement] CandidateId=19, Rule=R3, WidthSource=VirtualOpening, PlacementSource=OpeningBaseCenter, WidthMm=807.5, DeltaAlongWallMm=451.3
2026-07-26 18:46:30.489 [DoorRegen] AfterInstanceCreated=True
2026-07-26 18:46:30.489 [DoorVertical] CandidateId=19, DoorHeightMm=2100.0, DoorSillHeightMm=0.0, SillHeightApplied=False, HeadHeightApplied=False, DoorHeadHeightMm not used in current mode
2026-07-26 18:46:30.489 [DoorRegen] AfterInstanceParams=True
2026-07-26 18:46:30.489 [DoorFinalState] DoorId=1590505, CandidateId=19, HostWallId=1589149, HostIsWall=True, FinalSymbolName=900 x 2000mm_W807_H2100, FinalWidthMm=807.5, FinalHeightMm=2100.0
2026-07-26 18:46:30.489 [DoorCreate] Layer=, CandidateId=19, DoorKind=Single, CombinedWidthMm=0.0, LeftEdgePoint=, RightEdgePoint=, HostWallId=1589149, WidthSource=VirtualOpening, WidthWriteTarget=FinalTypePreResolved, OpeningWidthMm=807.5, OpeningCenter=(58032.1,19514.9,0.0), PlacementSource=OpeningBaseCenter, FinalPlacementPoint=(58032.1,19560.0,0.0), FinalWidthMmRequested=807.5, FinalWidthMmApplied=807.5, WidthWriteSuccess=True, HeightMmRequested=2100.0, DoorSillHeightMm=0.0, DoorHeadHeightMmNotUsed=True, FinalHeightMmApplied=2100.0
2026-07-26 18:46:30.504 [DoorPreferredHostWallMatched] CandidateId=20, Rule=R3, PreferredWallId=1589210, PreferredPoint=(50567.3,44794.9,0.0), ProjectedPoint=(50567.3,44770.0,0.0), DistMm=24.9
2026-07-26 18:46:30.758 [DoorRegen] AfterTypePrepared=True
2026-07-26 18:46:30.758 [DoorTypePrepared] CandidateId=20, BaseSymbolName=900 x 2000mm, TargetWidthMm=850.0, TargetHeightMm=2100.0, FinalSymbolName=900 x 2000mm_W850_H2100, FinalSymbolId=1590507
2026-07-26 18:46:30.759 [DoorPlacement] CandidateId=20, Rule=R3, WidthSource=VirtualOpening, PlacementSource=OpeningBaseCenter, WidthMm=850.0, DeltaAlongWallMm=475.0
2026-07-26 18:46:30.942 [DoorRegen] AfterInstanceCreated=True
2026-07-26 18:46:30.942 [DoorVertical] CandidateId=20, DoorHeightMm=2100.0, DoorSillHeightMm=0.0, SillHeightApplied=False, HeadHeightApplied=False, DoorHeadHeightMm not used in current mode
2026-07-26 18:46:30.943 [DoorRegen] AfterInstanceParams=True
2026-07-26 18:46:30.943 [DoorFinalState] DoorId=1590509, CandidateId=20, HostWallId=1589210, HostIsWall=True, FinalSymbolName=900 x 2000mm_W850_H2100, FinalWidthMm=850.0, FinalHeightMm=2100.0
2026-07-26 18:46:30.944 [DoorCreate] Layer=, CandidateId=20, DoorKind=Single, CombinedWidthMm=0.0, LeftEdgePoint=, RightEdgePoint=, HostWallId=1589210, WidthSource=VirtualOpening, WidthWriteTarget=FinalTypePreResolved, OpeningWidthMm=850.0, OpeningCenter=(50567.3,44794.9,0.0), PlacementSource=OpeningBaseCenter, FinalPlacementPoint=(50567.3,44770.0,0.0), FinalWidthMmRequested=850.0, FinalWidthMmApplied=850.0, WidthWriteSuccess=True, HeightMmRequested=2100.0, DoorSillHeightMm=0.0, DoorHeadHeightMmNotUsed=True, FinalHeightMmApplied=2100.0
2026-07-26 18:46:30.964 [DoorPreferredHostWallMatched] CandidateId=21, Rule=R3, PreferredWallId=1589170, PreferredPoint=(58603.3,39582.4,0.0), ProjectedPoint=(58570.0,39582.4,0.0), DistMm=33.3
2026-07-26 18:46:30.964 [DoorPlacement] CandidateId=21, Rule=R3, WidthSource=VirtualOpening, PlacementSource=OpeningBaseCenter, WidthMm=765.0, DeltaAlongWallMm=427.5
2026-07-26 18:46:30.974 [DoorRegen] AfterInstanceCreated=True
2026-07-26 18:46:30.974 [DoorVertical] CandidateId=21, DoorHeightMm=2100.0, DoorSillHeightMm=0.0, SillHeightApplied=False, HeadHeightApplied=False, DoorHeadHeightMm not used in current mode
2026-07-26 18:46:30.974 [DoorRegen] AfterInstanceParams=True
2026-07-26 18:46:30.975 [DoorFinalState] DoorId=1590511, CandidateId=21, HostWallId=1589170, HostIsWall=True, FinalSymbolName=900 x 2000mm_W765_H2100, FinalWidthMm=765.0, FinalHeightMm=2100.0
2026-07-26 18:46:30.975 [DoorCreate] Layer=, CandidateId=21, DoorKind=Single, CombinedWidthMm=0.0, LeftEdgePoint=, RightEdgePoint=, HostWallId=1589170, WidthSource=VirtualOpening, WidthWriteTarget=FinalTypePreResolved, OpeningWidthMm=765.0, OpeningCenter=(58603.3,39582.4,0.0), PlacementSource=OpeningBaseCenter, FinalPlacementPoint=(58570.0,39582.4,0.0), FinalWidthMmRequested=765.0, FinalWidthMmApplied=765.0, WidthWriteSuccess=True, HeightMmRequested=2100.0, DoorSillHeightMm=0.0, DoorHeadHeightMmNotUsed=True, FinalHeightMmApplied=2100.0
2026-07-26 18:46:30.988 [DoorPreferredHostWallMatched] CandidateId=22, Rule=R3, PreferredWallId=1589148, PreferredPoint=(51699.8,46474.9,0.0), ProjectedPoint=(51699.8,46505.0,0.0), DistMm=30.1
2026-07-26 18:46:30.991 [DoorPlacement] CandidateId=22, Rule=R3, WidthSource=FamilyDefault, PlacementSource=OpeningBaseCenter, WidthMm=900.0, DeltaAlongWallMm=332.5
2026-07-26 18:46:31.000 [DoorRegen] AfterInstanceCreated=True
2026-07-26 18:46:31.000 [DoorVertical] CandidateId=22, DoorHeightMm=2100.0, DoorSillHeightMm=0.0, SillHeightApplied=False, HeadHeightApplied=False, DoorHeadHeightMm not used in current mode
2026-07-26 18:46:31.000 [DoorRegen] AfterInstanceParams=True
2026-07-26 18:46:31.001 [DoorFinalState] DoorId=1590512, CandidateId=22, HostWallId=1589148, HostIsWall=True, FinalSymbolName=900 x 2000mm_W900_H2100, FinalWidthMm=900.0, FinalHeightMm=2100.0
2026-07-26 18:46:31.001 [DoorCreate] Layer=, CandidateId=22, DoorKind=Single, CombinedWidthMm=0.0, LeftEdgePoint=, RightEdgePoint=, HostWallId=1589148, WidthSource=FamilyDefault, WidthWriteTarget=FinalTypePreResolved, OpeningWidthMm=0.0, OpeningCenter=(51699.8,46474.9,0.0), PlacementSource=OpeningBaseCenter, FinalPlacementPoint=(51699.8,46505.0,0.0), FinalWidthMmRequested=900.0, FinalWidthMmApplied=900.0, WidthWriteSuccess=True, HeightMmRequested=2100.0, DoorSillHeightMm=0.0, DoorHeadHeightMmNotUsed=True, FinalHeightMmApplied=2100.0
2026-07-26 18:46:31.014 [DoorCreateStats] Layer=ADA315_H, Created=23, Skipped=0, TrackedIds=24, TrackedAuxWalls=1, WidthOk=23, WidthFail=0, HeightOk=23, HeightFail=0
2026-07-26 18:46:31.358 [LiftGeometry] Lift=Service Lift, GeometryResolved=True, Layers=[DT001], CenterMode=XIntersection, Center=20164,33344, Dimension=5910 x 4130 x 2500 mm, DoorSize=5910 x 2300 mm, BoundaryPointCount=5
2026-07-26 18:46:31.359 [LiftGeometry] Lift=Passenger Lift, GeometryResolved=True, Layers=[DT001], CenterMode=XIntersection, Center=56401,46548, Dimension=4290 x 2840 x 2500 mm, DoorSize=4290 x 2300 mm, BoundaryPointCount=5
2026-07-26 18:46:31.363 [TargetSeed] Saved=5, LiftSaved=2, LevelId=30, TextScope=ALL_TEXTS, Keywords=[A/C, AHU, PAU], SeedLayers=[ADA040_A:5]
2026-07-26 18:46:31.405 [RowBuildFinish] RowKey=ADA315_H|L30|D1588951, Created=24
2026-07-26 18:46:31.417 [TrackingSave] Rows=5, UpdatedAtUtc=2026-07-26T10:46:31.4172699Z
2026-07-26 18:46:31.425 [RoutePlannerSession] MarkDirty reason=CAD layer sync changed generated elements.
2026-07-26 18:46:31.428 [BatchResult] Sync finished. DeletedRows=0, DeletedElements=0, CreatedRows=5, RebuiltRows=0, SkippedRows=0, CreatedElements=644, Errors=0, ElapsedMs=13052
